venue,venueLabel,category,property,propertyLabel,value,unitLabel,sitelinks,dateCreated,dateModified
http://www.wikidata.org/entity/Q332219,Helsinki Olympic Stadium,Sports,http://www.wikidata.org/prop/direct/P1083,http://www.wikidata.org/prop/direct/P1083,42062,1,43,,2024-09-11T14:33:19Z
http://www.wikidata.org/entity/Q62552,Orlen Arena,Sports,http://www.wikidata.org/prop/direct/P1083,http://www.wikidata.org/prop/direct/P1083,5381,1,9,,2024-06-12T18:39:36Z
http://www.wikidata.org/entity/Q219462,Stade Océane,Sports,http://www.wikidata.org/prop/direct/P1083,http://www.wikidata.org/prop/direct/P1083,33000,1,23,,2024-06-26T12:35:05Z
http://www.wikidata.org/entity/Q201307,Independence Stadium,Sports,http://www.wikidata.org/prop/direct/P1083,http://www.wikidata.org/prop/direct/P1083,30000,1,10,,2023-05-30T07:56:42Z
http://www.wikidata.org/entity/Q93831,ARCO Arena,Sports,http://www.wikidata.org/prop/direct/P1083,http://www.wikidata.org/prop/direct/P1083,16517,1,20,,2023-11-06T13:48:01Z
http://www.wikidata.org/entity/Q497095,Tancheon Sports Complex,Sports,http://www.wikidata.org/prop/direct/P1083,http://www.wikidata.org/prop/direct/P1083,16250,1,10,,2023-05-27T17:28:57Z
http://www.wikidata.org/entity/Q336088,Estádio Nacional de Brasília,Sports,http://www.wikidata.org/prop/direct/P1083,http://www.wikidata.org/prop/direct/P1083,69910,1,51,,2024-09-12T19:10:15Z
http://www.wikidata.org/entity/Q493801,Changwon Football Center,Sports,http://www.wikidata.org/prop/direct/P1083,http://www.wikidata.org/prop/direct/P1083,15500,1,10,,2022-11-10T09:17:31Z
http://www.wikidata.org/entity/Q1132986,Stade de la Paix,Sports,http://www.wikidata.org/prop/direct/P1083,http://www.wikidata.org/prop/direct/P1083,25000,1,17,,2024-02-19T12:42:21Z
http://www.wikidata.org/entity/Q383557,Memorial Stadium,Sports,http://www.wikidata.org/prop/direct/P1083,http://www.wikidata.org/prop/direct/P1083,87091,1,7,,2024-09-02T14:25:29Z
http://www.wikidata.org/entity/Q367126,PalaDozza,Sports,http://www.wikidata.org/prop/direct/P1083,http://www.wikidata.org/prop/direct/P1083,5570,1,6,,2023-12-19T09:38:32Z
http://www.wikidata.org/entity/Q124769,Cuauhtémoc Stadiums,Sports,http://www.wikidata.org/prop/direct/P1083,http://www.wikidata.org/prop/direct/P1083,47417,1,20,,2023-12-31T06:41:38Z
http://www.wikidata.org/entity/Q385205,Arena Stožice,Sports,http://www.wikidata.org/prop/direct/P1083,http://www.wikidata.org/prop/direct/P1083,12500,1,20,,2024-11-17T22:41:44Z
http://www.wikidata.org/entity/Q1141343,Raymond James Stadium,Sports,http://www.wikidata.org/prop/direct/P1083,http://www.wikidata.org/prop/direct/P1083,65890,1,27,,2024-10-12T15:34:55Z
http://www.wikidata.org/entity/Q1139489,Northlands Coliseum,Sports,http://www.wikidata.org/prop/direct/P1083,http://www.wikidata.org/prop/direct/P1083,16839,1,23,,2024-02-01T06:59:28Z
http://www.wikidata.org/entity/Q155174,Maracanã Stadium,Sports,http://www.wikidata.org/prop/direct/P1083,http://www.wikidata.org/prop/direct/P1083,78838,1,84,,2024-09-29T14:59:16Z
http://www.wikidata.org/entity/Q424961,Hamad bin Khalifa Stadium,Sports,http://www.wikidata.org/prop/direct/P1083,http://www.wikidata.org/prop/direct/P1083,20000,1,18,,2024-04-30T11:43:27Z
http://www.wikidata.org/entity/Q168579,Joe Louis Arena,Sports,http://www.wikidata.org/prop/direct/P1083,http://www.wikidata.org/prop/direct/P1083,19275,1,25,,2024-08-19T12:26:18Z
http://www.wikidata.org/entity/Q219462,Stade Océane,Sports,http://www.wikidata.org/prop/direct/P1083,http://www.wikidata.org/prop/direct/P1083,25178,1,23,,2024-06-26T12:35:05Z
http://www.wikidata.org/entity/Q486192,ZOZO Marine Stadium,Sports,http://www.wikidata.org/prop/direct/P1083,http://www.wikidata.org/prop/direct/P1083,30000,1,13,,2024-11-18T12:29:37Z
http://www.wikidata.org/entity/Q371585,Caja Mágica,Sports,http://www.wikidata.org/prop/direct/P1083,http://www.wikidata.org/prop/direct/P1083,12442,1,20,,2024-11-15T16:36:11Z
http://www.wikidata.org/entity/Q189921,David Abashidze Stadium,Sports,http://www.wikidata.org/prop/direct/P1083,http://www.wikidata.org/prop/direct/P1083,4558,1,7,,2021-04-26T03:07:08Z
http://www.wikidata.org/entity/Q1325234,Estadi de Sarrià,Sports,http://www.wikidata.org/prop/direct/P1083,http://www.wikidata.org/prop/direct/P1083,43667,1,27,,2024-09-30T18:55:44Z
http://www.wikidata.org/entity/Q297924,Örjans Vall,Sports,http://www.wikidata.org/prop/direct/P1083,http://www.wikidata.org/prop/direct/P1083,15500,1,24,,2023-04-03T16:50:14Z
http://www.wikidata.org/entity/Q489704,Daejeon Hanbat Baseball Stadium,Sports,http://www.wikidata.org/prop/direct/P1083,http://www.wikidata.org/prop/direct/P1083,13000,1,8,,2023-10-29T16:09:58Z
http://www.wikidata.org/entity/Q1124949,Karen Demirchyan Complex,Sports,http://www.wikidata.org/prop/direct/P1083,http://www.wikidata.org/prop/direct/P1083,8008,1,21,,2024-08-19T13:50:07Z
http://www.wikidata.org/entity/Q136412,CSKA Ice Palace,Sports,http://www.wikidata.org/prop/direct/P1083,http://www.wikidata.org/prop/direct/P1083,5600,1,13,,2024-11-23T04:04:38Z
http://www.wikidata.org/entity/Q379306,Vivaldão,Sports,http://www.wikidata.org/prop/direct/P1083,http://www.wikidata.org/prop/direct/P1083,46000,1,9,,2024-04-25T11:13:22Z
http://www.wikidata.org/entity/Q402599,Bilbao Arena,Sports,http://www.wikidata.org/prop/direct/P1083,http://www.wikidata.org/prop/direct/P1083,10014,1,18,,2024-10-13T11:02:31Z
http://www.wikidata.org/entity/Q490616,Jamsil Baseball Stadium,Sports,http://www.wikidata.org/prop/direct/P1083,http://www.wikidata.org/prop/direct/P1083,30265,1,11,,2023-09-25T15:11:31Z
http://www.wikidata.org/entity/Q489909,Sajik Baseball Stadium,Sports,http://www.wikidata.org/prop/direct/P1083,http://www.wikidata.org/prop/direct/P1083,30543,1,8,,2023-10-29T16:03:22Z
http://www.wikidata.org/entity/Q82294,Delta Center,Sports,http://www.wikidata.org/prop/direct/P1083,http://www.wikidata.org/prop/direct/P1083,19911,1,27,,2024-08-25T20:45:22Z
http://www.wikidata.org/entity/Q1347442,Moda Center,Sports,http://www.wikidata.org/prop/direct/P1083,http://www.wikidata.org/prop/direct/P1083,19980,1,29,,2024-09-21T08:35:34Z
http://www.wikidata.org/entity/Q1121555,Guillermo Prospero Trinidad Stadium,Sports,http://www.wikidata.org/prop/direct/P1083,http://www.wikidata.org/prop/direct/P1083,5500,1,15,,2024-03-04T19:58:51Z
http://www.wikidata.org/entity/Q115970,Arena Garibaldi – Stadio Romeo Anconetani,Sports,http://www.wikidata.org/prop/direct/P1083,http://www.wikidata.org/prop/direct/P1083,25000,1,11,,2024-02-06T07:23:44Z
http://www.wikidata.org/entity/Q387213,Stade Raymond Kopa,Sports,http://www.wikidata.org/prop/direct/P1083,http://www.wikidata.org/prop/direct/P1083,18000,1,19,,2023-12-08T10:31:37Z
http://www.wikidata.org/entity/Q1323781,El-Kanemi Stadium,Sports,http://www.wikidata.org/prop/direct/P1083,http://www.wikidata.org/prop/direct/P1083,10000,1,7,,2024-11-23T23:08:12Z
http://www.wikidata.org/entity/Q123017,Carrow Road,Sports,http://www.wikidata.org/prop/direct/P1083,http://www.wikidata.org/prop/direct/P1083,27244,1,41,,2024-07-09T11:46:54Z
http://www.wikidata.org/entity/Q431552,Meneng Stadium,Sports,http://www.wikidata.org/prop/direct/P1083,http://www.wikidata.org/prop/direct/P1083,3500,1,9,,2023-05-30T18:40:19Z
http://www.wikidata.org/entity/Q199359,Camping World Stadium,Sports,http://www.wikidata.org/prop/direct/P1083,http://www.wikidata.org/prop/direct/P1083,65438,1,24,,2024-07-18T19:52:52Z
http://www.wikidata.org/entity/Q1305305,Håkons Hall,Sports,http://www.wikidata.org/prop/direct/P1083,http://www.wikidata.org/prop/direct/P1083,11500,1,14,,2024-06-08T09:27:31Z
http://www.wikidata.org/entity/Q32969,Skonto Hall,Sports,http://www.wikidata.org/prop/direct/P1083,http://www.wikidata.org/prop/direct/P1083,6500,1,21,,2022-05-23T02:31:15Z
http://www.wikidata.org/entity/Q576502,Főnix Aréna,Sports,http://www.wikidata.org/prop/direct/P1083,http://www.wikidata.org/prop/direct/P1083,8500,1,8,,2024-10-29T10:02:53Z
http://www.wikidata.org/entity/Q2420704,Icahn Stadium,Sports,http://www.wikidata.org/prop/direct/P1083,http://www.wikidata.org/prop/direct/P1083,5000,1,7,,2024-07-25T23:07:01Z
http://www.wikidata.org/entity/Q549018,Stadionul Municipal,Sports,http://www.wikidata.org/prop/direct/P1083,http://www.wikidata.org/prop/direct/P1083,9240,1,7,,2024-05-06T06:52:43Z
http://www.wikidata.org/entity/Q3623321,Gradski Stadium,Sports,http://www.wikidata.org/prop/direct/P1083,http://www.wikidata.org/prop/direct/P1083,19960,1,8,,2024-01-13T05:42:00Z
http://www.wikidata.org/entity/Q529712,Ifjabb Ocskay Gábor Ice Hall,Sports,http://www.wikidata.org/prop/direct/P1083,http://www.wikidata.org/prop/direct/P1083,3500,1,7,,2023-05-31T11:25:12Z
http://www.wikidata.org/entity/Q3557958,Viejas Arena,Sports,http://www.wikidata.org/prop/direct/P1083,http://www.wikidata.org/prop/direct/P1083,12414,1,9,,2024-05-15T23:58:13Z
http://www.wikidata.org/entity/Q3622944,Ogosta Stadium,Sports,http://www.wikidata.org/prop/direct/P1083,http://www.wikidata.org/prop/direct/P1083,8000,1,7,,2024-01-09T12:13:59Z
http://www.wikidata.org/entity/Q1142586,Ford Field,Sports,http://www.wikidata.org/prop/direct/P1083,http://www.wikidata.org/prop/direct/P1083,70000,1,30,,2024-04-26T15:40:30Z
http://www.wikidata.org/entity/Q1142586,Ford Field,Sports,http://www.wikidata.org/prop/direct/P1083,http://www.wikidata.org/prop/direct/P1083,65000,1,30,,2024-04-26T15:40:30Z
http://www.wikidata.org/entity/Q593076,Rođeni Stadium,Sports,http://www.wikidata.org/prop/direct/P1083,http://www.wikidata.org/prop/direct/P1083,7000,1,12,,2024-02-08T11:08:51Z
http://www.wikidata.org/entity/Q517545,Nationals Park,Sports,http://www.wikidata.org/prop/direct/P1083,http://www.wikidata.org/prop/direct/P1083,41418,1,23,,2024-09-17T06:55:49Z
http://www.wikidata.org/entity/Q606803,Arena da Baixada,Sports,http://www.wikidata.org/prop/direct/P1083,http://www.wikidata.org/prop/direct/P1083,28413,1,43,,2024-09-20T05:23:03Z
http://www.wikidata.org/entity/Q3625090,Hristo Botev Stadium,Sports,http://www.wikidata.org/prop/direct/P1083,http://www.wikidata.org/prop/direct/P1083,7500,1,9,,2024-10-19T11:06:04Z
http://www.wikidata.org/entity/Q1570192,Čair Sports Center,Sports,http://www.wikidata.org/prop/direct/P1083,http://www.wikidata.org/prop/direct/P1083,5000,1,13,,2024-11-01T18:40:40Z
http://www.wikidata.org/entity/Q1362211,Arena Cidade da Copa,Sports,http://www.wikidata.org/prop/direct/P1083,http://www.wikidata.org/prop/direct/P1083,45440,1,42,,2024-04-25T19:00:45Z
http://www.wikidata.org/entity/Q517545,Nationals Park,Sports,http://www.wikidata.org/prop/direct/P1083,http://www.wikidata.org/prop/direct/P1083,41888,1,23,,2024-09-17T06:55:49Z
http://www.wikidata.org/entity/Q2408913,Estadio Víctor Agustín Ugarte,Sports,http://www.wikidata.org/prop/direct/P1083,http://www.wikidata.org/prop/direct/P1083,32000,1,9,,2024-08-03T23:37:19Z
http://www.wikidata.org/entity/Q1388701,Pitbull Stadium,Sports,http://www.wikidata.org/prop/direct/P1083,http://www.wikidata.org/prop/direct/P1083,20000,1,13,,2024-10-28T22:53:35Z
http://www.wikidata.org/entity/Q3544993,Stadionul Tudor Vladimirescu,Sports,http://www.wikidata.org/prop/direct/P1083,http://www.wikidata.org/prop/direct/P1083,9200,1,6,,2023-05-31T08:55:27Z
http://www.wikidata.org/entity/Q1369675,Estádio do Fontelo,Sports,http://www.wikidata.org/prop/direct/P1083,http://www.wikidata.org/prop/direct/P1083,12000,1,6,,2024-04-16T08:20:29Z
http://www.wikidata.org/entity/Q1579227,Adrar Stadium,Sports,http://www.wikidata.org/prop/direct/P1083,http://www.wikidata.org/prop/direct/P1083,42000,1,21,,2024-09-29T16:37:21Z
http://www.wikidata.org/entity/Q1587879,Harvard Stadium,Sports,http://www.wikidata.org/prop/direct/P1083,http://www.wikidata.org/prop/direct/P1083,30323,1,12,,2024-11-16T21:01:19Z
http://www.wikidata.org/entity/Q1640118,Michigan Stadium,Sports,http://www.wikidata.org/prop/direct/P1083,http://www.wikidata.org/prop/direct/P1083,82000,1,26,,2024-10-01T20:07:38Z
http://www.wikidata.org/entity/Q1165024,Winnipeg Arena,Sports,http://www.wikidata.org/prop/direct/P1083,http://www.wikidata.org/prop/direct/P1083,10100,1,6,,2024-05-22T23:12:11Z
http://www.wikidata.org/entity/Q3545125,Fazisi Stadium,Sports,http://www.wikidata.org/prop/direct/P1083,http://www.wikidata.org/prop/direct/P1083,6000,1,7,,2024-05-18T11:08:22Z
http://www.wikidata.org/entity/Q1640118,Michigan Stadium,Sports,http://www.wikidata.org/prop/direct/P1083,http://www.wikidata.org/prop/direct/P1083,107601,1,26,,2024-10-01T20:07:38Z
http://www.wikidata.org/entity/Q2289928,Sir John Guise Stadium,Sports,http://www.wikidata.org/prop/direct/P1083,http://www.wikidata.org/prop/direct/P1083,5000,1,8,,2024-06-23T04:47:22Z
http://www.wikidata.org/entity/Q1147565,Stade du Pays de Charleroi,Sports,http://www.wikidata.org/prop/direct/P1083,http://www.wikidata.org/prop/direct/P1083,14891,1,24,,2024-09-25T12:37:47Z
http://www.wikidata.org/entity/Q2306600,No. 1 Court,Sports,http://www.wikidata.org/prop/direct/P1083,http://www.wikidata.org/prop/direct/P1083,11430,1,10,,2024-07-09T12:19:10Z
http://www.wikidata.org/entity/Q1570942,Tacoma Dome,Sports,http://www.wikidata.org/prop/direct/P1083,http://www.wikidata.org/prop/direct/P1083,5000,1,9,,2024-09-29T15:20:58Z
http://www.wikidata.org/entity/Q1594708,Tiger Stadium,Sports,http://www.wikidata.org/prop/direct/P1083,http://www.wikidata.org/prop/direct/P1083,102321,1,11,,2024-11-24T10:17:30Z
http://www.wikidata.org/entity/Q1613767,Kenilworth Road,Sports,http://www.wikidata.org/prop/direct/P1083,http://www.wikidata.org/prop/direct/P1083,10356,1,22,,2024-08-15T11:16:54Z
http://www.wikidata.org/entity/Q598070,Alumni Stadium,Sports,http://www.wikidata.org/prop/direct/P1083,http://www.wikidata.org/prop/direct/P1083,44500,1,6,,2024-11-15T09:30:15Z
http://www.wikidata.org/entity/Q1347442,Moda Center,Sports,http://www.wikidata.org/prop/direct/P1083,http://www.wikidata.org/prop/direct/P1083,20636,1,29,,2024-09-21T08:35:34Z
http://www.wikidata.org/entity/Q612736,Lumen Field,Sports,http://www.wikidata.org/prop/direct/P1083,http://www.wikidata.org/prop/direct/P1083,67000,1,35,,2024-09-29T14:04:01Z
http://www.wikidata.org/entity/Q612736,Lumen Field,Sports,http://www.wikidata.org/prop/direct/P1083,http://www.wikidata.org/prop/direct/P1083,72000,1,35,,2024-09-29T14:04:01Z
http://www.wikidata.org/entity/Q1396145,Stade Louis Dugauguez,Sports,http://www.wikidata.org/prop/direct/P1083,http://www.wikidata.org/prop/direct/P1083,23189,1,9,,2024-05-19T18:02:55Z
http://www.wikidata.org/entity/Q1560950,Raoul Illidge Sports Complex,Sports,http://www.wikidata.org/prop/direct/P1083,http://www.wikidata.org/prop/direct/P1083,3000,1,7,,2023-12-27T22:42:58Z
http://www.wikidata.org/entity/Q2390029,Avanhard Stadium,Sports,http://www.wikidata.org/prop/direct/P1083,http://www.wikidata.org/prop/direct/P1083,12080,1,11,,2023-05-30T07:40:26Z
http://www.wikidata.org/entity/Q2279580,Edmond Machtens Stadium,Sports,http://www.wikidata.org/prop/direct/P1083,http://www.wikidata.org/prop/direct/P1083,11000,1,9,,2024-07-28T15:12:33Z
http://www.wikidata.org/entity/Q1370705,Estádio Parque do Sabiá,Sports,http://www.wikidata.org/prop/direct/P1083,http://www.wikidata.org/prop/direct/P1083,53350,1,11,,2023-05-30T17:46:57Z
http://www.wikidata.org/entity/Q1432517,Stade Francis-Le Blé,Sports,http://www.wikidata.org/prop/direct/P1083,http://www.wikidata.org/prop/direct/P1083,15097,1,18,,2024-05-20T06:26:57Z
http://www.wikidata.org/entity/Q1432517,Stade Francis-Le Blé,Sports,http://www.wikidata.org/prop/direct/P1083,http://www.wikidata.org/prop/direct/P1083,15305,1,18,,2024-05-20T06:26:57Z
http://www.wikidata.org/entity/Q1190837,Markaziy Stadium,Sports,http://www.wikidata.org/prop/direct/P1083,http://www.wikidata.org/prop/direct/P1083,9000,1,8,,2024-07-22T09:23:23Z
http://www.wikidata.org/entity/Q1398213,Fatorda Stadium,Sports,http://www.wikidata.org/prop/direct/P1083,http://www.wikidata.org/prop/direct/P1083,19000,1,19,,2024-02-24T18:52:15Z
http://www.wikidata.org/entity/Q2697083,Estadio Nuevo Lasesarre,Sports,http://www.wikidata.org/prop/direct/P1083,http://www.wikidata.org/prop/direct/P1083,7960,1,9,,2022-12-10T20:48:40Z
http://www.wikidata.org/entity/Q1777875,Kobe Universiade Memorial Stadium,Sports,http://www.wikidata.org/prop/direct/P1083,http://www.wikidata.org/prop/direct/P1083,45000,1,15,,2024-10-18T08:31:42Z
http://www.wikidata.org/entity/Q666984,Hallenstadion,Sports,http://www.wikidata.org/prop/direct/P1083,http://www.wikidata.org/prop/direct/P1083,11200,1,18,,2024-09-29T13:41:03Z
http://www.wikidata.org/entity/Q668606,Stade Olympique de la Pontaise,Sports,http://www.wikidata.org/prop/direct/P1083,http://www.wikidata.org/prop/direct/P1083,50000,1,21,,2024-09-16T08:41:57Z
http://www.wikidata.org/entity/Q2586520,Estádio de São Luís,Sports,http://www.wikidata.org/prop/direct/P1083,http://www.wikidata.org/prop/direct/P1083,7000,1,9,,2024-09-01T22:54:09Z
http://www.wikidata.org/entity/Q1867553,Lockhart Stadium,Sports,http://www.wikidata.org/prop/direct/P1083,http://www.wikidata.org/prop/direct/P1083,20450,1,16,,2023-11-07T18:56:23Z
http://www.wikidata.org/entity/Q5095075,Chi Lang Stadium,Sports,http://www.wikidata.org/prop/direct/P1083,http://www.wikidata.org/prop/direct/P1083,28000,1,10,,2023-05-30T21:08:33Z
http://www.wikidata.org/entity/Q627087,Borås Arena,Sports,http://www.wikidata.org/prop/direct/P1083,http://www.wikidata.org/prop/direct/P1083,16200,1,21,,2024-07-20T13:30:50Z
http://www.wikidata.org/entity/Q4155926,Sports palace Jekaterinburg,Sports,http://www.wikidata.org/prop/direct/P1083,http://www.wikidata.org/prop/direct/P1083,5000,1,6,,2024-09-28T18:17:37Z
http://www.wikidata.org/entity/Q1886406,Makomanai Ice Arena,Sports,http://www.wikidata.org/prop/direct/P1083,http://www.wikidata.org/prop/direct/P1083,10770,1,7,,2023-07-31T19:36:16Z
http://www.wikidata.org/entity/Q1780359,NP3 Arena,Sports,http://www.wikidata.org/prop/direct/P1083,http://www.wikidata.org/prop/direct/P1083,8500,1,14,,2024-04-15T09:09:23Z
http://www.wikidata.org/entity/Q1857419,Rice Stadium,Sports,http://www.wikidata.org/prop/direct/P1083,http://www.wikidata.org/prop/direct/P1083,47000,1,9,,2024-01-14T07:22:07Z
http://www.wikidata.org/entity/Q1776696,Frogner stadion,Sports,http://www.wikidata.org/prop/direct/P1083,http://www.wikidata.org/prop/direct/P1083,4200,1,8,,2023-05-16T19:29:21Z
http://www.wikidata.org/entity/Q641841,Haberfeld Stadium,Sports,http://www.wikidata.org/prop/direct/P1083,http://www.wikidata.org/prop/direct/P1083,6000,1,7,,2024-08-05T14:33:03Z
http://www.wikidata.org/entity/Q656063,Friedrich-Ludwig-Jahn-Sportpark,Sports,http://www.wikidata.org/prop/direct/P1083,http://www.wikidata.org/prop/direct/P1083,19708,1,16,,2024-07-01T03:39:13Z
http://www.wikidata.org/entity/Q2701834,Tele2 Arena,Sports,http://www.wikidata.org/prop/direct/P1083,http://www.wikidata.org/prop/direct/P1083,30001,1,30,,2024-09-18T13:12:43Z
http://www.wikidata.org/entity/Q1479839,Yakubu Gowon Stadium,Sports,http://www.wikidata.org/prop/direct/P1083,http://www.wikidata.org/prop/direct/P1083,25000,1,10,,2024-04-01T14:51:12Z
http://www.wikidata.org/entity/Q2527041,Keflavíkurvöllur,Sports,http://www.wikidata.org/prop/direct/P1083,http://www.wikidata.org/prop/direct/P1083,4000,1,6,,2021-08-13T19:53:37Z
http://www.wikidata.org/entity/Q642557,Hillsborough Stadium,Sports,http://www.wikidata.org/prop/direct/P1083,http://www.wikidata.org/prop/direct/P1083,39732,1,41,,2024-11-04T12:12:26Z
http://www.wikidata.org/entity/Q4347326,Estádio Louis Ensch,Sports,http://www.wikidata.org/prop/direct/P1083,http://www.wikidata.org/prop/direct/P1083,1900,1,6,,2020-10-28T04:05:01Z
http://www.wikidata.org/entity/Q2661398,Kadir Has Spor Salonu,Sports,http://www.wikidata.org/prop/direct/P1083,http://www.wikidata.org/prop/direct/P1083,7200,1,9,,2022-06-16T21:32:21Z
http://www.wikidata.org/entity/Q1817188,Hàng Đẫy Stadium,Sports,http://www.wikidata.org/prop/direct/P1083,http://www.wikidata.org/prop/direct/P1083,22000,1,16,,2023-11-03T20:21:01Z
http://www.wikidata.org/entity/Q3104089,Hertz Arena,Sports,http://www.wikidata.org/prop/direct/P1083,http://www.wikidata.org/prop/direct/P1083,8284,1,7,,2024-08-21T16:31:57Z
http://www.wikidata.org/entity/Q768500,Wentworth Park,Sports,http://www.wikidata.org/prop/direct/P1083,http://www.wikidata.org/prop/direct/P1083,10000,1,6,,2024-04-22T13:41:51Z
http://www.wikidata.org/entity/Q644431,Palais des Sports Pierre Mendès France,Sports,http://www.wikidata.org/prop/direct/P1083,http://www.wikidata.org/prop/direct/P1083,12000,1,10,,2024-09-01T06:20:14Z
http://www.wikidata.org/entity/Q2570435,Stade Aimé Giral,Sports,http://www.wikidata.org/prop/direct/P1083,http://www.wikidata.org/prop/direct/P1083,16593,1,8,,2024-07-24T23:53:47Z
http://www.wikidata.org/entity/Q1557921,Galolhu National Stadium,Sports,http://www.wikidata.org/prop/direct/P1083,http://www.wikidata.org/prop/direct/P1083,13000,1,16,,2024-02-13T22:42:36Z
http://www.wikidata.org/entity/Q638087,Olympia,Sports,http://www.wikidata.org/prop/direct/P1083,http://www.wikidata.org/prop/direct/P1083,16000,1,24,,2024-07-09T07:57:02Z
http://www.wikidata.org/entity/Q3041048,Stade Omnisports Idriss Mahamat Ouya,Sports,http://www.wikidata.org/prop/direct/P1083,http://www.wikidata.org/prop/direct/P1083,20000,1,11,,2021-02-19T05:17:12Z
http://www.wikidata.org/entity/Q4265835,Lokomotiv Stadium,Sports,http://www.wikidata.org/prop/direct/P1083,http://www.wikidata.org/prop/direct/P1083,15000,1,6,,2024-05-14T07:26:05Z
http://www.wikidata.org/entity/Q3661678,Casement Park,Sports,http://www.wikidata.org/prop/direct/P1083,http://www.wikidata.org/prop/direct/P1083,32600,1,10,,2024-07-22T07:23:14Z
http://www.wikidata.org/entity/Q3647691,Sochi Central Stadium,Sports,http://www.wikidata.org/prop/direct/P1083,http://www.wikidata.org/prop/direct/P1083,10200,1,6,,2024-10-03T20:40:57Z
http://www.wikidata.org/entity/Q1500139,SPC Vojvodina,Sports,http://www.wikidata.org/prop/direct/P1083,http://www.wikidata.org/prop/direct/P1083,11500,1,14,,2024-09-30T11:52:19Z
http://www.wikidata.org/entity/Q1460236,Stade Jean Dauger,Sports,http://www.wikidata.org/prop/direct/P1083,http://www.wikidata.org/prop/direct/P1083,16934,1,9,,2024-09-30T18:55:49Z
http://www.wikidata.org/entity/Q4205960,Göransson Arena,Sports,http://www.wikidata.org/prop/direct/P1083,http://www.wikidata.org/prop/direct/P1083,4000,1,7,,2023-10-19T04:47:35Z
http://www.wikidata.org/entity/Q757535,Ato Boldon Stadium,Sports,http://www.wikidata.org/prop/direct/P1083,http://www.wikidata.org/prop/direct/P1083,10000,1,9,,2023-07-17T13:30:18Z
http://www.wikidata.org/entity/Q1508970,Sportforum Chemnitz,Sports,http://www.wikidata.org/prop/direct/P1083,http://www.wikidata.org/prop/direct/P1083,60000,1,6,,2023-05-31T12:38:41Z
http://www.wikidata.org/entity/Q1823029,Obafemi Awolowo Stadium,Sports,http://www.wikidata.org/prop/direct/P1083,http://www.wikidata.org/prop/direct/P1083,25000,1,10,,2023-12-20T18:22:56Z
http://www.wikidata.org/entity/Q4120509,Al Muharraq Stadium,Sports,http://www.wikidata.org/prop/direct/P1083,http://www.wikidata.org/prop/direct/P1083,20000,1,9,,2021-11-10T01:22:42Z
http://www.wikidata.org/entity/Q639975,United Center,Sports,http://www.wikidata.org/prop/direct/P1083,http://www.wikidata.org/prop/direct/P1083,23500,1,40,,2024-04-22T13:33:48Z
http://www.wikidata.org/entity/Q1777436,Kristiansand Stadion,Sports,http://www.wikidata.org/prop/direct/P1083,http://www.wikidata.org/prop/direct/P1083,16600,1,6,,2024-03-28T22:38:04Z
http://www.wikidata.org/entity/Q3661717,Hall of the Legions,Sports,http://www.wikidata.org/prop/direct/P1083,http://www.wikidata.org/prop/direct/P1083,4200,1,6,,2022-12-30T15:40:04Z
http://www.wikidata.org/entity/Q4347027,Estádio da Serrinha,Sports,http://www.wikidata.org/prop/direct/P1083,http://www.wikidata.org/prop/direct/P1083,6403,1,10,,2024-03-02T19:20:39Z
http://www.wikidata.org/entity/Q3655473,SKA SKVO Stadium,Sports,http://www.wikidata.org/prop/direct/P1083,http://www.wikidata.org/prop/direct/P1083,2402,1,12,,2024-09-25T06:42:46Z
http://www.wikidata.org/entity/Q4120542,Trelawny Stadium,Sports,http://www.wikidata.org/prop/direct/P1083,http://www.wikidata.org/prop/direct/P1083,25000,1,8,,2022-10-24T13:07:38Z
http://www.wikidata.org/entity/Q1489399,Hy-Vee Arena,Sports,http://www.wikidata.org/prop/direct/P1083,http://www.wikidata.org/prop/direct/P1083,19500,1,10,,2024-01-24T21:15:34Z
http://www.wikidata.org/entity/Q5358067,Tahnoun bin Mohammed Stadium,Sports,http://www.wikidata.org/prop/direct/P1083,http://www.wikidata.org/prop/direct/P1083,15187,1,13,,2024-02-26T18:05:36Z
http://www.wikidata.org/entity/Q5521343,Ganja City Stadium,Sports,http://www.wikidata.org/prop/direct/P1083,http://www.wikidata.org/prop/direct/P1083,25000,1,17,,2024-06-03T23:42:36Z
http://www.wikidata.org/entity/Q5517771,Galabank,Sports,http://www.wikidata.org/prop/direct/P1083,http://www.wikidata.org/prop/direct/P1083,2514,1,6,,2024-07-08T20:17:54Z
http://www.wikidata.org/entity/Q3495740,Estadio Mario Camposeco,Sports,http://www.wikidata.org/prop/direct/P1083,http://www.wikidata.org/prop/direct/P1083,11220,1,9,,2023-11-27T23:31:27Z
http://www.wikidata.org/entity/Q2759057,Sydney Olympic Park Tennis Centre,Sports,http://www.wikidata.org/prop/direct/P1083,http://www.wikidata.org/prop/direct/P1083,10000,1,11,,2024-02-12T03:27:14Z
http://www.wikidata.org/entity/Q3198970,Korketrekkeren,Sports,http://www.wikidata.org/prop/direct/P1083,http://www.wikidata.org/prop/direct/P1083,15000,1,6,,2022-01-05T08:58:28Z
http://www.wikidata.org/entity/Q2895248,Unipol Arena,Sports,http://www.wikidata.org/prop/direct/P1083,http://www.wikidata.org/prop/direct/P1083,11000,1,12,,2024-05-25T10:37:42Z
http://www.wikidata.org/entity/Q951281,Norman Broaster Stadium,Sports,http://www.wikidata.org/prop/direct/P1083,http://www.wikidata.org/prop/direct/P1083,2000,1,6,,2023-05-30T14:10:50Z
http://www.wikidata.org/entity/Q2912214,Malha Arena,Sports,http://www.wikidata.org/prop/direct/P1083,http://www.wikidata.org/prop/direct/P1083,3000,1,6,,2024-10-14T07:25:34Z
http://www.wikidata.org/entity/Q2742223,Hala Arena,Sports,http://www.wikidata.org/prop/direct/P1083,http://www.wikidata.org/prop/direct/P1083,6200,1,11,,2023-05-30T20:56:10Z
http://www.wikidata.org/entity/Q2838677,Estadio Insular,Sports,http://www.wikidata.org/prop/direct/P1083,http://www.wikidata.org/prop/direct/P1083,21000,1,9,,2023-12-01T11:08:15Z
http://www.wikidata.org/entity/Q3495838,Stade Robert Bobin,Sports,http://www.wikidata.org/prop/direct/P1083,http://www.wikidata.org/prop/direct/P1083,18850,1,9,,2024-07-10T09:42:54Z
http://www.wikidata.org/entity/Q698429,Arosvallen,Sports,http://www.wikidata.org/prop/direct/P1083,http://www.wikidata.org/prop/direct/P1083,10000,1,19,,2023-10-25T04:51:51Z
http://www.wikidata.org/entity/Q2833210,Alexander Stadium,Sports,http://www.wikidata.org/prop/direct/P1083,http://www.wikidata.org/prop/direct/P1083,12700,1,14,,2024-11-06T15:00:27Z
http://www.wikidata.org/entity/Q840852,Chulalongkorn University Stadium,Sports,http://www.wikidata.org/prop/direct/P1083,http://www.wikidata.org/prop/direct/P1083,20000,1,7,,2024-02-12T20:25:22Z
http://www.wikidata.org/entity/Q3120014,Gradski stadion,Sports,http://www.wikidata.org/prop/direct/P1083,http://www.wikidata.org/prop/direct/P1083,5214,1,9,,2024-09-07T16:13:23Z
http://www.wikidata.org/entity/Q671073,Cornèr Arena,Sports,http://www.wikidata.org/prop/direct/P1083,http://www.wikidata.org/prop/direct/P1083,8000,1,6,,2023-08-04T19:13:04Z
http://www.wikidata.org/entity/Q937895,Steel Aréna,Sports,http://www.wikidata.org/prop/direct/P1083,http://www.wikidata.org/prop/direct/P1083,8378,1,21,,2024-10-16T23:46:15Z
http://www.wikidata.org/entity/Q2164621,Spartan Stadium,Sports,http://www.wikidata.org/prop/direct/P1083,http://www.wikidata.org/prop/direct/P1083,14000,1,6,,2022-10-14T00:39:07Z
http://www.wikidata.org/entity/Q3495549,Estadio Carlos Salazar Hijo,Sports,http://www.wikidata.org/prop/direct/P1083,http://www.wikidata.org/prop/direct/P1083,10000,1,6,,2023-11-27T23:33:09Z
http://www.wikidata.org/entity/Q3263913,Small Sports Arena Luzhniki,Sports,http://www.wikidata.org/prop/direct/P1083,http://www.wikidata.org/prop/direct/P1083,8512,1,7,,2024-10-09T10:49:08Z
http://www.wikidata.org/entity/Q697170,Tianmu Baseball Stadium,Sports,http://www.wikidata.org/prop/direct/P1083,http://www.wikidata.org/prop/direct/P1083,10500,1,6,,2024-11-18T07:44:57Z
http://www.wikidata.org/entity/Q695879,La Rosaleda Stadium,Sports,http://www.wikidata.org/prop/direct/P1083,http://www.wikidata.org/prop/direct/P1083,30044,1,35,,2024-07-19T10:06:39Z
http://www.wikidata.org/entity/Q930235,Dynamo Samarkand Stadium,Sports,http://www.wikidata.org/prop/direct/P1083,http://www.wikidata.org/prop/direct/P1083,16000,1,9,,2024-10-18T10:35:43Z
http://www.wikidata.org/entity/Q3495689,RCAF Old Stadium,Sports,http://www.wikidata.org/prop/direct/P1083,http://www.wikidata.org/prop/direct/P1083,7000,1,8,,2023-04-06T04:25:08Z
http://www.wikidata.org/entity/Q2164621,Spartan Stadium,Sports,http://www.wikidata.org/prop/direct/P1083,http://www.wikidata.org/prop/direct/P1083,75005,1,6,,2022-10-14T00:39:07Z
http://www.wikidata.org/entity/Q783033,Value City Arena,Sports,http://www.wikidata.org/prop/direct/P1083,http://www.wikidata.org/prop/direct/P1083,19049,1,7,,2023-12-27T22:21:06Z
http://www.wikidata.org/entity/Q684052,Estadio La Portada,Sports,http://www.wikidata.org/prop/direct/P1083,http://www.wikidata.org/prop/direct/P1083,18501,1,18,,2024-07-11T04:36:44Z
http://www.wikidata.org/entity/Q3182265,John Paul Jones Arena,Sports,http://www.wikidata.org/prop/direct/P1083,http://www.wikidata.org/prop/direct/P1083,14593,1,8,,2023-04-17T17:39:57Z
http://www.wikidata.org/entity/Q2944604,Fargona Stadium,Sports,http://www.wikidata.org/prop/direct/P1083,http://www.wikidata.org/prop/direct/P1083,14600,1,6,,2024-10-10T09:10:26Z
http://www.wikidata.org/entity/Q3491713,No. 2 Court,Sports,http://www.wikidata.org/prop/direct/P1083,http://www.wikidata.org/prop/direct/P1083,4000,1,6,,2024-07-09T12:19:13Z
http://www.wikidata.org/entity/Q3495852,Roumdé Adjia Stadium,Sports,http://www.wikidata.org/prop/direct/P1083,http://www.wikidata.org/prop/direct/P1083,22000,1,14,,2024-02-02T19:57:01Z
http://www.wikidata.org/entity/Q953885,Yubileyny Sports Palace,Sports,http://www.wikidata.org/prop/direct/P1083,http://www.wikidata.org/prop/direct/P1083,7012,1,20,,2024-10-14T14:28:45Z
http://www.wikidata.org/entity/Q673598,Onikan Stadium,Sports,http://www.wikidata.org/prop/direct/P1083,http://www.wikidata.org/prop/direct/P1083,10000,1,11,,2024-09-14T10:29:48Z
http://www.wikidata.org/entity/Q944559,Meiji Jingu Stadium,Sports,http://www.wikidata.org/prop/direct/P1083,http://www.wikidata.org/prop/direct/P1083,37933,1,12,,2024-09-01T16:32:02Z
http://www.wikidata.org/entity/Q977529,Climate Pledge Arena,Sports,http://www.wikidata.org/prop/direct/P1083,http://www.wikidata.org/prop/direct/P1083,17000,1,25,,2024-10-25T00:48:33Z
http://www.wikidata.org/entity/Q995161,Bryant–Denny Stadium,Sports,http://www.wikidata.org/prop/direct/P1083,http://www.wikidata.org/prop/direct/P1083,101821,1,11,,2024-10-26T23:23:09Z
http://www.wikidata.org/entity/Q3495536,Stade Baréma Bocoum,Sports,http://www.wikidata.org/prop/direct/P1083,http://www.wikidata.org/prop/direct/P1083,20000,1,6,,2023-09-29T11:06:32Z
http://www.wikidata.org/entity/Q798494,Kazhimukan Munaitpasov Stadium,Sports,http://www.wikidata.org/prop/direct/P1083,http://www.wikidata.org/prop/direct/P1083,20000,individual seat,10,,2024-08-28T12:46:16Z
http://www.wikidata.org/entity/Q3495814,Stade Paul Julius Bénard,Sports,http://www.wikidata.org/prop/direct/P1083,http://www.wikidata.org/prop/direct/P1083,12000,1,6,,2024-11-16T10:10:10Z
http://www.wikidata.org/entity/Q1983063,Stadion Mladost,Sports,http://www.wikidata.org/prop/direct/P1083,http://www.wikidata.org/prop/direct/P1083,6500,1,10,,2023-05-29T18:58:39Z
http://www.wikidata.org/entity/Q3217144,Lane Stadium,Sports,http://www.wikidata.org/prop/direct/P1083,http://www.wikidata.org/prop/direct/P1083,65632,1,7,,2023-08-03T17:31:58Z
http://www.wikidata.org/entity/Q2866182,Maurice Richard Arena,Sports,http://www.wikidata.org/prop/direct/P1083,http://www.wikidata.org/prop/direct/P1083,4750,1,7,,2024-05-21T22:35:40Z
http://www.wikidata.org/entity/Q808694,Espoo Metro Areena,Sports,http://www.wikidata.org/prop/direct/P1083,http://www.wikidata.org/prop/direct/P1083,8000,1,8,,2023-11-13T10:39:32Z
http://www.wikidata.org/entity/Q2127931,L'Anneau de Vitesse,Sports,http://www.wikidata.org/prop/direct/P1083,http://www.wikidata.org/prop/direct/P1083,2500,human,7,,2022-09-13T15:13:30Z
http://www.wikidata.org/entity/Q2000728,Sheikh Khalifa International Stadium,Sports,http://www.wikidata.org/prop/direct/P1083,http://www.wikidata.org/prop/direct/P1083,16000,1,23,,2024-04-30T06:53:11Z
http://www.wikidata.org/entity/Q2748815,Victory Field,Sports,http://www.wikidata.org/prop/direct/P1083,http://www.wikidata.org/prop/direct/P1083,12202,1,7,,2024-10-03T15:54:32Z
http://www.wikidata.org/entity/Q2975440,Palau de Gel,Sports,http://www.wikidata.org/prop/direct/P1083,http://www.wikidata.org/prop/direct/P1083,1256,1,10,,2024-11-14T07:38:33Z
http://www.wikidata.org/entity/Q3825213,Lake Placid Equestrian Stadium,Sports,http://www.wikidata.org/prop/direct/P1083,http://www.wikidata.org/prop/direct/P1083,30000,1,8,,2023-11-01T16:07:30Z
http://www.wikidata.org/entity/Q4914312,Bingo Athletic Stadium,Sports,http://www.wikidata.org/prop/direct/P1083,http://www.wikidata.org/prop/direct/P1083,9245,1,8,,2024-03-27T06:57:13Z
http://www.wikidata.org/entity/Q4116850,Al-Shoalah Club Stadium,Sports,http://www.wikidata.org/prop/direct/P1083,http://www.wikidata.org/prop/direct/P1083,8000,1,6,,2023-05-31T13:30:41Z
http://www.wikidata.org/entity/Q3495956,Miloud Hadefi Stadium,Sports,http://www.wikidata.org/prop/direct/P1083,http://www.wikidata.org/prop/direct/P1083,40143,1,14,,2024-09-09T02:32:52Z
http://www.wikidata.org/entity/Q4107855,Veria Stadium,Sports,http://www.wikidata.org/prop/direct/P1083,http://www.wikidata.org/prop/direct/P1083,6350,1,9,,2024-07-05T09:32:09Z
http://www.wikidata.org/entity/Q4881386,Beirut Municipal Stadium,Sports,http://www.wikidata.org/prop/direct/P1083,http://www.wikidata.org/prop/direct/P1083,18000,1,10,,2024-05-17T10:38:51Z
http://www.wikidata.org/entity/Q3514858,Estádio de São Miguel,Sports,http://www.wikidata.org/prop/direct/P1083,http://www.wikidata.org/prop/direct/P1083,15277,1,9,,2024-06-29T21:35:22Z
http://www.wikidata.org/entity/Q4738800,Alytus Stadium,Sports,http://www.wikidata.org/prop/direct/P1083,http://www.wikidata.org/prop/direct/P1083,3748,1,10,,2024-09-30T18:56:12Z
http://www.wikidata.org/entity/Q4968564,Brisbane Entertainment Centre,Sports,http://www.wikidata.org/prop/direct/P1083,http://www.wikidata.org/prop/direct/P1083,14500,1,8,,2024-09-02T03:42:15Z
http://www.wikidata.org/entity/Q3495980,General Lansana Conté Stadium,Sports,http://www.wikidata.org/prop/direct/P1083,http://www.wikidata.org/prop/direct/P1083,50000,1,10,,2024-07-13T21:47:15Z
http://www.wikidata.org/entity/Q4666459,Abebe Bikila Stadium,Sports,http://www.wikidata.org/prop/direct/P1083,http://www.wikidata.org/prop/direct/P1083,30000,1,6,,2024-09-04T22:21:10Z
http://www.wikidata.org/entity/Q3496035,Stade de la Source,Sports,http://www.wikidata.org/prop/direct/P1083,http://www.wikidata.org/prop/direct/P1083,6863,1,8,,2023-08-07T04:30:53Z
http://www.wikidata.org/entity/Q4895634,Palau Girona-Fontajau,Sports,http://www.wikidata.org/prop/direct/P1083,http://www.wikidata.org/prop/direct/P1083,5500,1,7,,2024-11-24T16:09:00Z
http://www.wikidata.org/entity/Q4120140,Prince Mohammed Stadium,Sports,http://www.wikidata.org/prop/direct/P1083,http://www.wikidata.org/prop/direct/P1083,17000,1,15,,2024-09-30T01:40:12Z
http://www.wikidata.org/entity/Q3499859,Gyumri City Stadium,Sports,http://www.wikidata.org/prop/direct/P1083,http://www.wikidata.org/prop/direct/P1083,2761,1,18,,2024-03-04T15:28:09Z
http://www.wikidata.org/entity/Q4634507,30 June Stadium,Sports,http://www.wikidata.org/prop/direct/P1083,http://www.wikidata.org/prop/direct/P1083,30000,1,16,,2024-04-30T18:39:46Z
http://www.wikidata.org/entity/Q4968684,Briskeby Arena,Sports,http://www.wikidata.org/prop/direct/P1083,http://www.wikidata.org/prop/direct/P1083,7600,1,8,,2024-03-23T07:51:56Z
http://www.wikidata.org/entity/Q4946308,Borough Briggs,Sports,http://www.wikidata.org/prop/direct/P1083,http://www.wikidata.org/prop/direct/P1083,4520,1,7,,2024-07-08T18:40:08Z
http://www.wikidata.org/entity/Q5210935,Dalian Sports Center,Sports,http://www.wikidata.org/prop/direct/P1083,http://www.wikidata.org/prop/direct/P1083,80000,1,11,,2023-10-23T01:02:43Z
http://www.wikidata.org/entity/Q9276205,Green Dome Maebashi,Sports,http://www.wikidata.org/prop/direct/P1083,http://www.wikidata.org/prop/direct/P1083,20000,1,6,,2022-08-17T06:08:00Z
http://www.wikidata.org/entity/Q7808156,Tingley Coliseum,Sports,http://www.wikidata.org/prop/direct/P1083,http://www.wikidata.org/prop/direct/P1083,11571,1,6,,2024-11-11T20:58:34Z
http://www.wikidata.org/entity/Q9341111,Central Stadium (Zhytomyr),Sports,http://www.wikidata.org/prop/direct/P1083,http://www.wikidata.org/prop/direct/P1083,21928,1,6,,2023-10-23T16:39:02Z
http://www.wikidata.org/entity/Q7684351,Taoyuan City Stadium,Sports,http://www.wikidata.org/prop/direct/P1083,http://www.wikidata.org/prop/direct/P1083,30000,1,6,,2022-04-08T03:08:07Z
http://www.wikidata.org/entity/Q12053079,Azlan Shah Stadium,Sports,http://www.wikidata.org/prop/direct/P1083,http://www.wikidata.org/prop/direct/P1083,10000,1,6,,2023-11-26T00:17:15Z
http://www.wikidata.org/entity/Q7811987,Tochigi Green Stadium,Sports,http://www.wikidata.org/prop/direct/P1083,http://www.wikidata.org/prop/direct/P1083,18025,1,8,,2024-06-25T09:05:32Z
http://www.wikidata.org/entity/Q9296368,Frasqueirão,Sports,http://www.wikidata.org/prop/direct/P1083,http://www.wikidata.org/prop/direct/P1083,18000,1,7,,2022-12-10T20:51:05Z
http://www.wikidata.org/entity/Q5400104,Bautista Gargantini Stadium,Sports,http://www.wikidata.org/prop/direct/P1083,http://www.wikidata.org/prop/direct/P1083,14000,1,6,,2024-07-21T05:02:26Z
http://www.wikidata.org/entity/Q1072722,Century Lotus Stadium,Sports,http://www.wikidata.org/prop/direct/P1083,http://www.wikidata.org/prop/direct/P1083,36686,1,10,,2024-09-29T14:11:24Z
http://www.wikidata.org/entity/Q5439093,Fayoum Stadium,Sports,http://www.wikidata.org/prop/direct/P1083,http://www.wikidata.org/prop/direct/P1083,10000,1,8,,2023-12-24T15:49:31Z
http://www.wikidata.org/entity/Q3414046,Queensland Sport and Athletics Centre,Sports,http://www.wikidata.org/prop/direct/P1083,http://www.wikidata.org/prop/direct/P1083,49000,1,6,,2024-03-26T11:33:43Z
http://www.wikidata.org/entity/Q3435358,Stadion Branko Čavlović-Čavlek,Sports,http://www.wikidata.org/prop/direct/P1083,http://www.wikidata.org/prop/direct/P1083,12000,1,10,,2023-11-10T18:30:46Z
http://www.wikidata.org/entity/Q3405290,Gradski stadion Kratovo,Sports,http://www.wikidata.org/prop/direct/P1083,http://www.wikidata.org/prop/direct/P1083,1800,1,7,,2024-04-28T03:15:20Z
http://www.wikidata.org/entity/Q3294324,Kerkyra Stadium,Sports,http://www.wikidata.org/prop/direct/P1083,http://www.wikidata.org/prop/direct/P1083,2685,1,8,,2024-07-05T12:57:48Z
http://www.wikidata.org/entity/Q1040156,Carl Ramos Stadium,Sports,http://www.wikidata.org/prop/direct/P1083,http://www.wikidata.org/prop/direct/P1083,3500,1,9,,2022-11-18T18:13:46Z
http://www.wikidata.org/entity/Q1072186,Hubert H. Humphrey Metrodome,Sports,http://www.wikidata.org/prop/direct/P1083,http://www.wikidata.org/prop/direct/P1083,64121,1,18,,2024-09-01T16:22:10Z
http://www.wikidata.org/entity/Q3443162,Stadion Park mladeži,Sports,http://www.wikidata.org/prop/direct/P1083,http://www.wikidata.org/prop/direct/P1083,4075,1,13,,2023-11-10T17:04:51Z
http://www.wikidata.org/entity/Q885674,Blue Cross Arena,Sports,http://www.wikidata.org/prop/direct/P1083,http://www.wikidata.org/prop/direct/P1083,14000,1,12,,2024-09-19T04:10:12Z
http://www.wikidata.org/entity/Q5400401,Estadio Municipal Lucio Fariña Fernández,Sports,http://www.wikidata.org/prop/direct/P1083,http://www.wikidata.org/prop/direct/P1083,7680,1,8,,2023-05-31T12:42:19Z
http://www.wikidata.org/entity/Q3379393,Somerset Park,Sports,http://www.wikidata.org/prop/direct/P1083,http://www.wikidata.org/prop/direct/P1083,10185,1,8,,2024-07-08T21:30:39Z
http://www.wikidata.org/entity/Q3277528,Sharjah Stadium,Sports,http://www.wikidata.org/prop/direct/P1083,http://www.wikidata.org/prop/direct/P1083,12000,1,19,,2024-01-29T17:05:25Z
http://www.wikidata.org/entity/Q1046135,Empower Field at Mile High,Sports,http://www.wikidata.org/prop/direct/P1083,http://www.wikidata.org/prop/direct/P1083,76125,1,30,,2024-11-21T10:09:05Z
http://www.wikidata.org/entity/Q5402185,Estádio Willie Davids,Sports,http://www.wikidata.org/prop/direct/P1083,http://www.wikidata.org/prop/direct/P1083,21600,1,6,,2023-05-31T14:07:35Z
http://www.wikidata.org/entity/Q3339834,Nickerson Field,Sports,http://www.wikidata.org/prop/direct/P1083,http://www.wikidata.org/prop/direct/P1083,10412,1,7,,2024-10-06T14:27:57Z
http://www.wikidata.org/entity/Q1067148,Acrisure Stadium,Sports,http://www.wikidata.org/prop/direct/P1083,http://www.wikidata.org/prop/direct/P1083,65500,1,28,,2024-10-12T15:34:52Z
http://www.wikidata.org/entity/Q5402169,Estádio Rei Pelé,Sports,http://www.wikidata.org/prop/direct/P1083,http://www.wikidata.org/prop/direct/P1083,20551,1,9,,2023-01-09T08:49:44Z
http://www.wikidata.org/entity/Q876436,Rudolf Weber-Arena,Sports,http://www.wikidata.org/prop/direct/P1083,http://www.wikidata.org/prop/direct/P1083,12650,1,6,,2023-12-27T22:24:07Z
http://www.wikidata.org/entity/Q4788896,Arena Joinville,Sports,http://www.wikidata.org/prop/direct/P1083,http://www.wikidata.org/prop/direct/P1083,22400,1,8,,2023-05-30T17:25:16Z
http://www.wikidata.org/entity/Q4855268,Bangladesh Army Stadium,Sports,http://www.wikidata.org/prop/direct/P1083,http://www.wikidata.org/prop/direct/P1083,15000,1,7,,2022-08-30T10:38:27Z
http://www.wikidata.org/entity/Q5401985,Estádio Carlos Osório,Sports,http://www.wikidata.org/prop/direct/P1083,http://www.wikidata.org/prop/direct/P1083,1750,1,6,,2024-10-06T02:12:52Z
http://www.wikidata.org/entity/Q3349688,Stade of 1st November 1954,Sports,http://www.wikidata.org/prop/direct/P1083,http://www.wikidata.org/prop/direct/P1083,30000,1,6,,2023-10-05T08:44:40Z
http://www.wikidata.org/entity/Q5400324,Estadio La Independencia,Sports,http://www.wikidata.org/prop/direct/P1083,http://www.wikidata.org/prop/direct/P1083,20630,1,7,,2023-05-30T21:05:26Z
http://www.wikidata.org/entity/Q3445299,Takhti Stadium,Sports,http://www.wikidata.org/prop/direct/P1083,http://www.wikidata.org/prop/direct/P1083,30000,1,8,,2023-09-16T00:19:03Z
http://www.wikidata.org/entity/Q5400555,Estadio de Vallehermoso,Sports,http://www.wikidata.org/prop/direct/P1083,http://www.wikidata.org/prop/direct/P1083,12000,1,6,,2023-12-01T18:18:58Z
http://www.wikidata.org/entity/Q907843,Falcon Stadium,Sports,http://www.wikidata.org/prop/direct/P1083,http://www.wikidata.org/prop/direct/P1083,40828,1,7,,2024-07-03T17:40:09Z
http://www.wikidata.org/entity/Q3470457,Sam Boyd Stadium,Sports,http://www.wikidata.org/prop/direct/P1083,http://www.wikidata.org/prop/direct/P1083,36800,1,10,,2023-10-19T07:08:15Z
http://www.wikidata.org/entity/Q3320428,Ipurúa Municipal Stadium,Sports,http://www.wikidata.org/prop/direct/P1083,http://www.wikidata.org/prop/direct/P1083,7083,1,29,,2024-11-24T13:07:46Z
http://www.wikidata.org/entity/Q856393,Sydney Cricket Ground,Sports,http://www.wikidata.org/prop/direct/P1083,http://www.wikidata.org/prop/direct/P1083,43649,1,23,,2024-09-20T15:08:03Z
http://www.wikidata.org/entity/Q5402128,Estádio Municipal de Chaves,Sports,http://www.wikidata.org/prop/direct/P1083,http://www.wikidata.org/prop/direct/P1083,12000,1,10,,2024-11-25T16:29:11Z
http://www.wikidata.org/entity/Q1092170,Vitrifrigo Arena,Sports,http://www.wikidata.org/prop/direct/P1083,http://www.wikidata.org/prop/direct/P1083,10323,1,11,,2024-05-25T10:36:46Z
http://www.wikidata.org/entity/Q7010105,Sloan Park,Sports,http://www.wikidata.org/prop/direct/P1083,http://www.wikidata.org/prop/direct/P1083,15000,1,6,,2022-11-21T05:10:19Z
http://www.wikidata.org/entity/Q7227135,BTarena,Sports,http://www.wikidata.org/prop/direct/P1083,http://www.wikidata.org/prop/direct/P1083,9777,1,10,,2024-05-22T10:17:04Z
http://www.wikidata.org/entity/Q7206593,Pod Vinicí,Sports,http://www.wikidata.org/prop/direct/P1083,http://www.wikidata.org/prop/direct/P1083,2500,1,6,,2024-09-23T09:00:44Z
http://www.wikidata.org/entity/Q6406663,Sylhet International Cricket Stadium,Sports,http://www.wikidata.org/prop/direct/P1083,http://www.wikidata.org/prop/direct/P1083,10000,1,9,,2024-04-15T01:50:39Z
http://www.wikidata.org/entity/Q6587500,Takhti Stadium (Tabriz),Sports,http://www.wikidata.org/prop/direct/P1083,http://www.wikidata.org/prop/direct/P1083,25000,1,9,,2023-06-10T19:58:20Z
http://www.wikidata.org/entity/Q7596077,Stade Abed Hamdani,Sports,http://www.wikidata.org/prop/direct/P1083,http://www.wikidata.org/prop/direct/P1083,10000,1,6,,2024-09-20T10:03:44Z
http://www.wikidata.org/entity/Q7184961,Philippine Arena,Sports,http://www.wikidata.org/prop/direct/P1083,http://www.wikidata.org/prop/direct/P1083,50500,1,19,,2024-09-09T09:32:53Z
http://www.wikidata.org/entity/Q6783965,MassMutual Center,Sports,http://www.wikidata.org/prop/direct/P1083,http://www.wikidata.org/prop/direct/P1083,8000,1,7,,2024-10-23T09:45:24Z
http://www.wikidata.org/entity/Q7040605,Nishikyogoku Athletic Stadium,Sports,http://www.wikidata.org/prop/direct/P1083,http://www.wikidata.org/prop/direct/P1083,20588,1,10,,2024-07-15T05:06:27Z
http://www.wikidata.org/entity/Q6587506,Takhti Stadium (Abadan),Sports,http://www.wikidata.org/prop/direct/P1083,http://www.wikidata.org/prop/direct/P1083,22000,1,6,,2024-06-12T04:38:45Z
http://www.wikidata.org/entity/Q6411564,King Fahd Sports City (Taif),Sports,http://www.wikidata.org/prop/direct/P1083,http://www.wikidata.org/prop/direct/P1083,17000,1,7,,2024-04-15T13:13:40Z
http://www.wikidata.org/entity/Q23688674,Deodoro Stadium,Sports,http://www.wikidata.org/prop/direct/P1083,http://www.wikidata.org/prop/direct/P1083,15000,1,17,,2024-10-26T11:44:01Z
http://www.wikidata.org/entity/Q18126330,Azersun Arena,Sports,http://www.wikidata.org/prop/direct/P1083,http://www.wikidata.org/prop/direct/P1083,5800,individual seat,11,,2024-03-15T15:24:49Z
http://www.wikidata.org/entity/Q5707590,Hellinikon Olympic Hockey Centre,Sports,http://www.wikidata.org/prop/direct/P1083,http://www.wikidata.org/prop/direct/P1083,7300,1,7,,2024-06-04T17:35:48Z
http://www.wikidata.org/entity/Q7139662,Parque Pereira,Sports,http://www.wikidata.org/prop/direct/P1083,http://www.wikidata.org/prop/direct/P1083,40000,1,8,,2024-02-16T18:35:23Z
http://www.wikidata.org/entity/Q7129581,York Lions Stadium,Sports,http://www.wikidata.org/prop/direct/P1083,http://www.wikidata.org/prop/direct/P1083,12500,1,7,,2023-05-31T15:55:49Z
http://www.wikidata.org/entity/Q14437690,The Hive Stadium,Sports,http://www.wikidata.org/prop/direct/P1083,http://www.wikidata.org/prop/direct/P1083,5176,1,10,,2024-07-09T18:38:45Z
http://www.wikidata.org/entity/Q15108473,Istora Gelora Bung Karno,Sports,http://www.wikidata.org/prop/direct/P1083,http://www.wikidata.org/prop/direct/P1083,7166,1,8,,2024-10-15T08:54:15Z
http://www.wikidata.org/entity/Q9255227,Vila Olímpica Elzir Cabral,Sports,http://www.wikidata.org/prop/direct/P1083,http://www.wikidata.org/prop/direct/P1083,8000,1,7,,2023-05-30T20:59:35Z
http://www.wikidata.org/entity/Q15156983,Brest Arena,Sports,http://www.wikidata.org/prop/direct/P1083,http://www.wikidata.org/prop/direct/P1083,6000,1,8,,2024-10-27T01:13:45Z
http://www.wikidata.org/entity/Q8069354,Zeqir Ymeri Stadium,Sports,http://www.wikidata.org/prop/direct/P1083,http://www.wikidata.org/prop/direct/P1083,5000,1,9,,2024-11-11T12:32:28Z
http://www.wikidata.org/entity/Q262291,Providence Park,Sports,http://www.wikidata.org/prop/direct/P1083,http://www.wikidata.org/prop/direct/P1083,25218,1,21,,2024-06-25T04:13:18Z
http://www.wikidata.org/entity/Q203932,Ondrej Nepela Arena,Sports,http://www.wikidata.org/prop/direct/P1083,http://www.wikidata.org/prop/direct/P1083,10055,1,24,,2024-07-04T23:30:14Z
http://www.wikidata.org/entity/Q150933,Volksparkstadion,Sports,http://www.wikidata.org/prop/direct/P1083,http://www.wikidata.org/prop/direct/P1083,51500,1,52,,2024-07-16T02:51:57Z
http://www.wikidata.org/entity/Q29640,Estadio Domingo Burgueño,Sports,http://www.wikidata.org/prop/direct/P1083,http://www.wikidata.org/prop/direct/P1083,20000,1,12,,2024-06-20T01:10:50Z
http://www.wikidata.org/entity/Q29640,Estadio Domingo Burgueño,Sports,http://www.wikidata.org/prop/direct/P1083,http://www.wikidata.org/prop/direct/P1083,25000,1,12,,2024-06-20T01:10:50Z
http://www.wikidata.org/entity/Q375365,Giants Stadium,Sports,http://www.wikidata.org/prop/direct/P1083,http://www.wikidata.org/prop/direct/P1083,80242,1,32,,2024-11-03T08:56:43Z
http://www.wikidata.org/entity/Q127947,Hafezieh Stadium,Sports,http://www.wikidata.org/prop/direct/P1083,http://www.wikidata.org/prop/direct/P1083,14000,1,10,,2023-05-30T18:54:50Z
http://www.wikidata.org/entity/Q77118,Don Valley Stadium,Sports,http://www.wikidata.org/prop/direct/P1083,http://www.wikidata.org/prop/direct/P1083,25000,1,9,,2024-08-14T11:07:37Z
http://www.wikidata.org/entity/Q482441,Daegu Stadium,Sports,http://www.wikidata.org/prop/direct/P1083,http://www.wikidata.org/prop/direct/P1083,66422,1,34,,2024-03-19T10:17:55Z
http://www.wikidata.org/entity/Q30488454,Entertainment and Sports Arena,Sports,http://www.wikidata.org/prop/direct/P1083,http://www.wikidata.org/prop/direct/P1083,4200,1,6,,2024-05-22T03:11:05Z
http://www.wikidata.org/entity/Q65115607,Estadio Único Madre de Ciudades,Sports,http://www.wikidata.org/prop/direct/P1083,http://www.wikidata.org/prop/direct/P1083,30000,1,12,,2024-05-10T13:19:09Z
http://www.wikidata.org/entity/Q510575,Estádio José Fragelli,Sports,http://www.wikidata.org/prop/direct/P1083,http://www.wikidata.org/prop/direct/P1083,40000,individual seat,9,,2024-04-11T11:13:38Z
http://www.wikidata.org/entity/Q15910573,Pancho Arena,Sports,http://www.wikidata.org/prop/direct/P1083,http://www.wikidata.org/prop/direct/P1083,3865,1,15,,2023-11-21T18:53:12Z
http://www.wikidata.org/entity/Q223240,Capital One Arena,Sports,http://www.wikidata.org/prop/direct/P1083,http://www.wikidata.org/prop/direct/P1083,20674,1,38,,2024-11-23T08:27:10Z
http://www.wikidata.org/entity/Q473943,Amon G. Carter Stadium,Sports,http://www.wikidata.org/prop/direct/P1083,http://www.wikidata.org/prop/direct/P1083,47000,1,6,,2022-11-06T18:55:04Z
http://www.wikidata.org/entity/Q482441,Daegu Stadium,Sports,http://www.wikidata.org/prop/direct/P1083,http://www.wikidata.org/prop/direct/P1083,68014,1,34,,2024-03-19T10:17:55Z
http://www.wikidata.org/entity/Q15264046,Olympiahalle,Sports,http://www.wikidata.org/prop/direct/P1083,http://www.wikidata.org/prop/direct/P1083,10000,1,12,,2024-11-06T18:32:43Z
http://www.wikidata.org/entity/Q32976,O.A.C.A. Olympic Indoor Hall,Sports,http://www.wikidata.org/prop/direct/P1083,http://www.wikidata.org/prop/direct/P1083,17600,1,23,,2024-05-11T11:04:50Z
http://www.wikidata.org/entity/Q16311622,Armavir City Stadium,Sports,http://www.wikidata.org/prop/direct/P1083,http://www.wikidata.org/prop/direct/P1083,10000,1,9,,2024-10-03T17:34:33Z
http://www.wikidata.org/entity/Q489490,Incheon SSG Landers Field,Sports,http://www.wikidata.org/prop/direct/P1083,http://www.wikidata.org/prop/direct/P1083,30480,1,9,,2023-09-25T15:26:07Z
http://www.wikidata.org/entity/Q285531,Al Janoub Stadium,Sports,http://www.wikidata.org/prop/direct/P1083,http://www.wikidata.org/prop/direct/P1083,20000,1,40,,2024-09-23T20:14:52Z
http://www.wikidata.org/entity/Q285531,Al Janoub Stadium,Sports,http://www.wikidata.org/prop/direct/P1083,http://www.wikidata.org/prop/direct/P1083,40000,1,40,,2024-09-23T20:14:52Z
http://www.wikidata.org/entity/Q55532859,Ariake Gymnastics Centre,Sports,http://www.wikidata.org/prop/direct/P1083,http://www.wikidata.org/prop/direct/P1083,1200,individual seat,17,,2024-08-12T12:00:44Z
http://www.wikidata.org/entity/Q244877,Beijing National Aquatics Center,Sports,http://www.wikidata.org/prop/direct/P1083,http://www.wikidata.org/prop/direct/P1083,17000,1,40,,2024-09-02T00:57:34Z
http://www.wikidata.org/entity/Q74647,Umm Salal Stadium,Sports,http://www.wikidata.org/prop/direct/P1083,http://www.wikidata.org/prop/direct/P1083,45000,1,10,,2022-08-20T14:45:36Z
http://www.wikidata.org/entity/Q33172,Unibet Arena,Sports,http://www.wikidata.org/prop/direct/P1083,http://www.wikidata.org/prop/direct/P1083,10000,1,24,,2024-10-04T14:33:47Z
http://www.wikidata.org/entity/Q10626,Vicarage Road,Sports,http://www.wikidata.org/prop/direct/P1083,http://www.wikidata.org/prop/direct/P1083,22000,1,38,,2024-07-11T03:54:16Z
http://www.wikidata.org/entity/Q150933,Volksparkstadion,Sports,http://www.wikidata.org/prop/direct/P1083,http://www.wikidata.org/prop/direct/P1083,57000,1,52,,2024-07-16T02:51:57Z
http://www.wikidata.org/entity/Q2925356,FBC Mortgage Stadium,Sports,http://www.wikidata.org/prop/direct/P1083,http://www.wikidata.org/prop/direct/P1083,45323,1,6,,2023-06-09T02:45:16Z
http://www.wikidata.org/entity/Q3025641,Estadio Cementos Progreso,Sports,http://www.wikidata.org/prop/direct/P1083,http://www.wikidata.org/prop/direct/P1083,14022,1,7,,2023-11-20T20:57:00Z
http://www.wikidata.org/entity/Q3919341,Xinhua Road Sports Center,Sports,http://www.wikidata.org/prop/direct/P1083,http://www.wikidata.org/prop/direct/P1083,36000,1,8,,2023-07-31T19:32:20Z
http://www.wikidata.org/entity/Q2993138,Stadium Meteor,Sports,http://www.wikidata.org/prop/direct/P1083,http://www.wikidata.org/prop/direct/P1083,24381,1,12,,2024-09-13T21:30:02Z
http://www.wikidata.org/entity/Q2944632,Buxoro Arena,Sports,http://www.wikidata.org/prop/direct/P1083,http://www.wikidata.org/prop/direct/P1083,25520,1,8,,2023-05-30T18:21:27Z
http://www.wikidata.org/entity/Q3889165,PalaRuffini,Sports,http://www.wikidata.org/prop/direct/P1083,http://www.wikidata.org/prop/direct/P1083,4446,1,6,,2024-06-02T15:58:55Z
http://www.wikidata.org/entity/Q3030847,Estádio Bruno José Daniel,Sports,http://www.wikidata.org/prop/direct/P1083,http://www.wikidata.org/prop/direct/P1083,18000,1,7,,2024-03-02T07:47:57Z
http://www.wikidata.org/entity/Q5302957,Maryland SoccerPlex,Sports,http://www.wikidata.org/prop/direct/P1083,http://www.wikidata.org/prop/direct/P1083,5200,1,8,,2023-05-30T21:30:33Z
http://www.wikidata.org/entity/Q5302299,Estádio Fredis Saldívar,Sports,http://www.wikidata.org/prop/direct/P1083,http://www.wikidata.org/prop/direct/P1083,30000,1,6,,2023-12-15T04:08:30Z
http://www.wikidata.org/entity/Q581672,Luigi Zaffanella Stadium,Sports,http://www.wikidata.org/prop/direct/P1083,http://www.wikidata.org/prop/direct/P1083,6000,1,6,,2024-04-30T06:43:08Z
http://www.wikidata.org/entity/Q2097709,Montilivi Stadium,Sports,http://www.wikidata.org/prop/direct/P1083,http://www.wikidata.org/prop/direct/P1083,13500,1,23,,2024-11-24T13:02:08Z
http://www.wikidata.org/entity/Q298573,Frost Bank Center,Sports,http://www.wikidata.org/prop/direct/P1083,http://www.wikidata.org/prop/direct/P1083,18581,1,26,,2024-11-05T00:58:11Z
http://www.wikidata.org/entity/Q1851216,Sydney SuperDome,Sports,http://www.wikidata.org/prop/direct/P1083,http://www.wikidata.org/prop/direct/P1083,21000,1,21,,2024-11-01T19:00:41Z
http://www.wikidata.org/entity/Q1052807,Wrigley Field,Sports,http://www.wikidata.org/prop/direct/P1083,http://www.wikidata.org/prop/direct/P1083,41072,1,29,,2024-07-25T22:55:03Z
http://www.wikidata.org/entity/Q302869,Bridgestone Arena,Sports,http://www.wikidata.org/prop/direct/P1083,http://www.wikidata.org/prop/direct/P1083,17510,1,24,,2024-08-28T08:40:00Z
http://www.wikidata.org/entity/Q190789,Pavlodar Central Stadium,Sports,http://www.wikidata.org/prop/direct/P1083,http://www.wikidata.org/prop/direct/P1083,15000,1,11,,2024-11-14T17:58:22Z
http://www.wikidata.org/entity/Q584792,Stade Léon-Bollée,Sports,http://www.wikidata.org/prop/direct/P1083,http://www.wikidata.org/prop/direct/P1083,17801,1,13,,2024-05-26T10:27:48Z
http://www.wikidata.org/entity/Q1783634,XL Center,Sports,http://www.wikidata.org/prop/direct/P1083,http://www.wikidata.org/prop/direct/P1083,16606,1,11,,2024-05-04T16:14:59Z
http://www.wikidata.org/entity/Q1072265,Malvinas Argentinas Stadium,Sports,http://www.wikidata.org/prop/direct/P1083,http://www.wikidata.org/prop/direct/P1083,40268,1,26,,2024-05-10T13:05:12Z
http://www.wikidata.org/entity/Q182992,Stade Numa-Daly Magenta,Sports,http://www.wikidata.org/prop/direct/P1083,http://www.wikidata.org/prop/direct/P1083,10000,1,10,,2024-01-06T16:28:28Z
http://www.wikidata.org/entity/Q199363,Sud de France Arena,Sports,http://www.wikidata.org/prop/direct/P1083,http://www.wikidata.org/prop/direct/P1083,14800,1,10,,2024-11-08T00:46:32Z
http://www.wikidata.org/entity/Q194576,Guiyang Olympic Sports Center,Sports,http://www.wikidata.org/prop/direct/P1083,http://www.wikidata.org/prop/direct/P1083,52000,1,7,,2023-05-07T20:27:10Z
http://www.wikidata.org/entity/Q2048142,Velòdrom Illes Balears,Sports,http://www.wikidata.org/prop/direct/P1083,http://www.wikidata.org/prop/direct/P1083,8106,1,10,,2024-02-08T22:11:17Z
http://www.wikidata.org/entity/Q988285,Samen Al-Aeme Stadium,Sports,http://www.wikidata.org/prop/direct/P1083,http://www.wikidata.org/prop/direct/P1083,35000,1,11,,2024-09-20T12:25:11Z
http://www.wikidata.org/entity/Q2381919,Volgar Sports Palace,Sports,http://www.wikidata.org/prop/direct/P1083,http://www.wikidata.org/prop/direct/P1083,2900,1,6,,2024-10-09T11:53:36Z
http://www.wikidata.org/entity/Q1356602,Yap Sports Complex,Sports,http://www.wikidata.org/prop/direct/P1083,http://www.wikidata.org/prop/direct/P1083,2000,1,8,,2021-11-29T13:10:47Z
http://www.wikidata.org/entity/Q2035401,Perth Arena,Sports,http://www.wikidata.org/prop/direct/P1083,http://www.wikidata.org/prop/direct/P1083,15500,1,14,,2024-05-07T00:42:26Z
http://www.wikidata.org/entity/Q1986303,Gladsaxe Stadium,Sports,http://www.wikidata.org/prop/direct/P1083,http://www.wikidata.org/prop/direct/P1083,13507,1,9,,2023-11-21T19:00:03Z
http://www.wikidata.org/entity/Q574113,North Charleston Coliseum,Sports,http://www.wikidata.org/prop/direct/P1083,http://www.wikidata.org/prop/direct/P1083,13295,1,7,,2024-11-24T09:17:08Z
http://www.wikidata.org/entity/Q1353687,Great Strahov Stadium,Sports,http://www.wikidata.org/prop/direct/P1083,http://www.wikidata.org/prop/direct/P1083,56000,1,26,,2024-09-16T07:06:42Z
http://www.wikidata.org/entity/Q982837,Linköping Arena,Sports,http://www.wikidata.org/prop/direct/P1083,http://www.wikidata.org/prop/direct/P1083,8500,1,10,,2024-01-05T18:03:31Z
http://www.wikidata.org/entity/Q588138,Munayshy Stadium,Sports,http://www.wikidata.org/prop/direct/P1083,http://www.wikidata.org/prop/direct/P1083,8660,1,7,,2022-11-28T11:18:28Z
http://www.wikidata.org/entity/Q2427500,Lumpinee Boxing Stadium,Sports,http://www.wikidata.org/prop/direct/P1083,http://www.wikidata.org/prop/direct/P1083,9500,1,16,,2024-03-30T21:17:18Z
http://www.wikidata.org/entity/Q2430753,Eamonn Deacy Park,Sports,http://www.wikidata.org/prop/direct/P1083,http://www.wikidata.org/prop/direct/P1083,5000,1,7,,2024-06-20T13:44:07Z
http://www.wikidata.org/entity/Q1341607,Stade Marcel Picot,Sports,http://www.wikidata.org/prop/direct/P1083,http://www.wikidata.org/prop/direct/P1083,20087,1,17,,2023-08-07T07:48:42Z
http://www.wikidata.org/entity/Q2048142,Velòdrom Illes Balears,Sports,http://www.wikidata.org/prop/direct/P1083,http://www.wikidata.org/prop/direct/P1083,4500,1,10,,2024-02-08T22:11:17Z
http://www.wikidata.org/entity/Q1027157,Manuel Ferreira,Sports,http://www.wikidata.org/prop/direct/P1083,http://www.wikidata.org/prop/direct/P1083,8750,1,13,,2024-10-21T16:32:16Z
http://www.wikidata.org/entity/Q1092700,Osaka-jō Hall,Sports,http://www.wikidata.org/prop/direct/P1083,http://www.wikidata.org/prop/direct/P1083,13456,1,16,,2024-11-09T06:46:41Z
http://www.wikidata.org/entity/Q1129916,Coors Field,Sports,http://www.wikidata.org/prop/direct/P1083,http://www.wikidata.org/prop/direct/P1083,50480,1,25,,2024-07-25T22:40:01Z
http://www.wikidata.org/entity/Q979975,Great American Ball Park,Sports,http://www.wikidata.org/prop/direct/P1083,http://www.wikidata.org/prop/direct/P1083,42319,1,21,,2024-09-02T00:53:51Z
http://www.wikidata.org/entity/Q583085,Northwest Stadium,Sports,http://www.wikidata.org/prop/direct/P1083,http://www.wikidata.org/prop/direct/P1083,62000,1,30,,2024-10-21T00:27:58Z
http://www.wikidata.org/entity/Q367297,Estadio Defensores del Chaco,Sports,http://www.wikidata.org/prop/direct/P1083,http://www.wikidata.org/prop/direct/P1083,42354,1,24,,2024-06-03T04:58:11Z
http://www.wikidata.org/entity/Q1349703,Platinum Arena (Khabarovsk),Sports,http://www.wikidata.org/prop/direct/P1083,http://www.wikidata.org/prop/direct/P1083,7100,1,14,,2024-03-18T17:54:28Z
http://www.wikidata.org/entity/Q1356082,Oleai Sports Complex,Sports,http://www.wikidata.org/prop/direct/P1083,http://www.wikidata.org/prop/direct/P1083,2000,1,7,,2022-09-11T22:21:47Z
http://www.wikidata.org/entity/Q1134861,Stade Ange Casanova,Sports,http://www.wikidata.org/prop/direct/P1083,http://www.wikidata.org/prop/direct/P1083,6000,1,12,,2024-05-26T11:08:37Z
http://www.wikidata.org/entity/Q2068075,Basket-Hall Arena,Sports,http://www.wikidata.org/prop/direct/P1083,http://www.wikidata.org/prop/direct/P1083,7500,1,10,,2024-08-26T14:32:33Z
http://www.wikidata.org/entity/Q190786,Central stadium of Jonava,Sports,http://www.wikidata.org/prop/direct/P1083,http://www.wikidata.org/prop/direct/P1083,1008,1,8,,2024-10-09T19:40:41Z
http://www.wikidata.org/entity/Q288618,Baba Yara Stadium,Sports,http://www.wikidata.org/prop/direct/P1083,http://www.wikidata.org/prop/direct/P1083,43000,1,18,,2024-04-28T05:14:54Z
http://www.wikidata.org/entity/Q2025714,Army Sports Club Stadium,Sports,http://www.wikidata.org/prop/direct/P1083,http://www.wikidata.org/prop/direct/P1083,23040,1,6,,2022-03-04T10:39:06Z
http://www.wikidata.org/entity/Q1343986,Arena das Dunas,Sports,http://www.wikidata.org/prop/direct/P1083,http://www.wikidata.org/prop/direct/P1083,45000,1,42,,2023-05-31T09:35:04Z
http://www.wikidata.org/entity/Q569437,Estádio da Várzea,Sports,http://www.wikidata.org/prop/direct/P1083,http://www.wikidata.org/prop/direct/P1083,8000,1,14,,2023-05-30T18:37:37Z
http://www.wikidata.org/entity/Q367272,Montreal Forum,Sports,http://www.wikidata.org/prop/direct/P1083,http://www.wikidata.org/prop/direct/P1083,17959,1,14,,2024-09-02T00:31:55Z
http://www.wikidata.org/entity/Q288618,Baba Yara Stadium,Sports,http://www.wikidata.org/prop/direct/P1083,http://www.wikidata.org/prop/direct/P1083,40500,1,18,,2024-04-28T05:14:54Z
http://www.wikidata.org/entity/Q175960,Malmö stadion,Sports,http://www.wikidata.org/prop/direct/P1083,http://www.wikidata.org/prop/direct/P1083,26500,1,27,,2024-11-22T18:56:16Z
http://www.wikidata.org/entity/Q2063232,Maguwoharjo Stadium,Sports,http://www.wikidata.org/prop/direct/P1083,http://www.wikidata.org/prop/direct/P1083,35000,1,8,,2024-02-12T21:53:08Z
http://www.wikidata.org/entity/Q1754076,M. A. Aziz Stadium,Sports,http://www.wikidata.org/prop/direct/P1083,http://www.wikidata.org/prop/direct/P1083,20000,1,10,,2023-04-26T15:00:41Z
http://www.wikidata.org/entity/Q2000294,Sportovní hala Fortuna,Sports,http://www.wikidata.org/prop/direct/P1083,http://www.wikidata.org/prop/direct/P1083,13150,1,15,,2024-11-18T02:05:08Z
http://www.wikidata.org/entity/Q2033373,Palazzetto dello Sport,Sports,http://www.wikidata.org/prop/direct/P1083,http://www.wikidata.org/prop/direct/P1083,3500,1,11,,2024-11-14T07:38:30Z
http://www.wikidata.org/entity/Q1030045,Camp del Carrer Indústria,Sports,http://www.wikidata.org/prop/direct/P1083,http://www.wikidata.org/prop/direct/P1083,6000,1,19,,2024-08-01T07:32:27Z
http://www.wikidata.org/entity/Q1770044,Hunky Dorys Park,Sports,http://www.wikidata.org/prop/direct/P1083,http://www.wikidata.org/prop/direct/P1083,2000,1,6,,2024-06-20T13:42:04Z
http://www.wikidata.org/entity/Q1770044,Hunky Dorys Park,Sports,http://www.wikidata.org/prop/direct/P1083,http://www.wikidata.org/prop/direct/P1083,1500,1,6,,2024-06-20T13:42:04Z
http://www.wikidata.org/entity/Q1028275,Allegacy Federal Credit Union Stadium,Sports,http://www.wikidata.org/prop/direct/P1083,http://www.wikidata.org/prop/direct/P1083,31500,1,6,,2023-11-07T16:16:50Z
http://www.wikidata.org/entity/Q180479,Donbass Arena,Sports,http://www.wikidata.org/prop/direct/P1083,http://www.wikidata.org/prop/direct/P1083,52518,1,47,,2024-11-24T15:47:20Z
http://www.wikidata.org/entity/Q302869,Bridgestone Arena,Sports,http://www.wikidata.org/prop/direct/P1083,http://www.wikidata.org/prop/direct/P1083,19395,1,24,,2024-08-28T08:40:00Z
http://www.wikidata.org/entity/Q1810119,Tropicana Field,Sports,http://www.wikidata.org/prop/direct/P1083,http://www.wikidata.org/prop/direct/P1083,45369,1,24,,2024-07-25T22:53:36Z
http://www.wikidata.org/entity/Q2728139,Gradski Vrt Stadium,Sports,http://www.wikidata.org/prop/direct/P1083,http://www.wikidata.org/prop/direct/P1083,22050,1,24,,2023-12-06T15:09:36Z
http://www.wikidata.org/entity/Q2628469,Estadio Ramón Tahuichi Aguilera,Sports,http://www.wikidata.org/prop/direct/P1083,http://www.wikidata.org/prop/direct/P1083,35180,1,11,,2024-10-05T05:18:32Z
http://www.wikidata.org/entity/Q738388,Videotron Centre,Sports,http://www.wikidata.org/prop/direct/P1083,http://www.wikidata.org/prop/direct/P1083,20014,1,12,,2024-11-05T01:15:56Z
http://www.wikidata.org/entity/Q2190996,Estadio Max Augustín,Sports,http://www.wikidata.org/prop/direct/P1083,http://www.wikidata.org/prop/direct/P1083,24576,1,7,,2023-10-24T09:26:39Z
http://www.wikidata.org/entity/Q1196603,José Amalfitani Stadium,Sports,http://www.wikidata.org/prop/direct/P1083,http://www.wikidata.org/prop/direct/P1083,49.705,1,25,,2024-10-08T17:39:25Z
http://www.wikidata.org/entity/Q1319343,Halchowk Stadium,Sports,http://www.wikidata.org/prop/direct/P1083,http://www.wikidata.org/prop/direct/P1083,3500,1,11,,2021-02-19T04:14:38Z
http://www.wikidata.org/entity/Q3106621,Pechanga Arena,Sports,http://www.wikidata.org/prop/direct/P1083,http://www.wikidata.org/prop/direct/P1083,12000,1,12,,2024-10-18T11:27:12Z
http://www.wikidata.org/entity/Q1382956,New Laos National Stadium,Sports,http://www.wikidata.org/prop/direct/P1083,http://www.wikidata.org/prop/direct/P1083,25000,1,23,,2024-11-25T00:37:33Z
http://www.wikidata.org/entity/Q2318872,St. Jakob Arena,Sports,http://www.wikidata.org/prop/direct/P1083,http://www.wikidata.org/prop/direct/P1083,6600,1,6,,2023-04-24T16:40:42Z
http://www.wikidata.org/entity/Q2835306,Estadio Miguel Grau,Sports,http://www.wikidata.org/prop/direct/P1083,http://www.wikidata.org/prop/direct/P1083,18000,1,9,,2023-08-31T14:56:57Z
http://www.wikidata.org/entity/Q2565487,Olympic Green Hockey Field,Sports,http://www.wikidata.org/prop/direct/P1083,http://www.wikidata.org/prop/direct/P1083,17000,1,12,,2024-09-30T08:30:26Z
http://www.wikidata.org/entity/Q2325913,Stade Pierre Brisson,Sports,http://www.wikidata.org/prop/direct/P1083,http://www.wikidata.org/prop/direct/P1083,10178,1,6,,2024-05-26T11:08:55Z
http://www.wikidata.org/entity/Q1577702,Hersheypark Arena,Sports,http://www.wikidata.org/prop/direct/P1083,http://www.wikidata.org/prop/direct/P1083,7286,1,7,,2023-07-09T22:03:00Z
http://www.wikidata.org/entity/Q720978,Bingoal Stadion,Sports,http://www.wikidata.org/prop/direct/P1083,http://www.wikidata.org/prop/direct/P1083,15000,1,24,,2024-09-23T12:57:56Z
http://www.wikidata.org/entity/Q1632955,Robertson Stadium,Sports,http://www.wikidata.org/prop/direct/P1083,http://www.wikidata.org/prop/direct/P1083,32000,1,13,,2024-09-03T14:46:56Z
http://www.wikidata.org/entity/Q2837990,Alliance Bank Stadium,Sports,http://www.wikidata.org/prop/direct/P1083,http://www.wikidata.org/prop/direct/P1083,11071,1,6,,2023-09-15T03:01:18Z
http://www.wikidata.org/entity/Q2758483,Maktoum Bin Rashid Al Maktoum Stadium,Sports,http://www.wikidata.org/prop/direct/P1083,http://www.wikidata.org/prop/direct/P1083,18000,1,18,,2023-05-31T13:51:45Z
http://www.wikidata.org/entity/Q1369587,Polideportivo Cachamay,Sports,http://www.wikidata.org/prop/direct/P1083,http://www.wikidata.org/prop/direct/P1083,45600,1,19,,2024-02-17T18:53:47Z
http://www.wikidata.org/entity/Q725281,Ashgabat Stadium,Sports,http://www.wikidata.org/prop/direct/P1083,http://www.wikidata.org/prop/direct/P1083,20000,1,17,,2024-10-29T17:27:25Z
http://www.wikidata.org/entity/Q2736585,Estádio da Luz (1954),Sports,http://www.wikidata.org/prop/direct/P1083,http://www.wikidata.org/prop/direct/P1083,120000,1,16,,2024-02-01T18:27:32Z
http://www.wikidata.org/entity/Q1232567,Isku Areena,Sports,http://www.wikidata.org/prop/direct/P1083,http://www.wikidata.org/prop/direct/P1083,5078,1,8,,2020-09-20T10:20:34Z
http://www.wikidata.org/entity/Q2838923,Estadio Universidad San Marcos,Sports,http://www.wikidata.org/prop/direct/P1083,http://www.wikidata.org/prop/direct/P1083,67469,1,7,,2024-06-23T18:34:51Z
http://www.wikidata.org/entity/Q619259,Deva Stadium,Sports,http://www.wikidata.org/prop/direct/P1083,http://www.wikidata.org/prop/direct/P1083,6000,1,8,,2024-07-08T21:16:27Z
http://www.wikidata.org/entity/Q1619101,Dexcom Stadium,Sports,http://www.wikidata.org/prop/direct/P1083,http://www.wikidata.org/prop/direct/P1083,6129,1,9,,2024-10-07T22:01:57Z
http://www.wikidata.org/entity/Q2618400,Parramatta Stadium,Sports,http://www.wikidata.org/prop/direct/P1083,http://www.wikidata.org/prop/direct/P1083,21500,1,10,,2022-06-26T16:59:41Z
http://www.wikidata.org/entity/Q2740479,Stadium 15 October,Sports,http://www.wikidata.org/prop/direct/P1083,http://www.wikidata.org/prop/direct/P1083,20000,1,13,,2024-05-27T07:57:27Z
http://www.wikidata.org/entity/Q2121558,R. Premadasa Stadium,Sports,http://www.wikidata.org/prop/direct/P1083,http://www.wikidata.org/prop/direct/P1083,35000,1,14,,2024-02-11T14:06:39Z
http://www.wikidata.org/entity/Q2631915,Rajadamnern Stadium,Sports,http://www.wikidata.org/prop/direct/P1083,http://www.wikidata.org/prop/direct/P1083,8000,1,12,,2024-03-21T17:36:57Z
http://www.wikidata.org/entity/Q2659939,Metalurh Stadium,Sports,http://www.wikidata.org/prop/direct/P1083,http://www.wikidata.org/prop/direct/P1083,5094,1,8,,2024-08-18T21:14:37Z
http://www.wikidata.org/entity/Q622671,King Baudouin Stadium,Sports,http://www.wikidata.org/prop/direct/P1083,http://www.wikidata.org/prop/direct/P1083,50024,1,41,,2024-10-12T14:11:18Z
http://www.wikidata.org/entity/Q2634267,Heydar Aliyev Sports and Exhibition Complex,Sports,http://www.wikidata.org/prop/direct/P1083,http://www.wikidata.org/prop/direct/P1083,7800,1,13,,2024-11-19T08:17:42Z
http://www.wikidata.org/entity/Q770149,Mercedes-Benz Arena,Sports,http://www.wikidata.org/prop/direct/P1083,http://www.wikidata.org/prop/direct/P1083,18000,1,16,,2024-10-14T09:41:01Z
http://www.wikidata.org/entity/Q2796402,Kópavogsvöllur,Sports,http://www.wikidata.org/prop/direct/P1083,http://www.wikidata.org/prop/direct/P1083,5501,1,9,,2024-10-24T20:17:54Z
http://www.wikidata.org/entity/Q641320,Arena 2000,Sports,http://www.wikidata.org/prop/direct/P1083,http://www.wikidata.org/prop/direct/P1083,9070,1,18,,2024-06-04T13:52:17Z
http://www.wikidata.org/entity/Q618215,Aper Aku Stadium,Sports,http://www.wikidata.org/prop/direct/P1083,http://www.wikidata.org/prop/direct/P1083,15000,1,7,,2024-03-19T19:49:20Z
http://www.wikidata.org/entity/Q665897,Bossard Arena,Sports,http://www.wikidata.org/prop/direct/P1083,http://www.wikidata.org/prop/direct/P1083,7015,1,6,,2020-02-23T16:07:07Z
http://www.wikidata.org/entity/Q3067683,Estadio Nacional de Costa Rica,Sports,http://www.wikidata.org/prop/direct/P1083,http://www.wikidata.org/prop/direct/P1083,25000,1,11,,2023-12-11T13:38:24Z
http://www.wikidata.org/entity/Q763975,Nnamdi Azikiwe Stadium,Sports,http://www.wikidata.org/prop/direct/P1083,http://www.wikidata.org/prop/direct/P1083,25000,1,10,,2023-05-29T19:12:06Z
http://www.wikidata.org/entity/Q2790698,Heritage Bank Center,Sports,http://www.wikidata.org/prop/direct/P1083,http://www.wikidata.org/prop/direct/P1083,17556,1,11,,2024-10-28T14:42:32Z
http://www.wikidata.org/entity/Q803944,Bairiki National Stadium,Sports,http://www.wikidata.org/prop/direct/P1083,http://www.wikidata.org/prop/direct/P1083,2500,1,14,,2022-02-14T16:44:24Z
http://www.wikidata.org/entity/Q3098366,Monterrey Arena,Sports,http://www.wikidata.org/prop/direct/P1083,http://www.wikidata.org/prop/direct/P1083,30000,1,9,,2024-11-09T03:56:36Z
http://www.wikidata.org/entity/Q1164064,Méribel Ice Palace,Sports,http://www.wikidata.org/prop/direct/P1083,http://www.wikidata.org/prop/direct/P1083,2500,1,8,,2024-03-04T13:13:46Z
http://www.wikidata.org/entity/Q1320927,Sparkasse Arena,Sports,http://www.wikidata.org/prop/direct/P1083,http://www.wikidata.org/prop/direct/P1083,7200,1,7,,2024-09-25T11:08:12Z
http://www.wikidata.org/entity/Q2263835,Stade Achille Hammerel,Sports,http://www.wikidata.org/prop/direct/P1083,http://www.wikidata.org/prop/direct/P1083,5814,1,10,,2024-04-05T14:26:52Z
http://www.wikidata.org/entity/Q2907177,Herzliya Municipal Stadium,Sports,http://www.wikidata.org/prop/direct/P1083,http://www.wikidata.org/prop/direct/P1083,8300,1,7,,2023-05-30T21:16:50Z
http://www.wikidata.org/entity/Q1141336,M&T Bank Stadium,Sports,http://www.wikidata.org/prop/direct/P1083,http://www.wikidata.org/prop/direct/P1083,71008,1,27,,2024-10-12T15:34:49Z
http://www.wikidata.org/entity/Q3110131,Goldstone Ground,Sports,http://www.wikidata.org/prop/direct/P1083,http://www.wikidata.org/prop/direct/P1083,36000,1,10,,2024-07-08T20:12:54Z
http://www.wikidata.org/entity/Q2699278,Mokhtar El-Tetsh Stadium,Sports,http://www.wikidata.org/prop/direct/P1083,http://www.wikidata.org/prop/direct/P1083,8000,1,12,,2024-08-02T09:53:04Z
http://www.wikidata.org/entity/Q618988,Singapore Indoor Stadium,Sports,http://www.wikidata.org/prop/direct/P1083,http://www.wikidata.org/prop/direct/P1083,12000,1,17,,2024-09-30T08:09:40Z
http://www.wikidata.org/entity/Q1255881,Megasport Arena,Sports,http://www.wikidata.org/prop/direct/P1083,http://www.wikidata.org/prop/direct/P1083,14500,1,27,,2024-06-01T21:41:07Z
http://www.wikidata.org/entity/Q673930,Enyimba International Stadium,Sports,http://www.wikidata.org/prop/direct/P1083,http://www.wikidata.org/prop/direct/P1083,25000,1,8,,2024-02-02T19:56:22Z
http://www.wikidata.org/entity/Q2691028,Manahan Stadium,Sports,http://www.wikidata.org/prop/direct/P1083,http://www.wikidata.org/prop/direct/P1083,35000,1,12,,2023-11-30T16:04:20Z
http://www.wikidata.org/entity/Q2660798,Spartak Stadium,Sports,http://www.wikidata.org/prop/direct/P1083,http://www.wikidata.org/prop/direct/P1083,14400,1,6,,2022-11-12T15:35:52Z
http://www.wikidata.org/entity/Q619055,Shielfield Park,Sports,http://www.wikidata.org/prop/direct/P1083,http://www.wikidata.org/prop/direct/P1083,4500,1,6,,2024-07-08T16:59:11Z
http://www.wikidata.org/entity/Q767593,Stadion Goce Delčev,Sports,http://www.wikidata.org/prop/direct/P1083,http://www.wikidata.org/prop/direct/P1083,15000,1,10,,2023-05-31T09:50:40Z
http://www.wikidata.org/entity/Q2873102,Autzen Stadium,Sports,http://www.wikidata.org/prop/direct/P1083,http://www.wikidata.org/prop/direct/P1083,53800,1,6,,2024-03-18T20:53:07Z
http://www.wikidata.org/entity/Q761682,Red Bull Arena,Sports,http://www.wikidata.org/prop/direct/P1083,http://www.wikidata.org/prop/direct/P1083,25189,1,29,,2024-09-11T17:59:59Z
http://www.wikidata.org/entity/Q1369326,Estadio Latinoamericano,Sports,http://www.wikidata.org/prop/direct/P1083,http://www.wikidata.org/prop/direct/P1083,31000,1,10,,2022-10-05T04:29:46Z
http://www.wikidata.org/entity/Q784379,Thamir Stadium,Sports,http://www.wikidata.org/prop/direct/P1083,http://www.wikidata.org/prop/direct/P1083,16105,1,9,,2022-03-11T07:15:46Z
http://www.wikidata.org/entity/Q1369326,Estadio Latinoamericano,Sports,http://www.wikidata.org/prop/direct/P1083,http://www.wikidata.org/prop/direct/P1083,55000,1,10,,2022-10-05T04:29:46Z
http://www.wikidata.org/entity/Q610092,The OVO Hydro,Sports,http://www.wikidata.org/prop/direct/P1083,http://www.wikidata.org/prop/direct/P1083,13000,1,15,,2024-09-29T17:18:53Z
http://www.wikidata.org/entity/Q2699566,Estadi Balear,Sports,http://www.wikidata.org/prop/direct/P1083,http://www.wikidata.org/prop/direct/P1083,2741,1,8,,2024-08-28T21:00:33Z
http://www.wikidata.org/entity/Q3649379,Municipal Stadium,Sports,http://www.wikidata.org/prop/direct/P1083,http://www.wikidata.org/prop/direct/P1083,12000,1,6,,2024-10-23T13:33:45Z
http://www.wikidata.org/entity/Q3655988,Dilijan City Stadium,Sports,http://www.wikidata.org/prop/direct/P1083,http://www.wikidata.org/prop/direct/P1083,2000,1,7,,2024-06-02T07:11:54Z
http://www.wikidata.org/entity/Q3495282,St. Louis Arena,Sports,http://www.wikidata.org/prop/direct/P1083,http://www.wikidata.org/prop/direct/P1083,14200,1,9,,2024-02-19T16:48:55Z
http://www.wikidata.org/entity/Q5742500,Camp Municipal de Rugby La Foixarda,Sports,http://www.wikidata.org/prop/direct/P1083,http://www.wikidata.org/prop/direct/P1083,800,1,6,,2024-11-23T15:49:51Z
http://www.wikidata.org/entity/Q4533552,Mordovia Arena,Sports,http://www.wikidata.org/prop/direct/P1083,http://www.wikidata.org/prop/direct/P1083,45015,1,55,,2024-08-24T07:25:01Z
http://www.wikidata.org/entity/Q4018529,Waterford Regional Sports Centre,Sports,http://www.wikidata.org/prop/direct/P1083,http://www.wikidata.org/prop/direct/P1083,3100,1,7,,2024-06-20T13:45:56Z
http://www.wikidata.org/entity/Q4704792,Al Shabab Mubarak Alaiar Stadium,Sports,http://www.wikidata.org/prop/direct/P1083,http://www.wikidata.org/prop/direct/P1083,14,1,7,,2024-02-05T11:29:10Z
http://www.wikidata.org/entity/Q4704017,Al-Hazem Club Stadium,Sports,http://www.wikidata.org/prop/direct/P1083,http://www.wikidata.org/prop/direct/P1083,3000,1,7,,2023-05-31T13:28:33Z
http://www.wikidata.org/entity/Q3655413,Arsenal Stadium,Sports,http://www.wikidata.org/prop/direct/P1083,http://www.wikidata.org/prop/direct/P1083,20048,1,13,,2024-05-03T11:51:39Z
http://www.wikidata.org/entity/Q3139216,Hokkaido Prefectural Sports Center,Sports,http://www.wikidata.org/prop/direct/P1083,http://www.wikidata.org/prop/direct/P1083,8000,1,9,,2021-06-12T18:35:46Z
http://www.wikidata.org/entity/Q3495540,Stade El Abdi,Sports,http://www.wikidata.org/prop/direct/P1083,http://www.wikidata.org/prop/direct/P1083,15000,1,8,,2024-10-14T02:58:03Z
http://www.wikidata.org/entity/Q4069762,Arnar Stadium,Sports,http://www.wikidata.org/prop/direct/P1083,http://www.wikidata.org/prop/direct/P1083,2100,1,8,,2024-08-25T09:36:46Z
http://www.wikidata.org/entity/Q3495484,Hocine-Ait Ahmed Stadium,Sports,http://www.wikidata.org/prop/direct/P1083,http://www.wikidata.org/prop/direct/P1083,50000,1,7,,2024-09-28T18:11:46Z
http://www.wikidata.org/entity/Q3474506,Save Mart Center,Sports,http://www.wikidata.org/prop/direct/P1083,http://www.wikidata.org/prop/direct/P1083,15544,1,6,,2024-11-11T04:12:00Z
http://www.wikidata.org/entity/Q4069007,Arena Vänersborg,Sports,http://www.wikidata.org/prop/direct/P1083,http://www.wikidata.org/prop/direct/P1083,3000,1,6,,2022-11-10T21:40:57Z
http://www.wikidata.org/entity/Q3733334,Estadio Gasómetro,Sports,http://www.wikidata.org/prop/direct/P1083,http://www.wikidata.org/prop/direct/P1083,75000,1,8,,2024-09-30T18:56:11Z
http://www.wikidata.org/entity/Q3664881,Angelo Moratti Sports Centre,Sports,http://www.wikidata.org/prop/direct/P1083,http://www.wikidata.org/prop/direct/P1083,300,1,6,,2024-08-09T15:10:37Z
http://www.wikidata.org/entity/Q3442498,Stadion Stanovi,Sports,http://www.wikidata.org/prop/direct/P1083,http://www.wikidata.org/prop/direct/P1083,5860,1,8,,2023-08-13T14:30:37Z
http://www.wikidata.org/entity/Q6745183,Pavelló Barris Nord,Sports,http://www.wikidata.org/prop/direct/P1083,http://www.wikidata.org/prop/direct/P1083,6100,1,6,,2024-06-10T05:56:31Z
http://www.wikidata.org/entity/Q6379120,Zemplin Stadium,Sports,http://www.wikidata.org/prop/direct/P1083,http://www.wikidata.org/prop/direct/P1083,4500,1,6,,2023-11-09T14:38:06Z
http://www.wikidata.org/entity/Q6379120,Zemplin Stadium,Sports,http://www.wikidata.org/prop/direct/P1083,http://www.wikidata.org/prop/direct/P1083,4440,1,6,,2023-11-09T14:38:06Z
http://www.wikidata.org/entity/Q6352233,Kalev Sports Hall,Sports,http://www.wikidata.org/prop/direct/P1083,http://www.wikidata.org/prop/direct/P1083,1000,1,7,,2023-11-19T11:31:59Z
http://www.wikidata.org/entity/Q7178880,Petro Sport Stadium,Sports,http://www.wikidata.org/prop/direct/P1083,http://www.wikidata.org/prop/direct/P1083,25000,1,11,,2024-08-02T09:54:48Z
http://www.wikidata.org/entity/Q7089414,Omaha Civic Auditorium,Sports,http://www.wikidata.org/prop/direct/P1083,http://www.wikidata.org/prop/direct/P1083,10960,1,6,,2024-11-14T01:10:33Z
http://www.wikidata.org/entity/Q939080,Stade 20 Août 1955,Sports,http://www.wikidata.org/prop/direct/P1083,http://www.wikidata.org/prop/direct/P1083,15000,1,11,,2024-08-12T23:06:42Z
http://www.wikidata.org/entity/Q1471426,LähiTapiola Arena,Sports,http://www.wikidata.org/prop/direct/P1083,http://www.wikidata.org/prop/direct/P1083,4628,1,7,,2024-10-19T09:42:29Z
http://www.wikidata.org/entity/Q3271722,Henry Fok Stadium,Sports,http://www.wikidata.org/prop/direct/P1083,http://www.wikidata.org/prop/direct/P1083,14818,1,8,,2024-08-19T07:39:35Z
http://www.wikidata.org/entity/Q3495620,Stade Habib Bouakeul,Sports,http://www.wikidata.org/prop/direct/P1083,http://www.wikidata.org/prop/direct/P1083,20000,1,8,,2024-08-31T12:39:07Z
http://www.wikidata.org/entity/Q3495715,Estádio Luso-Brasileiro,Sports,http://www.wikidata.org/prop/direct/P1083,http://www.wikidata.org/prop/direct/P1083,30000,1,7,,2023-04-22T17:13:10Z
http://www.wikidata.org/entity/Q947460,Gelora Delta Stadium,Sports,http://www.wikidata.org/prop/direct/P1083,http://www.wikidata.org/prop/direct/P1083,35000,1,6,,2022-03-07T00:35:03Z
http://www.wikidata.org/entity/Q1548284,Bahrain National Stadium,Sports,http://www.wikidata.org/prop/direct/P1083,http://www.wikidata.org/prop/direct/P1083,30000,1,22,,2024-04-30T08:00:10Z
http://www.wikidata.org/entity/Q912283,DCU Center,Sports,http://www.wikidata.org/prop/direct/P1083,http://www.wikidata.org/prop/direct/P1083,14800,1,9,,2024-11-25T08:11:07Z
http://www.wikidata.org/entity/Q3277438,Zibo Sports Center Stadium,Sports,http://www.wikidata.org/prop/direct/P1083,http://www.wikidata.org/prop/direct/P1083,45000,1,7,,2023-11-12T17:07:40Z
http://www.wikidata.org/entity/Q890722,Bogyoke Aung San Stadium,Sports,http://www.wikidata.org/prop/direct/P1083,http://www.wikidata.org/prop/direct/P1083,40000,1,14,,2023-05-30T18:20:51Z
http://www.wikidata.org/entity/Q3495963,Honor Stadium,Sports,http://www.wikidata.org/prop/direct/P1083,http://www.wikidata.org/prop/direct/P1083,35000,1,13,,2024-11-07T14:51:34Z
http://www.wikidata.org/entity/Q1519949,Beijing Shooting Range Hall,Sports,http://www.wikidata.org/prop/direct/P1083,http://www.wikidata.org/prop/direct/P1083,8600,1,14,,2024-09-30T08:52:10Z
http://www.wikidata.org/entity/Q1475645,Highmark Stadium,Sports,http://www.wikidata.org/prop/direct/P1083,http://www.wikidata.org/prop/direct/P1083,71608,1,27,,2024-10-12T15:34:40Z
http://www.wikidata.org/entity/Q841617,Riverbank Arena,Sports,http://www.wikidata.org/prop/direct/P1083,http://www.wikidata.org/prop/direct/P1083,15000,1,25,,2024-07-10T07:24:08Z
http://www.wikidata.org/entity/Q908481,The Den,Sports,http://www.wikidata.org/prop/direct/P1083,http://www.wikidata.org/prop/direct/P1083,20146,1,31,,2024-07-08T17:22:40Z
http://www.wikidata.org/entity/Q3495916,Stade Yves-du-Manoir,Sports,http://www.wikidata.org/prop/direct/P1083,http://www.wikidata.org/prop/direct/P1083,12697,1,8,,2024-10-09T19:38:03Z
http://www.wikidata.org/entity/Q1684285,Mahinda Rajapaksa International Cricket Stadium,Sports,http://www.wikidata.org/prop/direct/P1083,http://www.wikidata.org/prop/direct/P1083,35000,1,9,,2023-06-08T16:40:10Z
http://www.wikidata.org/entity/Q3495617,Estadio Guillermo Plazas Alcid,Sports,http://www.wikidata.org/prop/direct/P1083,http://www.wikidata.org/prop/direct/P1083,22000,1,7,,2024-10-10T05:26:45Z
http://www.wikidata.org/entity/Q1423431,Madrid Arena,Sports,http://www.wikidata.org/prop/direct/P1083,http://www.wikidata.org/prop/direct/P1083,12000,1,20,,2024-03-11T13:16:13Z
http://www.wikidata.org/entity/Q849239,Estádio Municipal de Braga,Sports,http://www.wikidata.org/prop/direct/P1083,http://www.wikidata.org/prop/direct/P1083,30286,1,31,,2024-11-25T16:29:05Z
http://www.wikidata.org/entity/Q858333,Taipei Dome,Sports,http://www.wikidata.org/prop/direct/P1083,http://www.wikidata.org/prop/direct/P1083,40000,1,10,,2024-11-18T12:30:14Z
http://www.wikidata.org/entity/Q1475645,Highmark Stadium,Sports,http://www.wikidata.org/prop/direct/P1083,http://www.wikidata.org/prop/direct/P1083,73079,1,27,,2024-10-12T15:34:40Z
http://www.wikidata.org/entity/Q3362725,L&N Federal Credit Union Stadium,Sports,http://www.wikidata.org/prop/direct/P1083,http://www.wikidata.org/prop/direct/P1083,55000,1,8,,2024-11-10T18:12:48Z
http://www.wikidata.org/entity/Q859624,Hyde Road,Sports,http://www.wikidata.org/prop/direct/P1083,http://www.wikidata.org/prop/direct/P1083,40000,1,11,,2024-07-08T16:50:47Z
http://www.wikidata.org/entity/Q3401422,Železarnica Stadium,Sports,http://www.wikidata.org/prop/direct/P1083,http://www.wikidata.org/prop/direct/P1083,4000,1,6,,2023-05-29T19:16:37Z
http://www.wikidata.org/entity/Q1651626,Mindoo Philip Park,Sports,http://www.wikidata.org/prop/direct/P1083,http://www.wikidata.org/prop/direct/P1083,5000,1,8,,2023-12-22T16:52:42Z
http://www.wikidata.org/entity/Q1548891,FlyDSA Arena,Sports,http://www.wikidata.org/prop/direct/P1083,http://www.wikidata.org/prop/direct/P1083,13500,1,8,,2024-07-08T20:44:16Z
http://www.wikidata.org/entity/Q3338619,Tomori Stadium,Sports,http://www.wikidata.org/prop/direct/P1083,http://www.wikidata.org/prop/direct/P1083,14500,1,6,,2023-11-16T07:41:52Z
http://www.wikidata.org/entity/Q3325563,Estadio Francisco Artés Carrasco,Sports,http://www.wikidata.org/prop/direct/P1083,http://www.wikidata.org/prop/direct/P1083,8120,1,10,,2024-11-05T08:43:07Z
http://www.wikidata.org/entity/Q3245092,Prince Abdullah Al Faisal Sports City,Sports,http://www.wikidata.org/prop/direct/P1083,http://www.wikidata.org/prop/direct/P1083,27000,1,22,,2024-06-13T17:31:43Z
http://www.wikidata.org/entity/Q1421388,Xcel Energy Center,Sports,http://www.wikidata.org/prop/direct/P1083,http://www.wikidata.org/prop/direct/P1083,17954,1,25,,2024-09-01T15:13:08Z
http://www.wikidata.org/entity/Q3324750,Polideportivo Fernando Martin,Sports,http://www.wikidata.org/prop/direct/P1083,http://www.wikidata.org/prop/direct/P1083,5700,1,11,,2024-04-25T17:12:43Z
http://www.wikidata.org/entity/Q3328777,Trusts Stadium,Sports,http://www.wikidata.org/prop/direct/P1083,http://www.wikidata.org/prop/direct/P1083,4901,1,6,,2023-09-29T14:44:54Z
http://www.wikidata.org/entity/Q1472896,Sixways Stadium,Sports,http://www.wikidata.org/prop/direct/P1083,http://www.wikidata.org/prop/direct/P1083,12024,1,9,,2024-11-06T15:28:47Z
http://www.wikidata.org/entity/Q1438829,Fort Worth Convention Center,Sports,http://www.wikidata.org/prop/direct/P1083,http://www.wikidata.org/prop/direct/P1083,11200,1,9,,2024-11-24T10:10:14Z
http://www.wikidata.org/entity/Q866409,Bislett Stadion,Sports,http://www.wikidata.org/prop/direct/P1083,http://www.wikidata.org/prop/direct/P1083,15400,1,31,,2024-09-02T01:24:35Z
http://www.wikidata.org/entity/Q1540869,Tinsulanonda Stadium,Sports,http://www.wikidata.org/prop/direct/P1083,http://www.wikidata.org/prop/direct/P1083,35000,1,8,,2023-01-14T05:33:44Z
http://www.wikidata.org/entity/Q3272710,Shanghai Indoor Stadium,Sports,http://www.wikidata.org/prop/direct/P1083,http://www.wikidata.org/prop/direct/P1083,10000,1,10,,2024-02-05T15:38:40Z
http://www.wikidata.org/entity/Q1546200,Stade Pershing,Sports,http://www.wikidata.org/prop/direct/P1083,http://www.wikidata.org/prop/direct/P1083,10000,1,15,,2024-07-21T13:20:50Z
http://www.wikidata.org/entity/Q3299452,Ariake Coliseum,Sports,http://www.wikidata.org/prop/direct/P1083,http://www.wikidata.org/prop/direct/P1083,10000,1,23,,2024-10-26T03:12:04Z
http://www.wikidata.org/entity/Q5400062,Estadi La Feixa Llarga,Sports,http://www.wikidata.org/prop/direct/P1083,http://www.wikidata.org/prop/direct/P1083,6294,human,7,,2024-11-24T13:02:36Z
http://www.wikidata.org/entity/Q5376846,Energia Areena,Sports,http://www.wikidata.org/prop/direct/P1083,http://www.wikidata.org/prop/direct/P1083,3500,1,7,,2023-10-08T06:51:32Z
http://www.wikidata.org/entity/Q4120100,Prince Abdulaziz bin Musa'ed Sports City,Sports,http://www.wikidata.org/prop/direct/P1083,http://www.wikidata.org/prop/direct/P1083,12250,1,7,,2024-04-29T08:04:35Z
http://www.wikidata.org/entity/Q4347035,Arena da Floresta,Sports,http://www.wikidata.org/prop/direct/P1083,http://www.wikidata.org/prop/direct/P1083,20000,1,7,,2023-05-31T09:17:18Z
http://www.wikidata.org/entity/Q4161838,Dynamo Stadium,Sports,http://www.wikidata.org/prop/direct/P1083,http://www.wikidata.org/prop/direct/P1083,5808,1,16,,2024-10-09T12:03:14Z
http://www.wikidata.org/entity/Q4131718,Gazovik Stadium,Sports,http://www.wikidata.org/prop/direct/P1083,http://www.wikidata.org/prop/direct/P1083,7500,1,10,,2024-05-14T07:17:13Z
http://www.wikidata.org/entity/Q3543956,Dinamo Stadium,Sports,http://www.wikidata.org/prop/direct/P1083,http://www.wikidata.org/prop/direct/P1083,2888,1,6,,2023-02-13T09:37:20Z
http://www.wikidata.org/entity/Q4355360,Estádio da Baixada,Sports,http://www.wikidata.org/prop/direct/P1083,http://www.wikidata.org/prop/direct/P1083,4000,1,6,,2021-03-08T23:01:04Z
http://www.wikidata.org/entity/Q4355360,Estádio da Baixada,Sports,http://www.wikidata.org/prop/direct/P1083,http://www.wikidata.org/prop/direct/P1083,6000,1,6,,2021-03-08T23:01:04Z
http://www.wikidata.org/entity/Q4315106,Lithuania National Stadium,Sports,http://www.wikidata.org/prop/direct/P1083,http://www.wikidata.org/prop/direct/P1083,25000,1,7,,2022-11-01T21:12:22Z
http://www.wikidata.org/entity/Q5400204,Estadio Fiscal de Talca,Sports,http://www.wikidata.org/prop/direct/P1083,http://www.wikidata.org/prop/direct/P1083,16,1,8,,2024-05-07T01:40:56Z
http://www.wikidata.org/entity/Q5400550,Estadio Municipal de Linarejos,Sports,http://www.wikidata.org/prop/direct/P1083,http://www.wikidata.org/prop/direct/P1083,10000,1,6,,2024-11-24T12:39:30Z
http://www.wikidata.org/entity/Q5400248,Estadio Heraclio Tapia,Sports,http://www.wikidata.org/prop/direct/P1083,http://www.wikidata.org/prop/direct/P1083,20000,1,7,,2021-07-27T19:05:54Z
http://www.wikidata.org/entity/Q4119771,Al-Zawraa Stadium,Sports,http://www.wikidata.org/prop/direct/P1083,http://www.wikidata.org/prop/direct/P1083,20000,1,6,,2024-06-21T19:36:19Z
http://www.wikidata.org/entity/Q3545654,Shahid Shiroudi Stadium,Sports,http://www.wikidata.org/prop/direct/P1083,http://www.wikidata.org/prop/direct/P1083,30000,1,15,,2024-01-27T07:53:04Z
http://www.wikidata.org/entity/Q5400510,Estadio Tierra de Campeones,Sports,http://www.wikidata.org/prop/direct/P1083,http://www.wikidata.org/prop/direct/P1083,13171,1,10,,2024-03-27T00:38:02Z
http://www.wikidata.org/entity/Q4987032,Bukovyna Stadium,Sports,http://www.wikidata.org/prop/direct/P1083,http://www.wikidata.org/prop/direct/P1083,12000,1,8,,2023-11-16T10:58:25Z
http://www.wikidata.org/entity/Q4161839,Dynamo Stadium,Sports,http://www.wikidata.org/prop/direct/P1083,http://www.wikidata.org/prop/direct/P1083,15589,1,6,,2024-10-09T12:03:16Z
http://www.wikidata.org/entity/Q5053042,Cathkin Park,Sports,http://www.wikidata.org/prop/direct/P1083,http://www.wikidata.org/prop/direct/P1083,50000,1,7,,2024-11-02T10:38:46Z
http://www.wikidata.org/entity/Q3496262,Stade Émile Mayrisch,Sports,http://www.wikidata.org/prop/direct/P1083,http://www.wikidata.org/prop/direct/P1083,4000,1,13,,2024-10-29T10:22:10Z
