entity,entityLabel,category,property,propertyLabel,value,publicationDate,sitelinks,dateCreated,dateModified
http://www.wikidata.org/entity/Q368074,The Conduit,Entertainment,http://www.wikidata.org/prop/direct/P2664,http://www.wikidata.org/prop/direct/P2664,270000,,11,,2024-11-11T11:27:30Z
http://www.wikidata.org/entity/Q16746773,Persona 4 Arena Ultimax,Entertainment,http://www.wikidata.org/prop/direct/P2664,http://www.wikidata.org/prop/direct/P2664,280000,,9,,2024-10-29T09:47:52Z
http://www.wikidata.org/entity/Q104627268,Tsukihime: A piece of blue glass moon,Entertainment,http://www.wikidata.org/prop/direct/P2664,http://www.wikidata.org/prop/direct/P2664,300000,,6,,2024-10-15T23:26:16Z
http://www.wikidata.org/entity/Q106974937,Sea of Stars,Entertainment,http://www.wikidata.org/prop/direct/P2664,http://www.wikidata.org/prop/direct/P2664,250000,,10,,2024-11-12T18:09:56Z
http://www.wikidata.org/entity/Q107215354,Slime Rancher 2,Entertainment,http://www.wikidata.org/prop/direct/P2664,http://www.wikidata.org/prop/direct/P2664,300000,,8,,2024-12-02T07:22:37Z
http://www.wikidata.org/entity/Q109633911,Tokimeki Memorial Girl's Side: 4th Heart,Entertainment,http://www.wikidata.org/prop/direct/P2664,http://www.wikidata.org/prop/direct/P2664,200000,,2,,2024-10-29T08:27:59Z
http://www.wikidata.org/entity/Q110778385,Dynasty Warriors 9 Empires,Entertainment,http://www.wikidata.org/prop/direct/P2664,http://www.wikidata.org/prop/direct/P2664,280000,,0,,2024-07-06T14:28:09Z
http://www.wikidata.org/entity/Q111973903,Roots of Pacha,Entertainment,http://www.wikidata.org/prop/direct/P2664,http://www.wikidata.org/prop/direct/P2664,200000,,2,,2024-08-10T20:18:58Z
http://www.wikidata.org/entity/Q122821611,Fabledom,Entertainment,http://www.wikidata.org/prop/direct/P2664,http://www.wikidata.org/prop/direct/P2664,200000,,0,,2024-10-09T20:20:33Z
http://www.wikidata.org/entity/Q83260404,The Idolmaster Starlit Season,Entertainment,http://www.wikidata.org/prop/direct/P2664,http://www.wikidata.org/prop/direct/P2664,100000,,5,,2024-10-30T02:42:56Z
http://www.wikidata.org/entity/Q123404936,Winning Post 9 2022,Entertainment,http://www.wikidata.org/prop/direct/P2664,http://www.wikidata.org/prop/direct/P2664,100000,,0,,2024-05-18T04:02:57Z
http://www.wikidata.org/entity/Q1188925,Witch on the Holy Night,Entertainment,http://www.wikidata.org/prop/direct/P2664,http://www.wikidata.org/prop/direct/P2664,200000,,8,,2024-11-13T04:31:46Z
http://www.wikidata.org/entity/Q29344579,Xenonauts 2,Entertainment,http://www.wikidata.org/prop/direct/P2664,http://www.wikidata.org/prop/direct/P2664,100000,,4,,2024-10-30T10:54:12Z
http://www.wikidata.org/entity/Q116206697,Lost in Play,Entertainment,http://www.wikidata.org/prop/direct/P2664,http://www.wikidata.org/prop/direct/P2664,200000,,1,,2024-10-28T07:18:24Z
http://www.wikidata.org/entity/Q117271707,Forever Skies,Entertainment,http://www.wikidata.org/prop/direct/P2664,http://www.wikidata.org/prop/direct/P2664,160000,,0,,2024-10-24T03:54:49Z
http://www.wikidata.org/entity/Q122372616,BOOK OF HOURS,Entertainment,http://www.wikidata.org/prop/direct/P2664,http://www.wikidata.org/prop/direct/P2664,100000,,0,,2024-11-14T19:08:55Z
http://www.wikidata.org/entity/Q123170753,Crow Country,Entertainment,http://www.wikidata.org/prop/direct/P2664,http://www.wikidata.org/prop/direct/P2664,100000,,1,,2024-11-10T21:10:41Z
http://www.wikidata.org/entity/Q123409015,Taiko Risshiden V DX,Entertainment,http://www.wikidata.org/prop/direct/P2664,http://www.wikidata.org/prop/direct/P2664,180000,,0,,2024-06-15T03:57:06Z
http://www.wikidata.org/entity/Q2423348,Yakuza: Dead Souls,Entertainment,http://www.wikidata.org/prop/direct/P2664,http://www.wikidata.org/prop/direct/P2664,550000,,13,,2024-11-15T17:20:19Z
http://www.wikidata.org/entity/Q17634308,Yakuza 0,Entertainment,http://www.wikidata.org/prop/direct/P2664,http://www.wikidata.org/prop/direct/P2664,500000,,21,,2024-11-28T14:01:15Z
http://www.wikidata.org/entity/Q28841964,Avorion,Entertainment,http://www.wikidata.org/prop/direct/P2664,http://www.wikidata.org/prop/direct/P2664,500000,,0,,2024-08-12T15:29:31Z
http://www.wikidata.org/entity/Q100899546,Darkest Dungeon II,Entertainment,http://www.wikidata.org/prop/direct/P2664,http://www.wikidata.org/prop/direct/P2664,500000,,5,,2024-10-30T07:23:34Z
http://www.wikidata.org/entity/Q104720759,Everspace 2,Entertainment,http://www.wikidata.org/prop/direct/P2664,http://www.wikidata.org/prop/direct/P2664,400000,,4,,2024-12-08T16:36:30Z
http://www.wikidata.org/entity/Q105608598,Samurai Warriors 5,Entertainment,http://www.wikidata.org/prop/direct/P2664,http://www.wikidata.org/prop/direct/P2664,410000,,10,,2024-11-06T00:01:45Z
http://www.wikidata.org/entity/Q117472689,Slay the Princess,Entertainment,http://www.wikidata.org/prop/direct/P2664,http://www.wikidata.org/prop/direct/P2664,500000,,5,,2024-11-22T17:57:53Z
http://www.wikidata.org/entity/Q117789120,Bread & Fred,Entertainment,http://www.wikidata.org/prop/direct/P2664,http://www.wikidata.org/prop/direct/P2664,500000,,0,,2024-07-09T08:58:04Z
http://www.wikidata.org/entity/Q125636766,The Hungry Lamb: Traveling in the Late Ming Dynasty,Entertainment,http://www.wikidata.org/prop/direct/P2664,http://www.wikidata.org/prop/direct/P2664,500000,,1,,2024-12-02T00:57:24Z
http://www.wikidata.org/entity/Q275950,Resident Evil 4,Entertainment,http://www.wikidata.org/prop/direct/P2664,http://www.wikidata.org/prop/direct/P2664,2600000,,49,,2024-11-10T16:52:44Z
http://www.wikidata.org/entity/Q642526,The Legend of Zelda: Ocarina of Time 3D,Entertainment,http://www.wikidata.org/prop/direct/P2664,http://www.wikidata.org/prop/direct/P2664,2610000,,14,,2024-11-18T19:26:25Z
http://www.wikidata.org/entity/Q665790,Wii Music,Entertainment,http://www.wikidata.org/prop/direct/P2664,http://www.wikidata.org/prop/direct/P2664,2650000,,22,,2024-11-18T20:24:57Z
http://www.wikidata.org/entity/Q868545,The Legend of Zelda: Spirit Tracks,Entertainment,http://www.wikidata.org/prop/direct/P2664,http://www.wikidata.org/prop/direct/P2664,2610000,,26,,2024-11-18T19:29:01Z
http://www.wikidata.org/entity/Q1138864,Resident Evil: Revelations,Entertainment,http://www.wikidata.org/prop/direct/P2664,http://www.wikidata.org/prop/direct/P2664,2500000,,23,,2024-11-15T05:42:42Z
http://www.wikidata.org/entity/Q1140712,Resident Evil: Operation Raccoon City,Entertainment,http://www.wikidata.org/prop/direct/P2664,http://www.wikidata.org/prop/direct/P2664,2700000,,20,,2024-10-28T13:55:25Z
http://www.wikidata.org/entity/Q1193816,Professor Layton and the Diabolical Box,Entertainment,http://www.wikidata.org/prop/direct/P2664,http://www.wikidata.org/prop/direct/P2664,2430000,,17,,2024-11-15T08:42:03Z
http://www.wikidata.org/entity/Q1330234,Pokémon Ranger,Entertainment,http://www.wikidata.org/prop/direct/P2664,http://www.wikidata.org/prop/direct/P2664,2700000,,17,,2024-11-15T11:27:59Z
http://www.wikidata.org/entity/Q1421826,Vanquish,Entertainment,http://www.wikidata.org/prop/direct/P2664,http://www.wikidata.org/prop/direct/P2664,830000,,18,,2024-11-15T12:32:39Z
http://www.wikidata.org/entity/Q2312441,Virtua Tennis 2009,Entertainment,http://www.wikidata.org/prop/direct/P2664,http://www.wikidata.org/prop/direct/P2664,880000,,11,,2024-11-12T22:38:15Z
http://www.wikidata.org/entity/Q2640332,Tales of Xillia,Entertainment,http://www.wikidata.org/prop/direct/P2664,http://www.wikidata.org/prop/direct/P2664,740000,,13,,2024-11-16T12:53:21Z
http://www.wikidata.org/entity/Q3061580,Phantasy Star Portable 2,Entertainment,http://www.wikidata.org/prop/direct/P2664,http://www.wikidata.org/prop/direct/P2664,600000,,4,,2024-08-08T04:49:29Z
http://www.wikidata.org/entity/Q5581572,Gone Home,Entertainment,http://www.wikidata.org/prop/direct/P2664,http://www.wikidata.org/prop/direct/P2664,700000,,15,,2024-11-09T20:07:45Z
http://www.wikidata.org/entity/Q17510809,Football Manager 2015,Entertainment,http://www.wikidata.org/prop/direct/P2664,http://www.wikidata.org/prop/direct/P2664,810000,,8,,2024-10-29T12:00:00Z
http://www.wikidata.org/entity/Q63228434,Persona 4: Golden,Entertainment,http://www.wikidata.org/prop/direct/P2664,http://www.wikidata.org/prop/direct/P2664,700000,,0,,2024-10-30T07:08:09Z
http://www.wikidata.org/entity/Q104704303,Timberborn,Entertainment,http://www.wikidata.org/prop/direct/P2664,http://www.wikidata.org/prop/direct/P2664,750000,,5,,2024-11-05T15:14:41Z
http://www.wikidata.org/entity/Q108750065,Earth Defense Force 6,Entertainment,http://www.wikidata.org/prop/direct/P2664,http://www.wikidata.org/prop/direct/P2664,550000,,1,,2024-11-10T20:50:37Z
http://www.wikidata.org/entity/Q114982675,Dwarf Fortress,Entertainment,http://www.wikidata.org/prop/direct/P2664,http://www.wikidata.org/prop/direct/P2664,800000,,0,,2024-06-20T14:40:01Z
http://www.wikidata.org/entity/Q123333402,Gray Zone Warfare,Entertainment,http://www.wikidata.org/prop/direct/P2664,http://www.wikidata.org/prop/direct/P2664,900000,,0,,2024-11-10T21:12:14Z
http://www.wikidata.org/entity/Q288811,Batman: Arkham City,Entertainment,http://www.wikidata.org/prop/direct/P2664,http://www.wikidata.org/prop/direct/P2664,6000000,,35,,2024-12-03T13:37:40Z
http://www.wikidata.org/entity/Q769042,Mario Party 8,Entertainment,http://www.wikidata.org/prop/direct/P2664,http://www.wikidata.org/prop/direct/P2664,6720000,,23,,2024-12-03T12:17:27Z
http://www.wikidata.org/entity/Q854487,Super Mario Galaxy 2,Entertainment,http://www.wikidata.org/prop/direct/P2664,http://www.wikidata.org/prop/direct/P2664,6360000,,32,,2024-10-30T03:54:55Z
http://www.wikidata.org/entity/Q893423,Borderlands,Entertainment,http://www.wikidata.org/prop/direct/P2664,http://www.wikidata.org/prop/direct/P2664,6000000,,28,,2024-11-14T07:56:14Z
http://www.wikidata.org/entity/Q1202544,Mario & Sonic at the Olympic Winter Games,Entertainment,http://www.wikidata.org/prop/direct/P2664,http://www.wikidata.org/prop/direct/P2664,6530000,,20,,2024-12-09T02:36:08Z
http://www.wikidata.org/entity/Q1986744,The Last of Us,Entertainment,http://www.wikidata.org/prop/direct/P2664,http://www.wikidata.org/prop/direct/P2664,7000000,,57,,2024-11-16T16:45:21Z
http://www.wikidata.org/entity/Q2045645,Pokémon Emerald,Entertainment,http://www.wikidata.org/prop/direct/P2664,http://www.wikidata.org/prop/direct/P2664,6320000,,33,,2024-11-15T12:01:07Z
http://www.wikidata.org/entity/Q16269165,Tomodachi Life,Entertainment,http://www.wikidata.org/prop/direct/P2664,http://www.wikidata.org/prop/direct/P2664,6720000,,19,,2024-10-14T13:06:54Z
http://www.wikidata.org/entity/Q16888147,Halo 5: Guardians,Entertainment,http://www.wikidata.org/prop/direct/P2664,http://www.wikidata.org/prop/direct/P2664,6600000,,23,,2024-10-30T00:55:28Z
http://www.wikidata.org/entity/Q22344828,Slime Rancher,Entertainment,http://www.wikidata.org/prop/direct/P2664,http://www.wikidata.org/prop/direct/P2664,6000000,,16,,2024-10-29T08:52:18Z
http://www.wikidata.org/entity/Q106764192,Farming Simulator 22,Entertainment,http://www.wikidata.org/prop/direct/P2664,http://www.wikidata.org/prop/direct/P2664,6000000,,4,,2024-11-27T17:38:13Z
http://www.wikidata.org/entity/Q57270,BioShock,Entertainment,http://www.wikidata.org/prop/direct/P2664,http://www.wikidata.org/prop/direct/P2664,4000000,,52,,2024-12-08T17:31:00Z
http://www.wikidata.org/entity/Q279446,Portal 2,Entertainment,http://www.wikidata.org/prop/direct/P2664,http://www.wikidata.org/prop/direct/P2664,4000000,,50,,2024-12-08T17:41:23Z
http://www.wikidata.org/entity/Q657710,The Legend of Zelda: Phantom Hourglass,Entertainment,http://www.wikidata.org/prop/direct/P2664,http://www.wikidata.org/prop/direct/P2664,4130000,,29,,2024-10-29T15:58:47Z
http://www.wikidata.org/entity/Q877501,Animal Crossing: Wild World,Entertainment,http://www.wikidata.org/prop/direct/P2664,http://www.wikidata.org/prop/direct/P2664,11750000,,28,,2024-11-20T17:29:23Z
http://www.wikidata.org/entity/Q1142888,Super Mario 64 DS,Entertainment,http://www.wikidata.org/prop/direct/P2664,http://www.wikidata.org/prop/direct/P2664,11060000,,27,,2024-11-13T00:26:32Z
http://www.wikidata.org/entity/Q2074746,BioShock Infinite,Entertainment,http://www.wikidata.org/prop/direct/P2664,http://www.wikidata.org/prop/direct/P2664,4000000,,35,,2024-12-08T17:31:02Z
http://www.wikidata.org/entity/Q2079919,Mario & Luigi: Bowser's Inside Story,Entertainment,http://www.wikidata.org/prop/direct/P2664,http://www.wikidata.org/prop/direct/P2664,4130000,,25,,2024-10-23T00:01:41Z
http://www.wikidata.org/entity/Q2298261,Luigi's Mansion: Dark Moon,Entertainment,http://www.wikidata.org/prop/direct/P2664,http://www.wikidata.org/prop/direct/P2664,3980000,,22,,2024-11-15T19:40:22Z
http://www.wikidata.org/entity/Q3861001,Monster Hunter 4,Entertainment,http://www.wikidata.org/prop/direct/P2664,http://www.wikidata.org/prop/direct/P2664,4100000,,10,,2024-08-27T22:04:58Z
http://www.wikidata.org/entity/Q18655006,Naruto Shippuden: Ultimate Ninja Storm 4,Entertainment,http://www.wikidata.org/prop/direct/P2664,http://www.wikidata.org/prop/direct/P2664,10700000,,12,,2024-10-30T11:44:31Z
http://www.wikidata.org/entity/Q24050047,Civilization VI,Entertainment,http://www.wikidata.org/prop/direct/P2664,http://www.wikidata.org/prop/direct/P2664,11000000,,37,,2024-11-20T20:48:43Z
http://www.wikidata.org/entity/Q105100327,Valheim,Entertainment,http://www.wikidata.org/prop/direct/P2664,http://www.wikidata.org/prop/direct/P2664,12000000,,19,,2024-11-22T22:03:22Z
http://www.wikidata.org/entity/Q105552720,Splatoon 3,Entertainment,http://www.wikidata.org/prop/direct/P2664,http://www.wikidata.org/prop/direct/P2664,11960000,,19,,2024-11-29T11:46:47Z
http://www.wikidata.org/entity/Q108479502,Spider-Man 2,Entertainment,http://www.wikidata.org/prop/direct/P2664,http://www.wikidata.org/prop/direct/P2664,11000000,,21,,2024-11-18T01:50:26Z
http://www.wikidata.org/entity/Q118645527,Helldivers 2,Entertainment,http://www.wikidata.org/prop/direct/P2664,http://www.wikidata.org/prop/direct/P2664,12000000,,19,,2024-12-09T00:36:53Z
http://www.wikidata.org/entity/Q791569,Bayonetta,Entertainment,http://www.wikidata.org/prop/direct/P2664,http://www.wikidata.org/prop/direct/P2664,1350000,,32,,2024-11-18T20:30:11Z
http://www.wikidata.org/entity/Q840121,Wii Fit,Entertainment,http://www.wikidata.org/prop/direct/P2664,http://www.wikidata.org/prop/direct/P2664,22670000,,31,,2024-11-18T20:24:34Z
http://www.wikidata.org/entity/Q1370609,Kirby's Return to Dream Land,Entertainment,http://www.wikidata.org/prop/direct/P2664,http://www.wikidata.org/prop/direct/P2664,1310000,,17,,2024-10-01T12:28:43Z
http://www.wikidata.org/entity/Q1620555,Pokémon Mystery Dungeon: Explorers of Sky,Entertainment,http://www.wikidata.org/prop/direct/P2664,http://www.wikidata.org/prop/direct/P2664,1400000,,9,,2024-10-30T07:23:22Z
http://www.wikidata.org/entity/Q1987193,Metroid Prime 3: Corruption,Entertainment,http://www.wikidata.org/prop/direct/P2664,http://www.wikidata.org/prop/direct/P2664,1310000,,21,,2024-11-18T19:19:31Z
http://www.wikidata.org/entity/Q11955503,Yoshi's Woolly World,Entertainment,http://www.wikidata.org/prop/direct/P2664,http://www.wikidata.org/prop/direct/P2664,1370000,,20,,2024-11-23T23:31:18Z
http://www.wikidata.org/entity/Q13442177,Wii Party U,Entertainment,http://www.wikidata.org/prop/direct/P2664,http://www.wikidata.org/prop/direct/P2664,1350000,,10,,2024-11-18T20:22:42Z
http://www.wikidata.org/entity/Q23011263,Kirby: Planet Robobot,Entertainment,http://www.wikidata.org/prop/direct/P2664,http://www.wikidata.org/prop/direct/P2664,1360000,,13,,2024-10-30T06:59:30Z
http://www.wikidata.org/entity/Q28312052,Xenoblade Chronicles 2,Entertainment,http://www.wikidata.org/prop/direct/P2664,http://www.wikidata.org/prop/direct/P2664,1310000,,20,,2024-10-30T07:00:40Z
http://www.wikidata.org/entity/Q55080111,Ancestors: The Humankind Odyssey,Entertainment,http://www.wikidata.org/prop/direct/P2664,http://www.wikidata.org/prop/direct/P2664,1500000,,15,,2024-10-29T04:04:50Z
http://www.wikidata.org/entity/Q62128996,Outward,Entertainment,http://www.wikidata.org/prop/direct/P2664,http://www.wikidata.org/prop/direct/P2664,1300000,,4,,2024-10-30T09:51:38Z
http://www.wikidata.org/entity/Q63339904,Planet Zoo,Entertainment,http://www.wikidata.org/prop/direct/P2664,http://www.wikidata.org/prop/direct/P2664,1500000,,20,,2024-10-30T03:43:24Z
http://www.wikidata.org/entity/Q77666947,The Outlast Trials,Entertainment,http://www.wikidata.org/prop/direct/P2664,http://www.wikidata.org/prop/direct/P2664,1500000,,20,,2024-10-28T14:03:31Z
http://www.wikidata.org/entity/Q97590136,Sakuna: Of Rice and Ruin,Entertainment,http://www.wikidata.org/prop/direct/P2664,http://www.wikidata.org/prop/direct/P2664,1500000,,8,,2024-10-29T12:26:14Z
http://www.wikidata.org/entity/Q105768610,Ender Lilies: Quietus of the Knights,Entertainment,http://www.wikidata.org/prop/direct/P2664,http://www.wikidata.org/prop/direct/P2664,1500000,,4,,2024-10-30T12:07:28Z
http://www.wikidata.org/entity/Q107667453,Donkey Kong Country Returns 3D,Entertainment,http://www.wikidata.org/prop/direct/P2664,http://www.wikidata.org/prop/direct/P2664,1520000,,0,,2024-10-26T23:39:38Z
http://www.wikidata.org/entity/Q113468034,PlateUp!,Entertainment,http://www.wikidata.org/prop/direct/P2664,http://www.wikidata.org/prop/direct/P2664,1500000,,1,,2024-11-22T02:53:56Z
http://www.wikidata.org/entity/Q44373,Nintendo Land,Entertainment,http://www.wikidata.org/prop/direct/P2664,http://www.wikidata.org/prop/direct/P2664,5210000,,28,,2024-08-20T13:14:22Z
http://www.wikidata.org/entity/Q390595,Final Fantasy XIII,Entertainment,http://www.wikidata.org/prop/direct/P2664,http://www.wikidata.org/prop/direct/P2664,6000000,,36,,2024-11-11T12:02:52Z
http://www.wikidata.org/entity/Q1064769,Big Brain Academy,Entertainment,http://www.wikidata.org/prop/direct/P2664,http://www.wikidata.org/prop/direct/P2664,5010000,,11,,2024-07-11T12:17:16Z
http://www.wikidata.org/entity/Q1117024,Mario Kart 7,Entertainment,http://www.wikidata.org/prop/direct/P2664,http://www.wikidata.org/prop/direct/P2664,18990000,,34,,2024-11-07T10:15:47Z
http://www.wikidata.org/entity/Q1151487,Wii Fit Plus,Entertainment,http://www.wikidata.org/prop/direct/P2664,http://www.wikidata.org/prop/direct/P2664,21130000,,16,,2024-11-18T20:25:17Z
http://www.wikidata.org/entity/Q1506526,New Super Mario Bros. U,Entertainment,http://www.wikidata.org/prop/direct/P2664,http://www.wikidata.org/prop/direct/P2664,5820000,,27,,2024-11-16T05:32:24Z
http://www.wikidata.org/entity/Q1684851,NBA 2K11,Entertainment,http://www.wikidata.org/prop/direct/P2664,http://www.wikidata.org/prop/direct/P2664,5500000,,14,,2024-11-14T03:50:12Z
http://www.wikidata.org/entity/Q1773171,Brain Age: Train Your Brain in Minutes a Day!,Entertainment,http://www.wikidata.org/prop/direct/P2664,http://www.wikidata.org/prop/direct/P2664,19010000,,23,,2024-10-15T08:43:49Z
http://www.wikidata.org/entity/Q4980843,Elite Dangerous,Entertainment,http://www.wikidata.org/prop/direct/P2664,http://www.wikidata.org/prop/direct/P2664,5100000,,19,,2024-10-28T14:31:02Z
http://www.wikidata.org/entity/Q13426947,Super Mario 3D World,Entertainment,http://www.wikidata.org/prop/direct/P2664,http://www.wikidata.org/prop/direct/P2664,5890000,,34,,2024-09-04T11:14:11Z
http://www.wikidata.org/entity/Q16259390,Darkest Dungeon,Entertainment,http://www.wikidata.org/prop/direct/P2664,http://www.wikidata.org/prop/direct/P2664,6000000,,20,,2024-10-30T00:54:25Z
http://www.wikidata.org/entity/Q20155528,Horizon Zero Dawn,Entertainment,http://www.wikidata.org/prop/direct/P2664,http://www.wikidata.org/prop/direct/P2664,20000000,,41,,2024-11-13T08:21:05Z
http://www.wikidata.org/entity/Q21129987,Yo-kai Watch 2,Entertainment,http://www.wikidata.org/prop/direct/P2664,http://www.wikidata.org/prop/direct/P2664,6000000,,8,,2024-09-30T07:20:01Z
http://www.wikidata.org/entity/Q21704660,Ace Combat 7: Skies Unknown,Entertainment,http://www.wikidata.org/prop/direct/P2664,http://www.wikidata.org/prop/direct/P2664,5000000,,20,,2024-10-28T13:57:27Z
http://www.wikidata.org/entity/Q41359742,Super Smash Bros. for Wii U,Entertainment,http://www.wikidata.org/prop/direct/P2664,http://www.wikidata.org/prop/direct/P2664,5380000,,0,,2024-10-30T05:29:19Z
http://www.wikidata.org/entity/Q50356175,Frostpunk,Entertainment,http://www.wikidata.org/prop/direct/P2664,http://www.wikidata.org/prop/direct/P2664,5000000,,25,,2024-10-28T12:45:16Z
http://www.wikidata.org/entity/Q54936079,Super Mario Party,Entertainment,http://www.wikidata.org/prop/direct/P2664,http://www.wikidata.org/prop/direct/P2664,20980000,,27,,2024-11-07T10:07:07Z
http://www.wikidata.org/entity/Q61831178,Super Mario Maker 2,Entertainment,http://www.wikidata.org/prop/direct/P2664,http://www.wikidata.org/prop/direct/P2664,5040000,,27,,2024-10-30T07:05:41Z
http://www.wikidata.org/entity/Q62049495,Satisfactory,Entertainment,http://www.wikidata.org/prop/direct/P2664,http://www.wikidata.org/prop/direct/P2664,5500000,,19,,2024-12-06T06:37:03Z
http://www.wikidata.org/entity/Q62565771,Borderlands 3,Entertainment,http://www.wikidata.org/prop/direct/P2664,http://www.wikidata.org/prop/direct/P2664,19000000,,23,,2024-10-30T03:42:23Z
http://www.wikidata.org/entity/Q64577191,The Legend of Zelda: Tears of the Kingdom,Entertainment,http://www.wikidata.org/prop/direct/P2664,http://www.wikidata.org/prop/direct/P2664,21040000,,31,,2024-11-07T10:06:03Z
http://www.wikidata.org/entity/Q67714211,Little Nightmares II,Entertainment,http://www.wikidata.org/prop/direct/P2664,http://www.wikidata.org/prop/direct/P2664,5000000,,22,,2024-11-03T19:00:46Z
http://www.wikidata.org/entity/Q98582386,Black Myth: Wukong,Entertainment,http://www.wikidata.org/prop/direct/P2664,http://www.wikidata.org/prop/direct/P2664,20000000,,32,,2024-11-29T09:28:22Z
http://www.wikidata.org/entity/Q105038239,It Takes Two,Entertainment,http://www.wikidata.org/prop/direct/P2664,http://www.wikidata.org/prop/direct/P2664,20000000,,23,,2024-12-02T18:42:42Z
http://www.wikidata.org/entity/Q275950,Resident Evil 4,Entertainment,http://www.wikidata.org/prop/direct/P2664,http://www.wikidata.org/prop/direct/P2664,1200000,,49,,2024-11-10T16:52:44Z
http://www.wikidata.org/entity/Q920103,Mario Super Sluggers,Entertainment,http://www.wikidata.org/prop/direct/P2664,http://www.wikidata.org/prop/direct/P2664,1260000,,15,,2024-11-14T08:00:08Z
http://www.wikidata.org/entity/Q1137748,Wii Play: Motion,Entertainment,http://www.wikidata.org/prop/direct/P2664,http://www.wikidata.org/prop/direct/P2664,1260000,,12,,2024-11-18T20:22:26Z
http://www.wikidata.org/entity/Q1145336,Dead Rising,Entertainment,http://www.wikidata.org/prop/direct/P2664,http://www.wikidata.org/prop/direct/P2664,1300000,,27,,2024-11-13T00:06:32Z
http://www.wikidata.org/entity/Q1191232,One Piece: Pirate Warriors,Entertainment,http://www.wikidata.org/prop/direct/P2664,http://www.wikidata.org/prop/direct/P2664,1200000,,10,,2024-11-15T07:19:51Z
http://www.wikidata.org/entity/Q1345124,Professor Layton and the Last Specter,Entertainment,http://www.wikidata.org/prop/direct/P2664,http://www.wikidata.org/prop/direct/P2664,1250000,,13,,2024-08-08T03:39:05Z
http://www.wikidata.org/entity/Q2729858,Mario Tennis Open,Entertainment,http://www.wikidata.org/prop/direct/P2664,http://www.wikidata.org/prop/direct/P2664,1110000,,15,,2024-10-15T10:28:47Z
http://www.wikidata.org/entity/Q6518543,Lego City Undercover: The Chase Begins,Entertainment,http://www.wikidata.org/prop/direct/P2664,http://www.wikidata.org/prop/direct/P2664,1200000,,13,,2024-08-31T06:06:38Z
http://www.wikidata.org/entity/Q17157041,Captain Toad: Treasure Tracker,Entertainment,http://www.wikidata.org/prop/direct/P2664,http://www.wikidata.org/prop/direct/P2664,1180000,,26,,2024-07-17T03:50:37Z
http://www.wikidata.org/entity/Q24679822,Dead Rising 4,Entertainment,http://www.wikidata.org/prop/direct/P2664,http://www.wikidata.org/prop/direct/P2664,1300000,,10,,2024-10-30T03:32:38Z
http://www.wikidata.org/entity/Q44997696,Bayonetta 3,Entertainment,http://www.wikidata.org/prop/direct/P2664,http://www.wikidata.org/prop/direct/P2664,1070000,,19,,2024-07-06T15:40:53Z
http://www.wikidata.org/entity/Q60565953,House Party,Entertainment,http://www.wikidata.org/prop/direct/P2664,http://www.wikidata.org/prop/direct/P2664,1100000,,2,,2024-08-29T19:19:51Z
http://www.wikidata.org/entity/Q78059950,Resident Evil 3,Entertainment,http://www.wikidata.org/prop/direct/P2664,http://www.wikidata.org/prop/direct/P2664,8772000,,27,,2024-10-30T07:12:53Z
http://www.wikidata.org/entity/Q107255671,WarioWare: Get It Together!,Entertainment,http://www.wikidata.org/prop/direct/P2664,http://www.wikidata.org/prop/direct/P2664,1270000,,9,,2024-11-12T20:05:45Z
http://www.wikidata.org/entity/Q111962863,Against the Storm,Entertainment,http://www.wikidata.org/prop/direct/P2664,http://www.wikidata.org/prop/direct/P2664,1200000,,5,,2024-10-30T04:06:30Z
http://www.wikidata.org/entity/Q116765033,Nintendo Labo Toy-Con 01 Variety Kit,Entertainment,http://www.wikidata.org/prop/direct/P2664,http://www.wikidata.org/prop/direct/P2664,1090000,,0,,2024-07-12T05:28:36Z
http://www.wikidata.org/entity/Q275950,Resident Evil 4,Entertainment,http://www.wikidata.org/prop/direct/P2664,http://www.wikidata.org/prop/direct/P2664,1600000,,49,,2024-11-10T16:52:44Z
http://www.wikidata.org/entity/Q969764,Sonic Generations,Entertainment,http://www.wikidata.org/prop/direct/P2664,http://www.wikidata.org/prop/direct/P2664,1850000,,27,,2024-10-31T08:13:15Z
http://www.wikidata.org/entity/Q1060037,Mario Strikers Charged,Entertainment,http://www.wikidata.org/prop/direct/P2664,http://www.wikidata.org/prop/direct/P2664,1770000,,20,,2024-10-15T10:26:33Z
http://www.wikidata.org/entity/Q1145336,Dead Rising,Entertainment,http://www.wikidata.org/prop/direct/P2664,http://www.wikidata.org/prop/direct/P2664,1800000,,27,,2024-11-13T00:06:32Z
http://www.wikidata.org/entity/Q2060664,Cooking Guide: Can't Decide What to Eat?,Entertainment,http://www.wikidata.org/prop/direct/P2664,http://www.wikidata.org/prop/direct/P2664,1840000,,9,,2024-07-10T19:31:30Z
http://www.wikidata.org/entity/Q2473100,Mario vs. Donkey Kong: Mini-Land Mayhem!,Entertainment,http://www.wikidata.org/prop/direct/P2664,http://www.wikidata.org/prop/direct/P2664,1780000,,9,,2024-11-15T20:11:00Z
http://www.wikidata.org/entity/Q3197316,Kirby: Triple Deluxe,Entertainment,http://www.wikidata.org/prop/direct/P2664,http://www.wikidata.org/prop/direct/P2664,1780000,,16,,2024-07-12T15:25:45Z
http://www.wikidata.org/entity/Q15260509,DuckTales: Remastered,Entertainment,http://www.wikidata.org/prop/direct/P2664,http://www.wikidata.org/prop/direct/P2664,1600000,,8,,2024-11-29T17:50:22Z
http://www.wikidata.org/entity/Q17185964,The Legend of Zelda: Breath of the Wild,Entertainment,http://www.wikidata.org/prop/direct/P2664,http://www.wikidata.org/prop/direct/P2664,1700000,,49,,2024-11-07T09:59:36Z
http://www.wikidata.org/entity/Q27971937,Marvel vs. Capcom: Infinite,Entertainment,http://www.wikidata.org/prop/direct/P2664,http://www.wikidata.org/prop/direct/P2664,2200000,,11,,2024-10-30T07:28:33Z
http://www.wikidata.org/entity/Q28308644,1-2-Switch,Entertainment,http://www.wikidata.org/prop/direct/P2664,http://www.wikidata.org/prop/direct/P2664,2290000,,22,,2024-10-15T23:38:40Z
http://www.wikidata.org/entity/Q28312454,Arms,Entertainment,http://www.wikidata.org/prop/direct/P2664,http://www.wikidata.org/prop/direct/P2664,1850000,,19,,2024-07-06T16:19:21Z
http://www.wikidata.org/entity/Q28686980,Super Mario Maker for Nintendo 3DS,Entertainment,http://www.wikidata.org/prop/direct/P2664,http://www.wikidata.org/prop/direct/P2664,2340000,,3,,2024-10-15T09:06:04Z
http://www.wikidata.org/entity/Q30186745,Monster Hunter XX,Entertainment,http://www.wikidata.org/prop/direct/P2664,http://www.wikidata.org/prop/direct/P2664,1800000,,0,,2024-05-07T06:05:26Z
http://www.wikidata.org/entity/Q44636586,Mega Man 11,Entertainment,http://www.wikidata.org/prop/direct/P2664,http://www.wikidata.org/prop/direct/P2664,1800000,,16,,2024-11-20T13:46:07Z
http://www.wikidata.org/entity/Q96357198,New Pokémon Snap,Entertainment,http://www.wikidata.org/prop/direct/P2664,http://www.wikidata.org/prop/direct/P2664,2400000,,13,,2024-10-30T07:10:03Z
http://www.wikidata.org/entity/Q99448884,Monster Hunter Stories 2: Wings of Ruin,Entertainment,http://www.wikidata.org/prop/direct/P2664,http://www.wikidata.org/prop/direct/P2664,2000000,,9,,2024-10-29T10:09:34Z
http://www.wikidata.org/entity/Q99710515,Medieval Dynasty,Entertainment,http://www.wikidata.org/prop/direct/P2664,http://www.wikidata.org/prop/direct/P2664,1750000,,2,,2024-11-27T19:09:31Z
http://www.wikidata.org/entity/Q105552962,Mario Golf: Super Rush,Entertainment,http://www.wikidata.org/prop/direct/P2664,http://www.wikidata.org/prop/direct/P2664,2350000,,15,,2024-08-08T00:36:02Z
http://www.wikidata.org/entity/Q108382102,Big Brain Academy: Brain vs. Brain,Entertainment,http://www.wikidata.org/prop/direct/P2664,http://www.wikidata.org/prop/direct/P2664,1590000,,3,,2024-09-03T13:46:39Z
http://www.wikidata.org/entity/Q124254764,Buckshot Roulette,Entertainment,http://www.wikidata.org/prop/direct/P2664,http://www.wikidata.org/prop/direct/P2664,2000000,,10,,2024-11-03T20:03:00Z
http://www.wikidata.org/entity/Q124357469,Balatro,Entertainment,http://www.wikidata.org/prop/direct/P2664,http://www.wikidata.org/prop/direct/P2664,2000000,,12,,2024-12-02T02:00:45Z
http://www.wikidata.org/entity/Q125261138,Content Warning,Entertainment,http://www.wikidata.org/prop/direct/P2664,http://www.wikidata.org/prop/direct/P2664,2200000,,7,,2024-12-01T18:00:55Z
http://www.wikidata.org/entity/Q509177,Mario Party DS,Entertainment,http://www.wikidata.org/prop/direct/P2664,http://www.wikidata.org/prop/direct/P2664,8210000,,20,,2024-11-13T15:20:32Z
http://www.wikidata.org/entity/Q548203,Red Dead Redemption,Entertainment,http://www.wikidata.org/prop/direct/P2664,http://www.wikidata.org/prop/direct/P2664,8000000,,45,,2024-12-08T17:41:51Z
http://www.wikidata.org/entity/Q601050,Resident Evil 5,Entertainment,http://www.wikidata.org/prop/direct/P2664,http://www.wikidata.org/prop/direct/P2664,9000000,,39,,2024-11-13T16:53:00Z
http://www.wikidata.org/entity/Q773395,Gran Turismo 5,Entertainment,http://www.wikidata.org/prop/direct/P2664,http://www.wikidata.org/prop/direct/P2664,9010000,,31,,2024-11-14T04:21:40Z
http://www.wikidata.org/entity/Q838707,Mario Kart Wii,Entertainment,http://www.wikidata.org/prop/direct/P2664,http://www.wikidata.org/prop/direct/P2664,37380000,,41,,2024-11-14T07:35:28Z
http://www.wikidata.org/entity/Q939806,Resident Evil 6,Entertainment,http://www.wikidata.org/prop/direct/P2664,http://www.wikidata.org/prop/direct/P2664,9000000,,28,,2024-11-14T09:44:52Z
http://www.wikidata.org/entity/Q1135241,Wii Sports Resort,Entertainment,http://www.wikidata.org/prop/direct/P2664,http://www.wikidata.org/prop/direct/P2664,33140000,,29,,2024-11-18T20:23:38Z
http://www.wikidata.org/entity/Q1154227,Pokémon Platinum,Entertainment,http://www.wikidata.org/prop/direct/P2664,http://www.wikidata.org/prop/direct/P2664,7060000,,28,,2024-11-12T21:01:43Z
http://www.wikidata.org/entity/Q1200921,Wii Party,Entertainment,http://www.wikidata.org/prop/direct/P2664,http://www.wikidata.org/prop/direct/P2664,9350000,,19,,2024-11-18T20:22:12Z
http://www.wikidata.org/entity/Q4267401,The Witcher 3: Wild Hunt,Entertainment,http://www.wikidata.org/prop/direct/P2664,http://www.wikidata.org/prop/direct/P2664,50000000,,51,,2024-11-25T20:23:32Z
http://www.wikidata.org/entity/Q13427106,Mario Kart 8,Entertainment,http://www.wikidata.org/prop/direct/P2664,http://www.wikidata.org/prop/direct/P2664,8460000,,39,,2024-11-11T07:56:04Z
http://www.wikidata.org/entity/Q15408545,Kingdom Come: Deliverance,Entertainment,http://www.wikidata.org/prop/direct/P2664,http://www.wikidata.org/prop/direct/P2664,8000000,,25,,2024-11-07T12:45:33Z
http://www.wikidata.org/entity/Q16629950,Dragon's Dogma: Dark Arisen,Entertainment,http://www.wikidata.org/prop/direct/P2664,http://www.wikidata.org/prop/direct/P2664,7500000,,1,,2024-10-30T01:02:49Z
http://www.wikidata.org/entity/Q16681843,Uncharted 4: A Thief's End,Entertainment,http://www.wikidata.org/prop/direct/P2664,http://www.wikidata.org/prop/direct/P2664,8700000,,34,,2024-09-24T16:29:16Z
http://www.wikidata.org/entity/Q16743212,This War of Mine,Entertainment,http://www.wikidata.org/prop/direct/P2664,http://www.wikidata.org/prop/direct/P2664,9000000,,22,,2024-10-30T03:36:49Z
http://www.wikidata.org/entity/Q17164955,Super Mario Maker,Entertainment,http://www.wikidata.org/prop/direct/P2664,http://www.wikidata.org/prop/direct/P2664,4020000,,32,,2024-11-13T09:40:20Z
http://www.wikidata.org/entity/Q17185964,The Legend of Zelda: Breath of the Wild,Entertainment,http://www.wikidata.org/prop/direct/P2664,http://www.wikidata.org/prop/direct/P2664,32290000,,49,,2024-11-07T09:59:36Z
http://www.wikidata.org/entity/Q18608589,Street Fighter V,Entertainment,http://www.wikidata.org/prop/direct/P2664,http://www.wikidata.org/prop/direct/P2664,7400000,,22,,2024-10-28T13:27:17Z
http://www.wikidata.org/entity/Q20856979,Monster Hunter Generations,Entertainment,http://www.wikidata.org/prop/direct/P2664,http://www.wikidata.org/prop/direct/P2664,4300000,,13,,2024-10-30T06:32:00Z
http://www.wikidata.org/entity/Q21078985,NieR: Automata,Entertainment,http://www.wikidata.org/prop/direct/P2664,http://www.wikidata.org/prop/direct/P2664,8000000,,32,,2024-11-12T19:00:32Z
http://www.wikidata.org/entity/Q30897883,Monster Hunter 4 Ultimate,Entertainment,http://www.wikidata.org/prop/direct/P2664,http://www.wikidata.org/prop/direct/P2664,4200000,,1,,2024-07-09T09:26:42Z
http://www.wikidata.org/entity/Q37598390,Jurassic World Evolution,Entertainment,http://www.wikidata.org/prop/direct/P2664,http://www.wikidata.org/prop/direct/P2664,4000000,,21,,2024-10-28T13:41:15Z
http://www.wikidata.org/entity/Q43541160,Human: Fall Flat,Entertainment,http://www.wikidata.org/prop/direct/P2664,http://www.wikidata.org/prop/direct/P2664,50000000,,19,,2024-10-28T14:33:10Z
http://www.wikidata.org/entity/Q54093632,Super Smash Bros. Ultimate,Entertainment,http://www.wikidata.org/prop/direct/P2664,http://www.wikidata.org/prop/direct/P2664,35140000,,37,,2024-11-07T09:58:17Z
http://www.wikidata.org/entity/Q55076932,Devil May Cry 5,Entertainment,http://www.wikidata.org/prop/direct/P2664,http://www.wikidata.org/prop/direct/P2664,8164000,,25,,2024-10-30T04:27:39Z
http://www.wikidata.org/entity/Q55381944,Deep Rock Galactic,Entertainment,http://www.wikidata.org/prop/direct/P2664,http://www.wikidata.org/prop/direct/P2664,8000000,,13,,2024-10-30T03:38:02Z
http://www.wikidata.org/entity/Q61745904,The Legend of Zelda: Link's Awakening,Entertainment,http://www.wikidata.org/prop/direct/P2664,http://www.wikidata.org/prop/direct/P2664,4190000,,15,,2024-11-28T07:24:26Z
http://www.wikidata.org/entity/Q64566657,Animal Crossing: New Horizons,Entertainment,http://www.wikidata.org/prop/direct/P2664,http://www.wikidata.org/prop/direct/P2664,46450000,,32,,2024-11-20T17:30:36Z
http://www.wikidata.org/entity/Q65123089,One Piece: Pirate Warriors 4,Entertainment,http://www.wikidata.org/prop/direct/P2664,http://www.wikidata.org/prop/direct/P2664,8000000,,9,,2024-11-06T15:46:20Z
http://www.wikidata.org/entity/Q66769824,Resident Evil 0 HD Remaster,Entertainment,http://www.wikidata.org/prop/direct/P2664,http://www.wikidata.org/prop/direct/P2664,4100000,,0,,2024-10-31T11:58:33Z
http://www.wikidata.org/entity/Q67387574,Dragon Ball Z: Kakarot,Entertainment,http://www.wikidata.org/prop/direct/P2664,http://www.wikidata.org/prop/direct/P2664,8000000,,14,,2024-12-08T17:35:28Z
http://www.wikidata.org/entity/Q85881479,"Momotaro Dentetsu: Showa, Heisei, Reiwa mo Teiban!",Entertainment,http://www.wikidata.org/prop/direct/P2664,http://www.wikidata.org/prop/direct/P2664,4000000,,2,,2024-07-12T05:29:16Z
http://www.wikidata.org/entity/Q98969837,Hyrule Warriors: Age of Calamity,Entertainment,http://www.wikidata.org/prop/direct/P2664,http://www.wikidata.org/prop/direct/P2664,4000000,,17,,2024-10-30T07:09:08Z
http://www.wikidata.org/entity/Q105560569,The Legend of Zelda: Skyward Sword HD,Entertainment,http://www.wikidata.org/prop/direct/P2664,http://www.wikidata.org/prop/direct/P2664,3910000,,5,,2024-10-27T15:56:00Z
http://www.wikidata.org/entity/Q108670544,Kirby and the Forgotten Land,Entertainment,http://www.wikidata.org/prop/direct/P2664,http://www.wikidata.org/prop/direct/P2664,7520000,,15,,2024-10-30T07:11:46Z
http://www.wikidata.org/entity/Q110999026,Street Fighter 6,Entertainment,http://www.wikidata.org/prop/direct/P2664,http://www.wikidata.org/prop/direct/P2664,4000000,,18,,2024-10-29T05:39:39Z
http://www.wikidata.org/entity/Q112055534,V Rising,Entertainment,http://www.wikidata.org/prop/direct/P2664,http://www.wikidata.org/prop/direct/P2664,4000000,,9,,2024-10-29T10:20:15Z
http://www.wikidata.org/entity/Q112231148,Resident Evil 4,Entertainment,http://www.wikidata.org/prop/direct/P2664,http://www.wikidata.org/prop/direct/P2664,8000000,,24,,2024-12-02T14:52:20Z
http://www.wikidata.org/entity/Q118374430,Mortal Kombat 1,Entertainment,http://www.wikidata.org/prop/direct/P2664,http://www.wikidata.org/prop/direct/P2664,4000000,,21,,2024-10-28T13:46:53Z
http://www.wikidata.org/entity/Q120462057,NBA 2K24,Entertainment,http://www.wikidata.org/prop/direct/P2664,http://www.wikidata.org/prop/direct/P2664,7000000,,3,,2024-08-16T09:54:08Z
http://www.wikidata.org/entity/Q44462,Animal Crossing: New Leaf,Entertainment,http://www.wikidata.org/prop/direct/P2664,http://www.wikidata.org/prop/direct/P2664,13060000,,26,,2024-11-20T17:25:23Z
http://www.wikidata.org/entity/Q170410,New Super Mario Bros. Wii,Entertainment,http://www.wikidata.org/prop/direct/P2664,http://www.wikidata.org/prop/direct/P2664,30320000,,33,,2024-10-15T09:02:11Z
http://www.wikidata.org/entity/Q170489,Super Mario Galaxy,Entertainment,http://www.wikidata.org/prop/direct/P2664,http://www.wikidata.org/prop/direct/P2664,12800000,,39,,2024-11-13T05:36:59Z
http://www.wikidata.org/entity/Q244030,Diablo III,Entertainment,http://www.wikidata.org/prop/direct/P2664,http://www.wikidata.org/prop/direct/P2664,30000000,,44,,2024-10-29T12:01:36Z
http://www.wikidata.org/entity/Q301555,New Super Mario Bros.,Entertainment,http://www.wikidata.org/prop/direct/P2664,http://www.wikidata.org/prop/direct/P2664,30800000,,33,,2024-11-10T18:52:16Z
http://www.wikidata.org/entity/Q558621,New Super Mario Bros. 2,Entertainment,http://www.wikidata.org/prop/direct/P2664,http://www.wikidata.org/prop/direct/P2664,13420000,,26,,2024-11-13T15:22:23Z
http://www.wikidata.org/entity/Q611189,Pokémon HeartGold and SoulSilver,Entertainment,http://www.wikidata.org/prop/direct/P2664,http://www.wikidata.org/prop/direct/P2664,12720000,,29,,2024-12-02T10:50:13Z
http://www.wikidata.org/entity/Q843131,Super Smash Bros. Brawl,Entertainment,http://www.wikidata.org/prop/direct/P2664,http://www.wikidata.org/prop/direct/P2664,13320000,,35,,2024-11-27T09:51:04Z
http://www.wikidata.org/entity/Q877492,Wii Play,Entertainment,http://www.wikidata.org/prop/direct/P2664,http://www.wikidata.org/prop/direct/P2664,28020000,,27,,2024-11-18T20:24:20Z
http://www.wikidata.org/entity/Q893422,Borderlands 2,Entertainment,http://www.wikidata.org/prop/direct/P2664,http://www.wikidata.org/prop/direct/P2664,27000000,,29,,2024-12-08T17:31:46Z
http://www.wikidata.org/entity/Q1050298,Super Mario 3D Land,Entertainment,http://www.wikidata.org/prop/direct/P2664,http://www.wikidata.org/prop/direct/P2664,12880000,,32,,2024-09-04T11:21:13Z
http://www.wikidata.org/entity/Q3182559,Cyberpunk 2077,Entertainment,http://www.wikidata.org/prop/direct/P2664,http://www.wikidata.org/prop/direct/P2664,30000000,,55,,2024-12-08T14:44:00Z
http://www.wikidata.org/entity/Q23013817,Stardew Valley,Entertainment,http://www.wikidata.org/prop/direct/P2664,http://www.wikidata.org/prop/direct/P2664,30000000,,38,,2024-11-18T23:34:59Z
http://www.wikidata.org/entity/Q24577667,Resident Evil 7: Biohazard,Entertainment,http://www.wikidata.org/prop/direct/P2664,http://www.wikidata.org/prop/direct/P2664,13394000,,37,,2024-10-30T07:10:06Z
http://www.wikidata.org/entity/Q28129061,Splatoon 2,Entertainment,http://www.wikidata.org/prop/direct/P2664,http://www.wikidata.org/prop/direct/P2664,13300000,,25,,2024-10-30T06:59:16Z
http://www.wikidata.org/entity/Q28234671,Super Mario Odyssey,Entertainment,http://www.wikidata.org/prop/direct/P2664,http://www.wikidata.org/prop/direct/P2664,28500000,,35,,2024-11-24T03:56:59Z
http://www.wikidata.org/entity/Q42564798,Ghost of Tsushima,Entertainment,http://www.wikidata.org/prop/direct/P2664,http://www.wikidata.org/prop/direct/P2664,13000000,,34,,2024-11-22T00:46:52Z
http://www.wikidata.org/entity/Q81690497,Monster Hunter World: Iceborne,Entertainment,http://www.wikidata.org/prop/direct/P2664,http://www.wikidata.org/prop/direct/P2664,12600000,,3,,2024-10-30T07:07:23Z
http://www.wikidata.org/entity/Q99397854,Hogwarts Legacy,Entertainment,http://www.wikidata.org/prop/direct/P2664,http://www.wikidata.org/prop/direct/P2664,30000000,,39,,2024-11-18T08:33:31Z
http://www.wikidata.org/entity/Q105106422,Super Mario 3D World + Bowser's Fury,Entertainment,http://www.wikidata.org/prop/direct/P2664,http://www.wikidata.org/prop/direct/P2664,13470000,,2,,2024-10-30T07:09:48Z
http://www.wikidata.org/entity/Q107250201,Mario Party Superstars,Entertainment,http://www.wikidata.org/prop/direct/P2664,http://www.wikidata.org/prop/direct/P2664,12890000,,17,,2024-08-08T01:11:33Z
http://www.wikidata.org/entity/Q113877951,NBA 2K23,Entertainment,http://www.wikidata.org/prop/direct/P2664,http://www.wikidata.org/prop/direct/P2664,13000000,,2,,2024-10-30T03:48:28Z
http://www.wikidata.org/entity/Q114995908,Dave the Diver,Entertainment,http://www.wikidata.org/prop/direct/P2664,http://www.wikidata.org/prop/direct/P2664,5000000,,10,,2024-12-03T21:36:00Z
http://www.wikidata.org/entity/Q119819453,Super Mario Bros. Wonder,Entertainment,http://www.wikidata.org/prop/direct/P2664,http://www.wikidata.org/prop/direct/P2664,13440000,,21,,2024-11-22T14:09:06Z
http://www.wikidata.org/entity/Q764736,Paper Mario: Sticker Star,Entertainment,http://www.wikidata.org/prop/direct/P2664,http://www.wikidata.org/prop/direct/P2664,1970000,,20,,2024-10-15T09:10:11Z
http://www.wikidata.org/entity/Q1302248,Super Street Fighter IV,Entertainment,http://www.wikidata.org/prop/direct/P2664,http://www.wikidata.org/prop/direct/P2664,1900000,,14,,2024-11-15T10:29:43Z
http://www.wikidata.org/entity/Q1868703,Lollipop Chainsaw,Entertainment,http://www.wikidata.org/prop/direct/P2664,http://www.wikidata.org/prop/direct/P2664,1000000,,17,,2024-11-16T06:48:27Z
http://www.wikidata.org/entity/Q3624011,Art Academy,Entertainment,http://www.wikidata.org/prop/direct/P2664,http://www.wikidata.org/prop/direct/P2664,1900000,,8,,2024-11-16T12:52:51Z
http://www.wikidata.org/entity/Q20899735,Divinity: Original Sin 2,Entertainment,http://www.wikidata.org/prop/direct/P2664,http://www.wikidata.org/prop/direct/P2664,1000000,,14,,2024-10-30T06:56:45Z
http://www.wikidata.org/entity/Q21078995,Yo-kai Watch,Entertainment,http://www.wikidata.org/prop/direct/P2664,http://www.wikidata.org/prop/direct/P2664,1000000,,9,,2024-09-07T12:05:31Z
http://www.wikidata.org/entity/Q64590208,Chivalry 2,Entertainment,http://www.wikidata.org/prop/direct/P2664,http://www.wikidata.org/prop/direct/P2664,2000000,,9,,2024-10-30T03:46:05Z
http://www.wikidata.org/entity/Q80533334,Spiritfarer,Entertainment,http://www.wikidata.org/prop/direct/P2664,http://www.wikidata.org/prop/direct/P2664,2000000,,13,,2024-10-30T03:45:21Z
http://www.wikidata.org/entity/Q107388819,Hot Wheels Unleashed,Entertainment,http://www.wikidata.org/prop/direct/P2664,http://www.wikidata.org/prop/direct/P2664,2000000,,7,,2024-10-29T16:36:09Z
http://www.wikidata.org/entity/Q111226203,Core Keeper,Entertainment,http://www.wikidata.org/prop/direct/P2664,http://www.wikidata.org/prop/direct/P2664,2000000,,2,,2024-10-30T03:47:32Z
http://www.wikidata.org/entity/Q115641826,Remnant 2,Entertainment,http://www.wikidata.org/prop/direct/P2664,http://www.wikidata.org/prop/direct/P2664,2000000,,3,,2024-10-30T07:13:38Z
http://www.wikidata.org/entity/Q122560431,Paper Mario: The Thousand-Year Door,Entertainment,http://www.wikidata.org/prop/direct/P2664,http://www.wikidata.org/prop/direct/P2664,1940000,,0,,2024-11-07T12:16:05Z
http://www.wikidata.org/entity/Q17452,Grand Theft Auto V,Entertainment,http://www.wikidata.org/prop/direct/P2664,http://www.wikidata.org/prop/direct/P2664,200000000,,93,,2024-11-28T20:59:54Z
http://www.wikidata.org/entity/Q49740,Minecraft,Entertainment,http://www.wikidata.org/prop/direct/P2664,http://www.wikidata.org/prop/direct/P2664,300000000,,143,,2024-12-03T21:34:24Z
http://www.wikidata.org/entity/Q71936,Wii Sports,Entertainment,http://www.wikidata.org/prop/direct/P2664,http://www.wikidata.org/prop/direct/P2664,82900000,,44,,2024-11-18T20:23:59Z
http://www.wikidata.org/entity/Q94797,Grand Theft Auto IV,Entertainment,http://www.wikidata.org/prop/direct/P2664,http://www.wikidata.org/prop/direct/P2664,17000000,,75,,2024-11-16T22:40:00Z
http://www.wikidata.org/entity/Q151614,Sonic Colors,Entertainment,http://www.wikidata.org/prop/direct/P2664,http://www.wikidata.org/prop/direct/P2664,2180000,,21,,2024-10-04T16:16:06Z
http://www.wikidata.org/entity/Q275950,Resident Evil 4,Entertainment,http://www.wikidata.org/prop/direct/P2664,http://www.wikidata.org/prop/direct/P2664,2300000,,49,,2024-11-10T16:52:44Z
http://www.wikidata.org/entity/Q323862,The Elder Scrolls V: Skyrim,Entertainment,http://www.wikidata.org/prop/direct/P2664,http://www.wikidata.org/prop/direct/P2664,60000000,,66,,2024-11-30T15:16:17Z
http://www.wikidata.org/entity/Q332697,Terraria,Entertainment,http://www.wikidata.org/prop/direct/P2664,http://www.wikidata.org/prop/direct/P2664,58700000,,45,,2024-11-11T08:57:20Z
http://www.wikidata.org/entity/Q522508,Super Paper Mario,Entertainment,http://www.wikidata.org/prop/direct/P2664,http://www.wikidata.org/prop/direct/P2664,2280000,,26,,2024-10-23T02:35:01Z
http://www.wikidata.org/entity/Q601050,Resident Evil 5,Entertainment,http://www.wikidata.org/prop/direct/P2664,http://www.wikidata.org/prop/direct/P2664,2400000,,39,,2024-11-13T16:53:00Z
http://www.wikidata.org/entity/Q642107,Deus Ex: Human Revolution,Entertainment,http://www.wikidata.org/prop/direct/P2664,http://www.wikidata.org/prop/direct/P2664,2180000,,32,,2024-12-08T17:34:57Z
http://www.wikidata.org/entity/Q788134,Marvel vs. Capcom 3: Fate of Two Worlds,Entertainment,http://www.wikidata.org/prop/direct/P2664,http://www.wikidata.org/prop/direct/P2664,2200000,,18,,2024-10-30T07:28:49Z
http://www.wikidata.org/entity/Q858564,Mario Kart DS,Entertainment,http://www.wikidata.org/prop/direct/P2664,http://www.wikidata.org/prop/direct/P2664,23600000,,37,,2024-11-20T22:17:25Z
http://www.wikidata.org/entity/Q864389,Nintendogs,Entertainment,http://www.wikidata.org/prop/direct/P2664,http://www.wikidata.org/prop/direct/P2664,23960000,,32,,2024-11-27T02:06:29Z
http://www.wikidata.org/entity/Q1132456,Kirby Super Star Ultra,Entertainment,http://www.wikidata.org/prop/direct/P2664,http://www.wikidata.org/prop/direct/P2664,2360000,,11,,2024-11-14T09:34:00Z
http://www.wikidata.org/entity/Q1326385,Big Brain Academy: Wii Degree,Entertainment,http://www.wikidata.org/prop/direct/P2664,http://www.wikidata.org/prop/direct/P2664,2260000,,11,,2024-08-05T04:55:15Z
http://www.wikidata.org/entity/Q2456265,Pokémon Ranger: Shadows of Almia,Entertainment,http://www.wikidata.org/prop/direct/P2664,http://www.wikidata.org/prop/direct/P2664,2040000,,16,,2024-10-15T09:39:52Z
http://www.wikidata.org/entity/Q4779680,Mario & Luigi: Dream Team,Entertainment,http://www.wikidata.org/prop/direct/P2664,http://www.wikidata.org/prop/direct/P2664,2080000,,18,,2024-10-23T00:01:23Z
http://www.wikidata.org/entity/Q5457519,Flash Focus: Vision Training in Minutes a Day,Entertainment,http://www.wikidata.org/prop/direct/P2664,http://www.wikidata.org/prop/direct/P2664,2520000,,5,,2024-08-05T04:39:06Z
http://www.wikidata.org/entity/Q11300470,The Legend of Zelda: A Link Between Worlds,Entertainment,http://www.wikidata.org/prop/direct/P2664,http://www.wikidata.org/prop/direct/P2664,2510000,,22,,2024-11-18T19:28:38Z
http://www.wikidata.org/entity/Q13427360,Donkey Kong Country: Tropical Freeze,Entertainment,http://www.wikidata.org/prop/direct/P2664,http://www.wikidata.org/prop/direct/P2664,2250000,,20,,2024-10-30T03:55:35Z
http://www.wikidata.org/entity/Q14900378,The Legend of Zelda: The Wind Waker HD,Entertainment,http://www.wikidata.org/prop/direct/P2664,http://www.wikidata.org/prop/direct/P2664,2370000,,10,,2024-11-18T19:31:16Z
http://www.wikidata.org/entity/Q15613717,Alien: Isolation,Entertainment,http://www.wikidata.org/prop/direct/P2664,http://www.wikidata.org/prop/direct/P2664,2110000,,30,,2024-10-29T09:05:17Z
http://www.wikidata.org/entity/Q16302647,Ultra Street Fighter IV,Entertainment,http://www.wikidata.org/prop/direct/P2664,http://www.wikidata.org/prop/direct/P2664,2000000,,1,,2024-10-29T08:55:58Z
http://www.wikidata.org/entity/Q17157196,Mario Party 10,Entertainment,http://www.wikidata.org/prop/direct/P2664,http://www.wikidata.org/prop/direct/P2664,2270000,,26,,2024-10-29T12:42:04Z
http://www.wikidata.org/entity/Q18345138,God of War,Entertainment,http://www.wikidata.org/prop/direct/P2664,http://www.wikidata.org/prop/direct/P2664,23000000,,42,,2024-10-28T10:59:41Z
http://www.wikidata.org/entity/Q19744696,Planet Coaster,Entertainment,http://www.wikidata.org/prop/direct/P2664,http://www.wikidata.org/prop/direct/P2664,2500000,,20,,2024-10-30T03:29:12Z
http://www.wikidata.org/entity/Q27438121,Red Dead Redemption 2,Entertainment,http://www.wikidata.org/prop/direct/P2664,http://www.wikidata.org/prop/direct/P2664,61000000,,52,,2024-12-08T17:41:54Z
http://www.wikidata.org/entity/Q28321447,Mario Kart 8 Deluxe,Entertainment,http://www.wikidata.org/prop/direct/P2664,http://www.wikidata.org/prop/direct/P2664,64270000,,8,,2024-11-20T22:16:58Z
http://www.wikidata.org/entity/Q28937399,PUBG: Battlegrounds,Entertainment,http://www.wikidata.org/prop/direct/P2664,http://www.wikidata.org/prop/direct/P2664,75000000,,72,,2024-11-25T08:04:19Z
http://www.wikidata.org/entity/Q30252256,Monster Hunter: World,Entertainment,http://www.wikidata.org/prop/direct/P2664,http://www.wikidata.org/prop/direct/P2664,25300000,,18,,2024-11-18T21:27:29Z
http://www.wikidata.org/entity/Q40888841,Kirby Star Allies,Entertainment,http://www.wikidata.org/prop/direct/P2664,http://www.wikidata.org/prop/direct/P2664,2560000,,17,,2024-10-30T07:02:16Z
http://www.wikidata.org/entity/Q47208788,Mario Tennis Aces,Entertainment,http://www.wikidata.org/prop/direct/P2664,http://www.wikidata.org/prop/direct/P2664,2640000,,16,,2024-10-30T07:02:49Z
http://www.wikidata.org/entity/Q56809272,New Super Mario Bros. U Deluxe,Entertainment,http://www.wikidata.org/prop/direct/P2664,http://www.wikidata.org/prop/direct/P2664,17770000,,5,,2024-11-07T10:07:51Z
http://www.wikidata.org/entity/Q64826862,Elden Ring,Entertainment,http://www.wikidata.org/prop/direct/P2664,http://www.wikidata.org/prop/direct/P2664,25000000,,43,,2024-11-17T15:33:44Z
http://www.wikidata.org/entity/Q67482292,Nioh 2,Entertainment,http://www.wikidata.org/prop/direct/P2664,http://www.wikidata.org/prop/direct/P2664,2500000,,15,,2024-10-29T04:06:25Z
http://www.wikidata.org/entity/Q85863730,Guilty Gear Strive,Entertainment,http://www.wikidata.org/prop/direct/P2664,http://www.wikidata.org/prop/direct/P2664,2500000,,10,,2024-10-30T07:09:37Z
http://www.wikidata.org/entity/Q92203821,Okami HD,Entertainment,http://www.wikidata.org/prop/direct/P2664,http://www.wikidata.org/prop/direct/P2664,2400000,,1,,2024-06-18T16:01:16Z
http://www.wikidata.org/entity/Q96035161,Ghostrunner,Entertainment,http://www.wikidata.org/prop/direct/P2664,http://www.wikidata.org/prop/direct/P2664,2500000,,14,,2024-11-08T07:19:21Z
http://www.wikidata.org/entity/Q96376296,Devil May Cry 4: Special Edition,Entertainment,http://www.wikidata.org/prop/direct/P2664,http://www.wikidata.org/prop/direct/P2664,2500000,,2,,2024-10-30T04:27:45Z
http://www.wikidata.org/entity/Q97338068,Manor Lords,Entertainment,http://www.wikidata.org/prop/direct/P2664,http://www.wikidata.org/prop/direct/P2664,2500000,,14,,2024-11-21T09:11:52Z
http://www.wikidata.org/entity/Q104882972,Dyson Sphere Program,Entertainment,http://www.wikidata.org/prop/direct/P2664,http://www.wikidata.org/prop/direct/P2664,2500000,,8,,2024-10-30T03:45:45Z
http://www.wikidata.org/entity/Q110876089,Mario Strikers: Battle League,Entertainment,http://www.wikidata.org/prop/direct/P2664,http://www.wikidata.org/prop/direct/P2664,2540000,,12,,2024-07-09T07:02:41Z
http://www.wikidata.org/entity/Q113289,Chivalry: Medieval Warfare,Entertainment,http://www.wikidata.org/prop/direct/P2664,http://www.wikidata.org/prop/direct/P2664,2000000,,15,,2024-10-29T03:41:41Z
http://www.wikidata.org/entity/Q214232,Final Fantasy VII,Entertainment,http://www.wikidata.org/prop/direct/P2664,http://www.wikidata.org/prop/direct/P2664,14100000,,48,,2024-10-29T09:48:57Z
http://www.wikidata.org/entity/Q225861,Professor Layton and the Unwound Future,Entertainment,http://www.wikidata.org/prop/direct/P2664,http://www.wikidata.org/prop/direct/P2664,1970000,,15,,2024-08-22T08:12:54Z
http://www.wikidata.org/entity/Q275950,Resident Evil 4,Entertainment,http://www.wikidata.org/prop/direct/P2664,http://www.wikidata.org/prop/direct/P2664,2000000,,49,,2024-11-10T16:52:44Z
http://www.wikidata.org/entity/Q427207,Brain Age 2: More Training in Minutes a Day!,Entertainment,http://www.wikidata.org/prop/direct/P2664,http://www.wikidata.org/prop/direct/P2664,14880000,,14,,2024-07-06T15:30:27Z
http://www.wikidata.org/entity/Q528376,Rhythm Heaven,Entertainment,http://www.wikidata.org/prop/direct/P2664,http://www.wikidata.org/prop/direct/P2664,1920000,,14,,2024-11-17T18:33:16Z
http://www.wikidata.org/entity/Q585939,Donkey Kong Country Returns,Entertainment,http://www.wikidata.org/prop/direct/P2664,http://www.wikidata.org/prop/direct/P2664,4980000,,21,,2024-10-15T09:23:37Z
http://www.wikidata.org/entity/Q608920,Mario Party 9,Entertainment,http://www.wikidata.org/prop/direct/P2664,http://www.wikidata.org/prop/direct/P2664,2870000,,23,,2024-11-13T17:13:19Z
http://www.wikidata.org/entity/Q735613,The Legend of Zelda: Twilight Princess,Entertainment,http://www.wikidata.org/prop/direct/P2664,http://www.wikidata.org/prop/direct/P2664,4520000,,37,,2024-11-18T19:31:40Z
http://www.wikidata.org/entity/Q736040,Max Payne 3,Entertainment,http://www.wikidata.org/prop/direct/P2664,http://www.wikidata.org/prop/direct/P2664,3000000,,36,,2024-11-14T03:32:39Z
http://www.wikidata.org/entity/Q1129094,L.A. Noire,Entertainment,http://www.wikidata.org/prop/direct/P2664,http://www.wikidata.org/prop/direct/P2664,5000000,,34,,2024-11-14T09:26:57Z
http://www.wikidata.org/entity/Q1193556,Yoshi's Island DS,Entertainment,http://www.wikidata.org/prop/direct/P2664,http://www.wikidata.org/prop/direct/P2664,2910000,,18,,2024-11-15T08:40:41Z
http://www.wikidata.org/entity/Q1351639,Link's Crossbow Training,Entertainment,http://www.wikidata.org/prop/direct/P2664,http://www.wikidata.org/prop/direct/P2664,4800000,,15,,2024-11-18T19:32:03Z
http://www.wikidata.org/entity/Q1471545,Kerbal Space Program,Entertainment,http://www.wikidata.org/prop/direct/P2664,http://www.wikidata.org/prop/direct/P2664,5000000,,33,,2024-11-15T20:32:19Z
http://www.wikidata.org/entity/Q2073725,Ultimate Marvel vs. Capcom 3,Entertainment,http://www.wikidata.org/prop/direct/P2664,http://www.wikidata.org/prop/direct/P2664,3000000,,11,,2024-10-29T12:21:55Z
http://www.wikidata.org/entity/Q2412291,NBA 2K12,Entertainment,http://www.wikidata.org/prop/direct/P2664,http://www.wikidata.org/prop/direct/P2664,5000000,,14,,2024-11-15T15:05:50Z
http://www.wikidata.org/entity/Q3291789,Devil May Cry: HD Collection,Entertainment,http://www.wikidata.org/prop/direct/P2664,http://www.wikidata.org/prop/direct/P2664,2900000,,3,,2024-10-30T07:02:20Z
http://www.wikidata.org/entity/Q15269265,Space Engineers,Entertainment,http://www.wikidata.org/prop/direct/P2664,http://www.wikidata.org/prop/direct/P2664,5000000,,11,,2024-10-29T06:44:03Z
http://www.wikidata.org/entity/Q16773658,Pokémon Omega Ruby and Alpha Sapphire,Entertainment,http://www.wikidata.org/prop/direct/P2664,http://www.wikidata.org/prop/direct/P2664,14630000,,29,,2024-11-17T09:53:49Z
http://www.wikidata.org/entity/Q17006956,Metroid Dread,Entertainment,http://www.wikidata.org/prop/direct/P2664,http://www.wikidata.org/prop/direct/P2664,3000000,,23,,2024-08-23T11:20:03Z
http://www.wikidata.org/entity/Q17167727,Dead Island 2,Entertainment,http://www.wikidata.org/prop/direct/P2664,http://www.wikidata.org/prop/direct/P2664,3000000,,16,,2024-12-02T14:00:27Z
http://www.wikidata.org/entity/Q17490239,Splatoon,Entertainment,http://www.wikidata.org/prop/direct/P2664,http://www.wikidata.org/prop/direct/P2664,4950000,,30,,2024-10-29T08:52:55Z
http://www.wikidata.org/entity/Q19749315,Animal Crossing: Happy Home Designer,Entertainment,http://www.wikidata.org/prop/direct/P2664,http://www.wikidata.org/prop/direct/P2664,3040000,,16,,2024-10-15T23:33:28Z
http://www.wikidata.org/entity/Q19792993,Squad,Entertainment,http://www.wikidata.org/prop/direct/P2664,http://www.wikidata.org/prop/direct/P2664,3000000,,12,,2024-10-29T06:08:42Z
http://www.wikidata.org/entity/Q20737889,Mafia III,Entertainment,http://www.wikidata.org/prop/direct/P2664,http://www.wikidata.org/prop/direct/P2664,5000000,,32,,2024-12-03T22:48:17Z
http://www.wikidata.org/entity/Q30302563,Monster Hunter Generations Ultimate,Entertainment,http://www.wikidata.org/prop/direct/P2664,http://www.wikidata.org/prop/direct/P2664,4700000,,2,,2024-10-30T06:59:45Z
http://www.wikidata.org/entity/Q40887608,Octopath Traveler,Entertainment,http://www.wikidata.org/prop/direct/P2664,http://www.wikidata.org/prop/direct/P2664,3000000,,21,,2024-10-30T03:39:25Z
http://www.wikidata.org/entity/Q54920200,Resident Evil 2,Entertainment,http://www.wikidata.org/prop/direct/P2664,http://www.wikidata.org/prop/direct/P2664,13973000,,32,,2024-12-08T17:42:03Z
http://www.wikidata.org/entity/Q54935655,Control,Entertainment,http://www.wikidata.org/prop/direct/P2664,http://www.wikidata.org/prop/direct/P2664,4500000,,21,,2024-11-28T07:24:44Z
http://www.wikidata.org/entity/Q56641109,Luigi's Mansion 3,Entertainment,http://www.wikidata.org/prop/direct/P2664,http://www.wikidata.org/prop/direct/P2664,14250000,,23,,2024-08-23T11:25:59Z
http://www.wikidata.org/entity/Q59511757,Mortal Kombat 11,Entertainment,http://www.wikidata.org/prop/direct/P2664,http://www.wikidata.org/prop/direct/P2664,15000000,,35,,2024-10-28T11:17:17Z
http://www.wikidata.org/entity/Q59535090,The Outer Worlds,Entertainment,http://www.wikidata.org/prop/direct/P2664,http://www.wikidata.org/prop/direct/P2664,5000000,,22,,2024-10-28T13:30:01Z
http://www.wikidata.org/entity/Q61046582,My Time At Portia,Entertainment,http://www.wikidata.org/prop/direct/P2664,http://www.wikidata.org/prop/direct/P2664,2800000,,6,,2024-10-30T03:37:40Z
http://www.wikidata.org/entity/Q64441774,Baldur's Gate 3,Entertainment,http://www.wikidata.org/prop/direct/P2664,http://www.wikidata.org/prop/direct/P2664,15000000,,32,,2024-12-08T15:03:45Z
http://www.wikidata.org/entity/Q64520925,Tales of Arise,Entertainment,http://www.wikidata.org/prop/direct/P2664,http://www.wikidata.org/prop/direct/P2664,3000000,,16,,2024-10-30T14:23:42Z
http://www.wikidata.org/entity/Q69557147,Ring Fit Adventure,Entertainment,http://www.wikidata.org/prop/direct/P2664,http://www.wikidata.org/prop/direct/P2664,15380000,,16,,2024-09-09T19:46:58Z
http://www.wikidata.org/entity/Q71701894,Crusader Kings III,Entertainment,http://www.wikidata.org/prop/direct/P2664,http://www.wikidata.org/prop/direct/P2664,3000000,,28,,2024-11-25T19:36:30Z
http://www.wikidata.org/entity/Q98646470,PGA Tour 2K21,Entertainment,http://www.wikidata.org/prop/direct/P2664,http://www.wikidata.org/prop/direct/P2664,3000000,,1,,2024-10-30T03:45:19Z
http://www.wikidata.org/entity/Q99397916,God of War Ragnarök,Entertainment,http://www.wikidata.org/prop/direct/P2664,http://www.wikidata.org/prop/direct/P2664,15000000,,31,,2024-11-09T07:30:50Z
http://www.wikidata.org/entity/Q99441852,Monster Hunter Rise,Entertainment,http://www.wikidata.org/prop/direct/P2664,http://www.wikidata.org/prop/direct/P2664,15000000,,14,,2024-10-29T04:46:14Z
http://www.wikidata.org/entity/Q105688759,Pokémon Brilliant Diamond and Shining Pearl,Entertainment,http://www.wikidata.org/prop/direct/P2664,http://www.wikidata.org/prop/direct/P2664,14790000,,19,,2024-10-30T07:11:14Z
http://www.wikidata.org/entity/Q105688771,Pokémon Legends: Arceus,Entertainment,http://www.wikidata.org/prop/direct/P2664,http://www.wikidata.org/prop/direct/P2664,14830000,,31,,2024-10-30T07:11:10Z
http://www.wikidata.org/entity/Q107367351,Demon Slayer: Kimetsu no Yaiba – The Hinokami Chronicles,Entertainment,http://www.wikidata.org/prop/direct/P2664,http://www.wikidata.org/prop/direct/P2664,3000000,,12,,2024-11-25T12:21:23Z
http://www.wikidata.org/entity/Q108273566,Cult of the Lamb,Entertainment,http://www.wikidata.org/prop/direct/P2664,http://www.wikidata.org/prop/direct/P2664,4500000,,14,,2024-10-29T04:49:48Z
http://www.wikidata.org/entity/Q108417001,Alan Wake II,Entertainment,http://www.wikidata.org/prop/direct/P2664,http://www.wikidata.org/prop/direct/P2664,1800000,,23,,2024-11-22T08:50:56Z
http://www.wikidata.org/entity/Q108650420,Sifu,Entertainment,http://www.wikidata.org/prop/direct/P2664,http://www.wikidata.org/prop/direct/P2664,3000000,,12,,2024-11-03T09:01:26Z
http://www.wikidata.org/entity/Q108823077,Resident Evil 6,Entertainment,http://www.wikidata.org/prop/direct/P2664,http://www.wikidata.org/prop/direct/P2664,2800000,,0,,2024-10-30T03:33:00Z
http://www.wikidata.org/entity/Q110055360,"Warhammer 40,000: Space Marine II",Entertainment,http://www.wikidata.org/prop/direct/P2664,http://www.wikidata.org/prop/direct/P2664,4500000,,10,,2024-12-09T01:23:11Z
http://www.wikidata.org/entity/Q110801459,Miitopia,Entertainment,http://www.wikidata.org/prop/direct/P2664,http://www.wikidata.org/prop/direct/P2664,1680000,,0,,2024-08-31T16:43:46Z
http://www.wikidata.org/entity/Q110875040,Nintendo Switch Sports,Entertainment,http://www.wikidata.org/prop/direct/P2664,http://www.wikidata.org/prop/direct/P2664,14370000,,14,,2024-12-06T03:54:59Z
http://www.wikidata.org/entity/Q110875814,Xenoblade Chronicles 3,Entertainment,http://www.wikidata.org/prop/direct/P2664,http://www.wikidata.org/prop/direct/P2664,1860000,,12,,2024-10-30T06:51:42Z
http://www.wikidata.org/entity/Q112064127,Resident Evil 4: Ultimate HD Edition,Entertainment,http://www.wikidata.org/prop/direct/P2664,http://www.wikidata.org/prop/direct/P2664,2800000,,0,,2024-06-19T19:16:07Z
http://www.wikidata.org/entity/Q112609559,Dragon's Dogma II,Entertainment,http://www.wikidata.org/prop/direct/P2664,http://www.wikidata.org/prop/direct/P2664,3000000,,13,,2024-11-20T17:25:40Z
http://www.wikidata.org/entity/Q113989188,Palworld,Entertainment,http://www.wikidata.org/prop/direct/P2664,http://www.wikidata.org/prop/direct/P2664,15000000,,23,,2024-10-29T17:20:05Z
http://www.wikidata.org/entity/Q115641899,Armored Core VI: Fires of Rubicon,Entertainment,http://www.wikidata.org/prop/direct/P2664,http://www.wikidata.org/prop/direct/P2664,3000000,,16,,2024-12-08T16:40:08Z
http://www.wikidata.org/entity/Q116784268,Mega Man Battle Network Legacy Collection,Entertainment,http://www.wikidata.org/prop/direct/P2664,http://www.wikidata.org/prop/direct/P2664,1640000,,2,,2024-07-09T10:22:57Z
http://www.wikidata.org/entity/Q121792853,Luigi's Mansion 2 HD,Entertainment,http://www.wikidata.org/prop/direct/P2664,http://www.wikidata.org/prop/direct/P2664,1570000,,1,,2024-11-07T12:16:48Z
http://www.wikidata.org/entity/Q1779100,Final Fantasy XV,Entertainment,http://www.wikidata.org/prop/direct/P2664,http://www.wikidata.org/prop/direct/P2664,10000000,,33,,2024-11-15T13:54:52Z
http://www.wikidata.org/entity/Q17378799,Tekken 7,Entertainment,http://www.wikidata.org/prop/direct/P2664,http://www.wikidata.org/prop/direct/P2664,10000000,,28,,2024-10-30T08:12:53Z
http://www.wikidata.org/entity/Q20112508,Dark Souls III,Entertainment,http://www.wikidata.org/prop/direct/P2664,http://www.wikidata.org/prop/direct/P2664,10000000,,28,,2024-12-06T07:24:21Z
http://www.wikidata.org/entity/Q21246348,Detroit: Become Human,Entertainment,http://www.wikidata.org/prop/direct/P2664,http://www.wikidata.org/prop/direct/P2664,10000000,,36,,2024-10-30T05:08:40Z
http://www.wikidata.org/entity/Q24084701,Dragon Ball Xenoverse 2,Entertainment,http://www.wikidata.org/prop/direct/P2664,http://www.wikidata.org/prop/direct/P2664,10000000,,14,,2024-10-30T07:14:02Z
http://www.wikidata.org/entity/Q30203644,NBA 2K18,Entertainment,http://www.wikidata.org/prop/direct/P2664,http://www.wikidata.org/prop/direct/P2664,10000000,,10,,2024-10-30T03:35:47Z
http://www.wikidata.org/entity/Q30238508,Metro Exodus,Entertainment,http://www.wikidata.org/prop/direct/P2664,http://www.wikidata.org/prop/direct/P2664,10000000,,30,,2024-11-13T02:09:22Z
http://www.wikidata.org/entity/Q30246735,Dragon Ball FighterZ,Entertainment,http://www.wikidata.org/prop/direct/P2664,http://www.wikidata.org/prop/direct/P2664,10000000,,15,,2024-10-30T03:35:55Z
http://www.wikidata.org/entity/Q30639210,Dead Cells,Entertainment,http://www.wikidata.org/prop/direct/P2664,http://www.wikidata.org/prop/direct/P2664,10000000,,13,,2024-11-11T20:13:12Z
http://www.wikidata.org/entity/Q44379841,Shin Megami Tensei V,Entertainment,http://www.wikidata.org/prop/direct/P2664,http://www.wikidata.org/prop/direct/P2664,1000000,,14,,2024-10-30T04:17:40Z
http://www.wikidata.org/entity/Q48754715,Earth Defense Force 5,Entertainment,http://www.wikidata.org/prop/direct/P2664,http://www.wikidata.org/prop/direct/P2664,1000000,,3,,2024-10-30T21:31:09Z
http://www.wikidata.org/entity/Q59756366,Hades,Entertainment,http://www.wikidata.org/prop/direct/P2664,http://www.wikidata.org/prop/direct/P2664,1000000,,28,,2024-10-28T12:12:57Z
http://www.wikidata.org/entity/Q105561171,Triangle Strategy,Entertainment,http://www.wikidata.org/prop/direct/P2664,http://www.wikidata.org/prop/direct/P2664,1000000,,10,,2024-10-30T07:11:50Z
http://www.wikidata.org/entity/Q106795987,Pathfinder: Wrath of the Righteous,Entertainment,http://www.wikidata.org/prop/direct/P2664,http://www.wikidata.org/prop/direct/P2664,1000000,,7,,2024-10-29T16:23:13Z
http://www.wikidata.org/entity/Q736887,Virtua Tennis 4,Entertainment,http://www.wikidata.org/prop/direct/P2664,http://www.wikidata.org/prop/direct/P2664,1040000,,9,,2024-11-14T03:34:23Z
http://www.wikidata.org/entity/Q861205,The Legend of Zelda: Skyward Sword,Entertainment,http://www.wikidata.org/prop/direct/P2664,http://www.wikidata.org/prop/direct/P2664,3520000,,34,,2024-11-18T19:24:16Z
http://www.wikidata.org/entity/Q914286,Street Fighter IV,Entertainment,http://www.wikidata.org/prop/direct/P2664,http://www.wikidata.org/prop/direct/P2664,3500000,,26,,2024-11-05T17:35:14Z
http://www.wikidata.org/entity/Q1139375,Mario & Sonic at the London 2012 Olympic Games,Entertainment,http://www.wikidata.org/prop/direct/P2664,http://www.wikidata.org/prop/direct/P2664,3280000,,21,,2024-10-15T10:34:35Z
http://www.wikidata.org/entity/Q1195260,Animal Crossing: City Folk,Entertainment,http://www.wikidata.org/prop/direct/P2664,http://www.wikidata.org/prop/direct/P2664,3380000,,23,,2024-11-20T17:27:36Z
http://www.wikidata.org/entity/Q1195476,Professor Layton and the Curious Village,Entertainment,http://www.wikidata.org/prop/direct/P2664,http://www.wikidata.org/prop/direct/P2664,3170000,,19,,2024-11-25T02:03:52Z
http://www.wikidata.org/entity/Q1900280,Dead Rising 2,Entertainment,http://www.wikidata.org/prop/direct/P2664,http://www.wikidata.org/prop/direct/P2664,3200000,,22,,2024-11-16T17:01:20Z
http://www.wikidata.org/entity/Q6125185,Tomodachi Collection,Entertainment,http://www.wikidata.org/prop/direct/P2664,http://www.wikidata.org/prop/direct/P2664,3200000,,5,,2024-11-27T02:06:15Z
http://www.wikidata.org/entity/Q13426706,Dead Rising 3,Entertainment,http://www.wikidata.org/prop/direct/P2664,http://www.wikidata.org/prop/direct/P2664,3400000,,14,,2024-10-29T04:25:00Z
http://www.wikidata.org/entity/Q15225985,Persona 5,Entertainment,http://www.wikidata.org/prop/direct/P2664,http://www.wikidata.org/prop/direct/P2664,3200000,,28,,2024-12-07T08:19:24Z
http://www.wikidata.org/entity/Q17165866,Dragon Ball Xenoverse,Entertainment,http://www.wikidata.org/prop/direct/P2664,http://www.wikidata.org/prop/direct/P2664,3130000,,15,,2024-10-29T03:58:33Z
http://www.wikidata.org/entity/Q18203301,Resident Evil: Revelations 2,Entertainment,http://www.wikidata.org/prop/direct/P2664,http://www.wikidata.org/prop/direct/P2664,3300000,,21,,2024-10-28T13:42:09Z
http://www.wikidata.org/entity/Q54960673,Fire Emblem: Three Houses,Entertainment,http://www.wikidata.org/prop/direct/P2664,http://www.wikidata.org/prop/direct/P2664,3820000,,20,,2024-10-30T07:06:05Z
http://www.wikidata.org/entity/Q67980165,Super Smash Bros. for Nintendo 3DS,Entertainment,http://www.wikidata.org/prop/direct/P2664,http://www.wikidata.org/prop/direct/P2664,9650000,,1,,2024-11-07T10:45:54Z
http://www.wikidata.org/entity/Q92111420,Phoenix Wright: Ace Attorney Trilogy,Entertainment,http://www.wikidata.org/prop/direct/P2664,http://www.wikidata.org/prop/direct/P2664,3341000,,3,,2024-10-31T00:51:06Z
http://www.wikidata.org/entity/Q96216515,Resident Evil Village,Entertainment,http://www.wikidata.org/prop/direct/P2664,http://www.wikidata.org/prop/direct/P2664,10000000,,33,,2024-10-30T07:10:29Z
http://www.wikidata.org/entity/Q104817349,Naraka: Bladepoint,Entertainment,http://www.wikidata.org/prop/direct/P2664,http://www.wikidata.org/prop/direct/P2664,10000000,,21,,2024-10-30T03:46:11Z
http://www.wikidata.org/entity/Q109502429,Sonic Frontiers,Entertainment,http://www.wikidata.org/prop/direct/P2664,http://www.wikidata.org/prop/direct/P2664,3200000,,20,,2024-11-27T01:23:51Z
http://www.wikidata.org/entity/Q113956704,Pikmin 4,Entertainment,http://www.wikidata.org/prop/direct/P2664,http://www.wikidata.org/prop/direct/P2664,3480000,,15,,2024-08-26T19:13:43Z
http://www.wikidata.org/entity/Q119822934,Super Mario RPG,Entertainment,http://www.wikidata.org/prop/direct/P2664,http://www.wikidata.org/prop/direct/P2664,3310000,,1,,2024-10-27T15:53:11Z
http://www.wikidata.org/entity/Q2221461,Dragon Quest IX,Entertainment,http://www.wikidata.org/prop/direct/P2664,http://www.wikidata.org/prop/direct/P2664,1050000,,17,,2024-11-15T21:50:41Z
http://www.wikidata.org/entity/Q2619376,Kirby Mass Attack,Entertainment,http://www.wikidata.org/prop/direct/P2664,http://www.wikidata.org/prop/direct/P2664,1060000,,14,,2024-08-17T23:21:41Z
http://www.wikidata.org/entity/Q3575709,Zombie Driver,Entertainment,http://www.wikidata.org/prop/direct/P2664,http://www.wikidata.org/prop/direct/P2664,1000000,,3,,2024-11-29T17:27:48Z
http://www.wikidata.org/entity/Q15934711,A Hat in Time,Entertainment,http://www.wikidata.org/prop/direct/P2664,http://www.wikidata.org/prop/direct/P2664,1000000,,18,,2024-10-30T03:36:18Z
http://www.wikidata.org/entity/Q20982904,13 Sentinels: Aegis Rim,Entertainment,http://www.wikidata.org/prop/direct/P2664,http://www.wikidata.org/prop/direct/P2664,1000000,,7,,2024-08-23T11:21:41Z
http://www.wikidata.org/entity/Q77879172,Temtem,Entertainment,http://www.wikidata.org/prop/direct/P2664,http://www.wikidata.org/prop/direct/P2664,1000000,,8,,2024-10-30T03:44:19Z
http://www.wikidata.org/entity/Q96991833,Mortal Shell,Entertainment,http://www.wikidata.org/prop/direct/P2664,http://www.wikidata.org/prop/direct/P2664,1000000,,7,,2024-10-30T03:45:14Z
http://www.wikidata.org/entity/Q106725413,Game Builder Garage,Entertainment,http://www.wikidata.org/prop/direct/P2664,http://www.wikidata.org/prop/direct/P2664,1060000,,12,,2024-10-15T23:26:35Z
http://www.wikidata.org/entity/Q108858043,Gas Station Simulator,Entertainment,http://www.wikidata.org/prop/direct/P2664,http://www.wikidata.org/prop/direct/P2664,1000000,,0,,2024-10-30T03:46:40Z
http://www.wikidata.org/entity/Q110011541,Wartales,Entertainment,http://www.wikidata.org/prop/direct/P2664,http://www.wikidata.org/prop/direct/P2664,1000000,,3,,2024-12-06T17:35:09Z
http://www.wikidata.org/entity/Q110722169,Needy Streamer Overload,Entertainment,http://www.wikidata.org/prop/direct/P2664,http://www.wikidata.org/prop/direct/P2664,1000000,,11,,2024-12-07T20:35:04Z
http://www.wikidata.org/entity/Q113441369,Farthest Frontier,Entertainment,http://www.wikidata.org/prop/direct/P2664,http://www.wikidata.org/prop/direct/P2664,1000000,,1,,2024-10-30T03:48:16Z
http://www.wikidata.org/entity/Q115232287,A Little to the Left,Entertainment,http://www.wikidata.org/prop/direct/P2664,http://www.wikidata.org/prop/direct/P2664,1000000,,1,,2024-10-16T07:23:16Z
http://www.wikidata.org/entity/Q122561024,Unicorn Overlord,Entertainment,http://www.wikidata.org/prop/direct/P2664,http://www.wikidata.org/prop/direct/P2664,1000000,,7,,2024-11-21T09:12:08Z
