entity,entityLabel,category,property,propertyLabel,value,author,authorLabel,sitelinks,dateCreated,dateModified
http://www.wikidata.org/entity/Q58692425,The Friend,Art & Literature,http://www.wikidata.org/prop/direct/P1104,http://www.wikidata.org/prop/direct/P1104,212,http://www.wikidata.org/entity/Q7513133,Sigrid Nunez,2,,2024-11-15T20:58:22Z
http://www.wikidata.org/entity/Q51393288,System der Asteriden,Art & Literature,http://www.wikidata.org/prop/direct/P1104,http://www.wikidata.org/prop/direct/P1104,196,http://www.wikidata.org/entity/Q72659,Franz Hermann Troschel,2,,2024-04-11T16:01:03Z
http://www.wikidata.org/entity/Q51511957,Notes sur les mollusques terrestres de la Vallée du Fleuve Bleu,Art & Literature,http://www.wikidata.org/prop/direct/P1104,http://www.wikidata.org/prop/direct/P1104,292,http://www.wikidata.org/entity/Q2779126,Pierre Marie Heude,1,,2023-03-04T13:56:13Z
http://www.wikidata.org/entity/Q58482696,Flora Gallica : Flore de France,Art & Literature,http://www.wikidata.org/prop/direct/P1104,http://www.wikidata.org/prop/direct/P1104,1216,http://www.wikidata.org/entity/Q58482804,Bruno de Foucault,2,,2023-11-14T13:58:43Z
http://www.wikidata.org/entity/Q58482696,Flora Gallica : Flore de France,Art & Literature,http://www.wikidata.org/prop/direct/P1104,http://www.wikidata.org/prop/direct/P1104,1216,http://www.wikidata.org/entity/Q1506427,Société botanique de France,2,,2023-11-14T13:58:43Z
http://www.wikidata.org/entity/Q51446618,Beobachtungen über Anatomie und Entwickelung einiger wirbellosen Seethiere,Art & Literature,http://www.wikidata.org/prop/direct/P1104,http://www.wikidata.org/prop/direct/P1104,198,http://www.wikidata.org/entity/Q108794,Wilhelm Busch,1,,2023-03-27T09:26:05Z
http://www.wikidata.org/entity/Q51501023,The mammals of India : a natural history of all the animals known to inhabit continental India,Art & Literature,http://www.wikidata.org/prop/direct/P1104,http://www.wikidata.org/prop/direct/P1104,744,http://www.wikidata.org/entity/Q1335271,Thomas Caverhill Jerdon,1,,2024-04-25T09:02:57Z
http://www.wikidata.org/entity/Q54522772,"Centurie zoologique, ou, Choix d'animaux rares, nouveaux ou imparfaitement connus : enrichi de planches inédites, dessinées d'après nature par M. Prêtre, gravées et coloriées avec le plus grand soin",Art & Literature,http://www.wikidata.org/prop/direct/P1104,http://www.wikidata.org/prop/direct/P1104,244,http://www.wikidata.org/entity/Q318217,René Lesson,1,,2023-02-13T06:10:12Z
http://www.wikidata.org/entity/Q51506166,"A monograph of the fresh-water polyzoa : including all the known species, both British and foreign / by George James Allman",Art & Literature,http://www.wikidata.org/prop/direct/P1104,http://www.wikidata.org/prop/direct/P1104,188,http://www.wikidata.org/entity/Q744703,George James Allman,1,,2022-09-11T18:58:15Z
http://www.wikidata.org/entity/Q51469682,Essai d'une classification de la famille des cérambycides et matériaux pour servir à une monographie de cette famille,Art & Literature,http://www.wikidata.org/prop/direct/P1104,http://www.wikidata.org/prop/direct/P1104,438,http://www.wikidata.org/entity/Q2037671,James Livingston Thomson,1,,2023-02-13T06:59:43Z
http://www.wikidata.org/entity/Q51418062,Q51418062,Art & Literature,http://www.wikidata.org/prop/direct/P1104,http://www.wikidata.org/prop/direct/P1104,422,http://www.wikidata.org/entity/Q2779126,Pierre Marie Heude,1,,2023-03-15T13:06:47Z
http://www.wikidata.org/entity/Q58482696,Flora Gallica : Flore de France,Art & Literature,http://www.wikidata.org/prop/direct/P1104,http://www.wikidata.org/prop/direct/P1104,1216,http://www.wikidata.org/entity/Q18744985,Jean-Marc Tison,2,,2023-11-14T13:58:43Z
http://www.wikidata.org/entity/Q51377531,"Refugium botanicum : or figures and descriptions from living specimens, of little known or new plants of botanical interest",Art & Literature,http://www.wikidata.org/prop/direct/P1104,http://www.wikidata.org/prop/direct/P1104,346,http://www.wikidata.org/entity/Q62820,Heinrich Gustav Reichenbach,2,,2023-03-16T03:55:00Z
http://www.wikidata.org/entity/Q51377531,"Refugium botanicum : or figures and descriptions from living specimens, of little known or new plants of botanical interest",Art & Literature,http://www.wikidata.org/prop/direct/P1104,http://www.wikidata.org/prop/direct/P1104,346,http://www.wikidata.org/entity/Q730330,John Gilbert Baker,2,,2023-03-16T03:55:00Z
http://www.wikidata.org/entity/Q51506282,Monograph of the shallow-water starfishes of the North Pacific coast from the Arctic Ocean to California,Art & Literature,http://www.wikidata.org/prop/direct/P1104,http://www.wikidata.org/prop/direct/P1104,408,http://www.wikidata.org/entity/Q353120,Addison Emery Verrill,1,,2023-03-14T20:54:13Z
http://www.wikidata.org/entity/Q56366842,"Enciklopedìâ vodnogo gospodarstva, prirodokoristuvannâ, prirodovìdtvorennâ, stalogo rozvitku",Art & Literature,http://www.wikidata.org/prop/direct/P1104,http://www.wikidata.org/prop/direct/P1104,1000,http://www.wikidata.org/entity/Q12171552,Vasyl Shevchuk,1,,2024-10-02T15:17:09Z
http://www.wikidata.org/entity/Q51393288,System der Asteriden,Art & Literature,http://www.wikidata.org/prop/direct/P1104,http://www.wikidata.org/prop/direct/P1104,196,http://www.wikidata.org/entity/Q57992,Johannes Peter Müller,2,,2024-04-11T16:01:03Z
http://www.wikidata.org/entity/Q51393152,A monograph of the British fossil corals,Art & Literature,http://www.wikidata.org/prop/direct/P1104,http://www.wikidata.org/prop/direct/P1104,736,http://www.wikidata.org/entity/Q505173,Henri Milne-Edwards,1,,2023-03-13T10:28:48Z
http://www.wikidata.org/entity/Q51490954,Houses and gardens by E.L. Lutyens,Art & Literature,http://www.wikidata.org/prop/direct/P1104,http://www.wikidata.org/prop/direct/P1104,344,http://www.wikidata.org/entity/Q6504726,Lawrence Weaver,1,,2023-03-15T23:15:24Z
http://www.wikidata.org/entity/Q51380982,Das Leben unserer heimischen Lurche und Kriechtiere im Kreislaufe eines Jahres,Art & Literature,http://www.wikidata.org/prop/direct/P1104,http://www.wikidata.org/prop/direct/P1104,240,http://www.wikidata.org/entity/Q86390,Friedrich Knauer,1,,2023-01-29T11:42:35Z
http://www.wikidata.org/entity/Q54576336,Trichopterygia illustrata et descripta. A monograph of the Trichopterygia. Supplement,Art & Literature,http://www.wikidata.org/prop/direct/P1104,http://www.wikidata.org/prop/direct/P1104,112,http://www.wikidata.org/entity/Q21516430,Andrew Matthews,1,,2023-02-13T06:20:02Z
http://www.wikidata.org/entity/Q51508321,"The natural history of many curious and uncommon zoophytes, collected from various parts of the globe",Art & Literature,http://www.wikidata.org/prop/direct/P1104,http://www.wikidata.org/prop/direct/P1104,370,http://www.wikidata.org/entity/Q934747,John Ellis,1,,2023-03-13T12:38:59Z
http://www.wikidata.org/entity/Q51508321,"The natural history of many curious and uncommon zoophytes, collected from various parts of the globe",Art & Literature,http://www.wikidata.org/prop/direct/P1104,http://www.wikidata.org/prop/direct/P1104,370,http://www.wikidata.org/entity/Q39789,Daniel Solander,1,,2023-03-13T12:38:59Z
http://www.wikidata.org/entity/Q51393152,A monograph of the British fossil corals,Art & Literature,http://www.wikidata.org/prop/direct/P1104,http://www.wikidata.org/prop/direct/P1104,736,http://www.wikidata.org/entity/Q3188645,Jules Haime,1,,2023-03-13T10:28:48Z
http://www.wikidata.org/entity/Q58021395,The Breakdown of Nations,Art & Literature,http://www.wikidata.org/prop/direct/P1104,http://www.wikidata.org/prop/direct/P1104,244,http://www.wikidata.org/entity/Q113659,Leopold Kohr,2,,2024-10-15T05:35:28Z
http://www.wikidata.org/entity/Q56526684,La magie blanche de Saint-Pétersbourg,Art & Literature,http://www.wikidata.org/prop/direct/P1104,http://www.wikidata.org/prop/direct/P1104,176,http://www.wikidata.org/entity/Q442505,Dominique Fernandez,1,,2022-11-27T13:55:05Z
http://www.wikidata.org/entity/Q54573008,"Monographia anoplurorum Britanniae or An essay on the British species of parasitic insects belonging to the order of Anoplura of Leach, with the modern divisions of the general according to the views of Leach, Nitzsch, and Burmeister",Art & Literature,http://www.wikidata.org/prop/direct/P1104,http://www.wikidata.org/prop/direct/P1104,262,http://www.wikidata.org/entity/Q17308950,Henry Denny,1,,2023-02-13T05:31:35Z
http://www.wikidata.org/entity/Q51379232,Der Vogelflug als Grundlage der Fliegekunst,Art & Literature,http://www.wikidata.org/prop/direct/P1104,http://www.wikidata.org/prop/direct/P1104,238,http://www.wikidata.org/entity/Q57162,Otto Lilienthal,1,,2023-03-13T10:15:51Z
http://www.wikidata.org/entity/Q59620038,Studies on the ectoparasitic trematodes of Japan,Art & Literature,http://www.wikidata.org/prop/direct/P1104,http://www.wikidata.org/prop/direct/P1104,273,http://www.wikidata.org/entity/Q11372324,Seitarō Gotō,1,,2022-09-16T01:55:02Z
http://www.wikidata.org/entity/Q51377531,"Refugium botanicum : or figures and descriptions from living specimens, of little known or new plants of botanical interest",Art & Literature,http://www.wikidata.org/prop/direct/P1104,http://www.wikidata.org/prop/direct/P1104,346,http://www.wikidata.org/entity/Q1223057,William Wilson Saunders,2,,2023-03-16T03:55:00Z
http://www.wikidata.org/entity/Q51415695,"Systême des animaux sans vertèbres, ou Tableau général des classes, des classes, des ordres et des genres de ces animaux",Art & Literature,http://www.wikidata.org/prop/direct/P1104,http://www.wikidata.org/prop/direct/P1104,472,http://www.wikidata.org/entity/Q82122,Jean-Baptiste de Lamarck,1,,2022-11-10T01:49:25Z
http://www.wikidata.org/entity/Q51508692,A naturalist's rambles on the Devonshire coast,Art & Literature,http://www.wikidata.org/prop/direct/P1104,http://www.wikidata.org/prop/direct/P1104,554,http://www.wikidata.org/entity/Q443062,Philip Henry Gosse,1,,2023-03-13T12:39:23Z
http://www.wikidata.org/entity/Q66605783,Q66605783,Art & Literature,http://www.wikidata.org/prop/direct/P1104,http://www.wikidata.org/prop/direct/P1104,216,http://www.wikidata.org/entity/Q84216540,Bernard Hermes,1,,2023-06-05T20:44:40Z
http://www.wikidata.org/entity/Q79356828,L'Anarchisme,Art & Literature,http://www.wikidata.org/prop/direct/P1104,http://www.wikidata.org/prop/direct/P1104,128,http://www.wikidata.org/entity/Q3130577,Henri Arvon,1,,2022-12-13T15:44:01Z
http://www.wikidata.org/entity/Q76988480,America's Highways 1776–1976,Art & Literature,http://www.wikidata.org/prop/direct/P1104,http://www.wikidata.org/prop/direct/P1104,553,http://www.wikidata.org/entity/Q800112,Federal Highway Administration,1,,2022-05-16T13:00:20Z
http://www.wikidata.org/entity/Q78222031,Fidel en zijn kameraadjes,Art & Literature,http://www.wikidata.org/prop/direct/P1104,http://www.wikidata.org/prop/direct/P1104,8,http://www.wikidata.org/entity/Q15881199,Reinoudina de Goeje,1,,2022-11-27T14:06:43Z
http://www.wikidata.org/entity/Q65396769,Balaura,Art & Literature,http://www.wikidata.org/prop/direct/P1104,http://www.wikidata.org/prop/direct/P1104,107,http://www.wikidata.org/entity/Q62765052,Gurpreet Sehji,1,,2022-09-08T07:28:22Z
http://www.wikidata.org/entity/Q20097093,"Ukraïnsʹki kobzari, bandurysty, lirnyky : ent︠s︡yklopedychnyĭ dovidnyk",Art & Literature,http://www.wikidata.org/prop/direct/P1104,http://www.wikidata.org/prop/direct/P1104,315,http://www.wikidata.org/entity/Q12104431,Bohdan Zheplynskyi,1,,2022-11-27T01:11:37Z
http://www.wikidata.org/entity/Q12547613,Q12547613,Art & Literature,http://www.wikidata.org/prop/direct/P1104,http://www.wikidata.org/prop/direct/P1104,280,,,1,,2024-10-02T14:40:28Z
http://www.wikidata.org/entity/Q11314263,Sexy Travel,Art & Literature,http://www.wikidata.org/prop/direct/P1104,http://www.wikidata.org/prop/direct/P1104,287,http://www.wikidata.org/entity/Q11554763,Izumi Daihachi,1,,2022-09-15T12:17:17Z
http://www.wikidata.org/entity/Q2292040,The Skeptic's Dictionary,Art & Literature,http://www.wikidata.org/prop/direct/P1104,http://www.wikidata.org/prop/direct/P1104,458,http://www.wikidata.org/entity/Q73356,Robert Todd Carroll,14,,2024-03-22T02:02:08Z
http://www.wikidata.org/entity/Q20097093,"Ukraïnsʹki kobzari, bandurysty, lirnyky : ent︠s︡yklopedychnyĭ dovidnyk",Art & Literature,http://www.wikidata.org/prop/direct/P1104,http://www.wikidata.org/prop/direct/P1104,315,http://www.wikidata.org/entity/Q20067610,Dariia Kovalchuk,1,,2022-11-27T01:11:37Z
http://www.wikidata.org/entity/Q65396769,Balaura,Art & Literature,http://www.wikidata.org/prop/direct/P1104,http://www.wikidata.org/prop/direct/P1104,112,http://www.wikidata.org/entity/Q62765052,Gurpreet Sehji,1,,2022-09-08T07:28:22Z
http://www.wikidata.org/entity/Q2904447,Birds of South Asia. The Ripley Guide,Art & Literature,http://www.wikidata.org/prop/direct/P1104,http://www.wikidata.org/prop/direct/P1104,536,http://www.wikidata.org/entity/Q6224263,John C. Anderton,3,,2024-01-27T04:38:34Z
http://www.wikidata.org/entity/Q18203766,Play unconventional chess and win,Art & Literature,http://www.wikidata.org/prop/direct/P1104,http://www.wikidata.org/prop/direct/P1104,392,http://www.wikidata.org/entity/Q108460641,Zeev Zohar,1,,2022-08-28T18:32:34Z
http://www.wikidata.org/entity/Q12072694,The Encyclopedia of Mineralogy,Art & Literature,http://www.wikidata.org/prop/direct/P1104,http://www.wikidata.org/prop/direct/P1104,794,,,1,,2022-07-01T10:51:05Z
http://www.wikidata.org/entity/Q42392037,Orthoepic Dictionary of the Belarusian Language,Art & Literature,http://www.wikidata.org/prop/direct/P1104,http://www.wikidata.org/prop/direct/P1104,757,,,1,,2021-06-01T21:21:29Z
http://www.wikidata.org/entity/Q30527742,Q30527742,Art & Literature,http://www.wikidata.org/prop/direct/P1104,http://www.wikidata.org/prop/direct/P1104,92,http://www.wikidata.org/entity/Q160263,David Grossman,2,,2024-10-10T02:14:59Z
http://www.wikidata.org/entity/Q62554953,Autobiografia não Autorizada,Art & Literature,http://www.wikidata.org/prop/direct/P1104,http://www.wikidata.org/prop/direct/P1104,288,http://www.wikidata.org/entity/Q7105977,Oscar Filho,1,,2023-09-14T20:19:08Z
http://www.wikidata.org/entity/Q5862965,Flore d'Oware,Art & Literature,http://www.wikidata.org/prop/direct/P1104,http://www.wikidata.org/prop/direct/P1104,464,http://www.wikidata.org/entity/Q458941,Palisot de Beauvois,3,,2023-03-09T16:27:29Z
http://www.wikidata.org/entity/Q4378679,Q4378679,Art & Literature,http://www.wikidata.org/prop/direct/P1104,http://www.wikidata.org/prop/direct/P1104,593,http://www.wikidata.org/entity/Q1151126,Nicolas Grimal,1,,2022-04-14T18:31:28Z
http://www.wikidata.org/entity/Q29029189,Sifre de-agadeta ʻal megilat Ester,Art & Literature,http://www.wikidata.org/prop/direct/P1104,http://www.wikidata.org/prop/direct/P1104,112,,,1,,2024-10-01T23:55:45Z
http://www.wikidata.org/entity/Q81491862,"The Book of Inventions, Commerce and Industries; Volume II",Art & Literature,http://www.wikidata.org/prop/direct/P1104,http://www.wikidata.org/prop/direct/P1104,584,,,1,,2023-02-04T14:14:17Z
http://www.wikidata.org/entity/Q11564195,Q11564195,Art & Literature,http://www.wikidata.org/prop/direct/P1104,http://www.wikidata.org/prop/direct/P1104,316,http://www.wikidata.org/entity/Q134456,Yukio Mishima,1,,2023-08-29T10:07:01Z
http://www.wikidata.org/entity/Q3085376,"François Mitterrand, un dessein, un destin",Art & Literature,http://www.wikidata.org/prop/direct/P1104,http://www.wikidata.org/prop/direct/P1104,168,http://www.wikidata.org/entity/Q560682,Hubert Védrine,1,,2022-11-27T01:06:29Z
http://www.wikidata.org/entity/Q81736901,Oídos sordos,Art & Literature,http://www.wikidata.org/prop/direct/P1104,http://www.wikidata.org/prop/direct/P1104,150,http://www.wikidata.org/entity/Q6075859,Pilar Sordo,1,,2022-04-13T23:57:03Z
http://www.wikidata.org/entity/Q12182671,Iran over the Volcano,Art & Literature,http://www.wikidata.org/prop/direct/P1104,http://www.wikidata.org/prop/direct/P1104,185,http://www.wikidata.org/entity/Q735036,Mohamed Hassanein Heikal,2,,2023-02-11T21:26:21Z
http://www.wikidata.org/entity/Q23540909,The Autobiography of an African Princess,Art & Literature,http://www.wikidata.org/prop/direct/P1104,http://www.wikidata.org/prop/direct/P1104,274,,,2,,2022-11-20T12:54:33Z
http://www.wikidata.org/entity/Q12836885,Q12836885,Art & Literature,http://www.wikidata.org/prop/direct/P1104,http://www.wikidata.org/prop/direct/P1104,288,http://www.wikidata.org/entity/Q12847361,Q12847361,1,,2024-01-12T08:57:58Z
http://www.wikidata.org/entity/Q13037303,Q13037303,Art & Literature,http://www.wikidata.org/prop/direct/P1104,http://www.wikidata.org/prop/direct/P1104,23,http://www.wikidata.org/entity/Q47007,Naim Frashëri,2,,2021-07-20T10:40:25Z
http://www.wikidata.org/entity/Q11626890,Q11626890,Art & Literature,http://www.wikidata.org/prop/direct/P1104,http://www.wikidata.org/prop/direct/P1104,261,http://www.wikidata.org/entity/Q134456,Yukio Mishima,1,,2024-11-21T09:50:30Z
http://www.wikidata.org/entity/Q10801136,The Prison Diary of Ho Chi Minh,Art & Literature,http://www.wikidata.org/prop/direct/P1104,http://www.wikidata.org/prop/direct/P1104,82,http://www.wikidata.org/entity/Q36014,Ho Chi Minh,4,,2022-11-07T03:26:56Z
http://www.wikidata.org/entity/Q65051426,Real Country: Music and Language in Working-Class Culture,Art & Literature,http://www.wikidata.org/prop/direct/P1104,http://www.wikidata.org/prop/direct/P1104,384,http://www.wikidata.org/entity/Q4662019,Aaron A Fox,1,,2024-10-04T23:38:08Z
http://www.wikidata.org/entity/Q24940267,Q24940267,Art & Literature,http://www.wikidata.org/prop/direct/P1104,http://www.wikidata.org/prop/direct/P1104,272,http://www.wikidata.org/entity/Q6278197,Jorge Lanata,1,,2022-04-14T18:43:22Z
http://www.wikidata.org/entity/Q10649829,Q10649829,Art & Literature,http://www.wikidata.org/prop/direct/P1104,http://www.wikidata.org/prop/direct/P1104,374,http://www.wikidata.org/entity/Q1341353,Mattias Gardell,1,,2022-12-04T18:41:49Z
http://www.wikidata.org/entity/Q15069105,The Vampire Murders,Art & Literature,http://www.wikidata.org/prop/direct/P1104,http://www.wikidata.org/prop/direct/P1104,279,http://www.wikidata.org/entity/Q2739708,Brian Stowell,1,,2024-09-06T02:32:48Z
http://www.wikidata.org/entity/Q21615954,Q21615954,Art & Literature,http://www.wikidata.org/prop/direct/P1104,http://www.wikidata.org/prop/direct/P1104,254,http://www.wikidata.org/entity/Q110598253,Mikalaĭ Uladzimiravich Mikulich,1,,2023-06-02T07:33:03Z
http://www.wikidata.org/entity/Q13185087,Mohan Koiralaka Kavita,Art & Literature,http://www.wikidata.org/prop/direct/P1104,http://www.wikidata.org/prop/direct/P1104,299,http://www.wikidata.org/entity/Q13185084,Mohan Koirala,1,,2024-05-14T08:09:43Z
http://www.wikidata.org/entity/Q18759158,Jeevanko Chheubaata,Art & Literature,http://www.wikidata.org/prop/direct/P1104,http://www.wikidata.org/prop/direct/P1104,120,http://www.wikidata.org/entity/Q17150957,Suman Pokhrel,1,,2022-11-19T09:46:39Z
http://www.wikidata.org/entity/Q16131888,"Maimonides and the Book That Changed Judaism: Secrets of ""The Guide for the Perplexed""",Art & Literature,http://www.wikidata.org/prop/direct/P1104,http://www.wikidata.org/prop/direct/P1104,383,http://www.wikidata.org/entity/Q7022910,Micah Goodman,2,,2022-11-27T07:20:27Z
http://www.wikidata.org/entity/Q24948391,Q24948391,Art & Literature,http://www.wikidata.org/prop/direct/P1104,http://www.wikidata.org/prop/direct/P1104,106,http://www.wikidata.org/entity/Q45970,Czesław Miłosz,1,,2022-07-17T10:05:55Z
http://www.wikidata.org/entity/Q19066627,Mystery Tales of Edgar Allan Poe,Art & Literature,http://www.wikidata.org/prop/direct/P1104,http://www.wikidata.org/prop/direct/P1104,312,http://www.wikidata.org/entity/Q16867,Edgar Allan Poe,2,,2024-10-10T14:57:23Z
http://www.wikidata.org/entity/Q11552391,The Sunk Waterfall,Art & Literature,http://www.wikidata.org/prop/direct/P1104,http://www.wikidata.org/prop/direct/P1104,321,http://www.wikidata.org/entity/Q134456,Yukio Mishima,2,,2024-11-21T09:51:34Z
http://www.wikidata.org/entity/Q11626028,Q11626028,Art & Literature,http://www.wikidata.org/prop/direct/P1104,http://www.wikidata.org/prop/direct/P1104,249,http://www.wikidata.org/entity/Q134456,Yukio Mishima,1,,2024-11-21T09:50:21Z
http://www.wikidata.org/entity/Q16654877,Q16654877,Art & Literature,http://www.wikidata.org/prop/direct/P1104,http://www.wikidata.org/prop/direct/P1104,348,http://www.wikidata.org/entity/Q946031,Antonine Maillet,1,,2022-11-27T07:50:40Z
http://www.wikidata.org/entity/Q5900437,Q5900437,Art & Literature,http://www.wikidata.org/prop/direct/P1104,http://www.wikidata.org/prop/direct/P1104,1542,http://www.wikidata.org/entity/Q8201210,Antonio Escohotado,2,,2022-04-13T23:45:19Z
http://www.wikidata.org/entity/Q48757378,Le patrimoine en questions,Art & Literature,http://www.wikidata.org/prop/direct/P1104,http://www.wikidata.org/prop/direct/P1104,272,http://www.wikidata.org/entity/Q3086442,Françoise Choay,1,,2022-04-13T23:05:42Z
http://www.wikidata.org/entity/Q24940267,Q24940267,Art & Literature,http://www.wikidata.org/prop/direct/P1104,http://www.wikidata.org/prop/direct/P1104,272,http://www.wikidata.org/entity/Q106474506,Joe Goldman,1,,2022-04-14T18:43:22Z
http://www.wikidata.org/entity/Q14874993,Clear dictionary Esperanto Arabic,Art & Literature,http://www.wikidata.org/prop/direct/P1104,http://www.wikidata.org/prop/direct/P1104,302,http://www.wikidata.org/entity/Q12348209,Georgo Abraham,1,,2024-07-04T22:00:24Z
http://www.wikidata.org/entity/Q10540843,Q10540843,Art & Literature,http://www.wikidata.org/prop/direct/P1104,http://www.wikidata.org/prop/direct/P1104,348,http://www.wikidata.org/entity/Q5912967,Björn af Kleen,1,,2023-03-07T07:47:02Z
http://www.wikidata.org/entity/Q65059696,A History of Medicine,Art & Literature,http://www.wikidata.org/prop/direct/P1104,http://www.wikidata.org/prop/direct/P1104,448,http://www.wikidata.org/entity/Q16007805,Douglas James Guthrie,2,,2021-08-03T05:09:28Z
http://www.wikidata.org/entity/Q2904447,Birds of South Asia. The Ripley Guide,Art & Literature,http://www.wikidata.org/prop/direct/P1104,http://www.wikidata.org/prop/direct/P1104,536,http://www.wikidata.org/entity/Q436696,Pamela C. Rasmussen,3,,2024-01-27T04:38:34Z
http://www.wikidata.org/entity/Q11446543,Goddess,Art & Literature,http://www.wikidata.org/prop/direct/P1104,http://www.wikidata.org/prop/direct/P1104,173,http://www.wikidata.org/entity/Q134456,Yukio Mishima,1,,2024-11-21T09:50:34Z
http://www.wikidata.org/entity/Q16366433,Q16366433,Art & Literature,http://www.wikidata.org/prop/direct/P1104,http://www.wikidata.org/prop/direct/P1104,240,,,1,,2023-02-13T11:07:09Z
http://www.wikidata.org/entity/Q1943729,Systema Mycologicum,Art & Literature,http://www.wikidata.org/prop/direct/P1104,http://www.wikidata.org/prop/direct/P1104,1866,http://www.wikidata.org/entity/Q15405,Elias Magnus Fries,7,,2023-10-08T00:04:31Z
http://www.wikidata.org/entity/Q3342714,Q3342714,Art & Literature,http://www.wikidata.org/prop/direct/P1104,http://www.wikidata.org/prop/direct/P1104,352,http://www.wikidata.org/entity/Q15730265,Alain Deneault,1,,2023-01-26T19:25:27Z
http://www.wikidata.org/entity/Q2923979,Brassens : Le libertaire de la chanson,Art & Literature,http://www.wikidata.org/prop/direct/P1104,http://www.wikidata.org/prop/direct/P1104,128,http://www.wikidata.org/entity/Q34602523,Clémentine Deroudille,1,,2022-11-26T23:34:53Z
http://www.wikidata.org/entity/Q11491927,The Capital of Love,Art & Literature,http://www.wikidata.org/prop/direct/P1104,http://www.wikidata.org/prop/direct/P1104,256,http://www.wikidata.org/entity/Q134456,Yukio Mishima,1,,2024-11-21T09:51:19Z
http://www.wikidata.org/entity/Q83365646,Q83365646,Art & Literature,http://www.wikidata.org/prop/direct/P1104,http://www.wikidata.org/prop/direct/P1104,128,http://www.wikidata.org/entity/Q3658333,Bogomil Raynov,1,,2020-09-01T08:52:55Z
http://www.wikidata.org/entity/Q61140040,Illustrations from Bulgarian Folk Crosses,Art & Literature,http://www.wikidata.org/prop/direct/P1104,http://www.wikidata.org/prop/direct/P1104,186,http://www.wikidata.org/entity/Q19603589,Ivan Enchev-Vidyu,2,,2023-02-28T14:41:29Z
http://www.wikidata.org/entity/Q16132821,Chalomo Shel Hakuzari,Art & Literature,http://www.wikidata.org/prop/direct/P1104,http://www.wikidata.org/prop/direct/P1104,380,http://www.wikidata.org/entity/Q7022910,Micah Goodman,1,,2022-11-27T07:22:28Z
http://www.wikidata.org/entity/Q16670522,Q16670522,Art & Literature,http://www.wikidata.org/prop/direct/P1104,http://www.wikidata.org/prop/direct/P1104,174,http://www.wikidata.org/entity/Q946031,Antonine Maillet,1,,2022-11-27T08:07:10Z
http://www.wikidata.org/entity/Q6728361,Madonna,Art & Literature,http://www.wikidata.org/prop/direct/P1104,http://www.wikidata.org/prop/direct/P1104,256,http://www.wikidata.org/entity/Q357470,Andrew Morton,2,,2023-02-05T09:36:47Z
http://www.wikidata.org/entity/Q18203766,Play unconventional chess and win,Art & Literature,http://www.wikidata.org/prop/direct/P1104,http://www.wikidata.org/prop/direct/P1104,392,http://www.wikidata.org/entity/Q112073470,Noam Manella,1,,2022-08-28T18:32:34Z
http://www.wikidata.org/entity/Q27077344,Q27077344,Art & Literature,http://www.wikidata.org/prop/direct/P1104,http://www.wikidata.org/prop/direct/P1104,464,http://www.wikidata.org/entity/Q764789,Gregory S. Paul,1,,2022-06-17T16:02:23Z
http://www.wikidata.org/entity/Q61732658,The California Field Atlas,Art & Literature,http://www.wikidata.org/prop/direct/P1104,http://www.wikidata.org/prop/direct/P1104,552,http://www.wikidata.org/entity/Q64011091,Obi Kaufmann,1,,2022-11-27T14:37:42Z
http://www.wikidata.org/entity/Q11362397,Q11362397,Art & Literature,http://www.wikidata.org/prop/direct/P1104,http://www.wikidata.org/prop/direct/P1104,88,http://www.wikidata.org/entity/Q715235,Kanji Ishiwara,1,,2021-12-23T12:19:00Z
http://www.wikidata.org/entity/Q31198103,Q31198103,Art & Literature,http://www.wikidata.org/prop/direct/P1104,http://www.wikidata.org/prop/direct/P1104,158,,,1,,2020-04-14T14:32:34Z
http://www.wikidata.org/entity/Q25490687,Moses Final Oration,Art & Literature,http://www.wikidata.org/prop/direct/P1104,http://www.wikidata.org/prop/direct/P1104,382,http://www.wikidata.org/entity/Q7022910,Micah Goodman,2,,2022-11-27T08:52:30Z
http://www.wikidata.org/entity/Q11615983,Q11615983,Art & Literature,http://www.wikidata.org/prop/direct/P1104,http://www.wikidata.org/prop/direct/P1104,191,http://www.wikidata.org/entity/Q134456,Yukio Mishima,1,,2024-11-21T09:50:22Z
http://www.wikidata.org/entity/Q65062915,Small Acts of Freedom,Art & Literature,http://www.wikidata.org/prop/direct/P1104,http://www.wikidata.org/prop/direct/P1104,234,http://www.wikidata.org/entity/Q28858100,Gurmehar Kaur,1,,2024-10-11T20:17:41Z
http://www.wikidata.org/entity/Q28222716,"The Los Angeles River: Its Life, Death, and Possible Rebirth",Art & Literature,http://www.wikidata.org/prop/direct/P1104,http://www.wikidata.org/prop/direct/P1104,369,http://www.wikidata.org/entity/Q100319679,Blake Gumprecht,1,,2022-04-13T18:26:16Z
http://www.wikidata.org/entity/Q2938742,Q2938742,Art & Literature,http://www.wikidata.org/prop/direct/P1104,http://www.wikidata.org/prop/direct/P1104,192,http://www.wikidata.org/entity/Q2474802,Pascal de Duve,1,,2022-11-26T23:31:46Z
http://www.wikidata.org/entity/Q9001960,Handbook of the Bromeliaceae,Art & Literature,http://www.wikidata.org/prop/direct/P1104,http://www.wikidata.org/prop/direct/P1104,243,http://www.wikidata.org/entity/Q730330,John Gilbert Baker,3,,2021-02-27T22:20:38Z
http://www.wikidata.org/entity/Q17220789,Q17220789,Art & Literature,http://www.wikidata.org/prop/direct/P1104,http://www.wikidata.org/prop/direct/P1104,246,http://www.wikidata.org/entity/Q11470712,Norio Yamada,1,,2023-08-29T10:19:13Z
http://www.wikidata.org/entity/Q10604285,Q10604285,Art & Literature,http://www.wikidata.org/prop/direct/P1104,http://www.wikidata.org/prop/direct/P1104,792,http://www.wikidata.org/entity/Q5967011,Claës Lundin,1,,2023-03-07T07:05:21Z
http://www.wikidata.org/entity/Q10841005,The Revolutionary Road,Art & Literature,http://www.wikidata.org/prop/direct/P1104,http://www.wikidata.org/prop/direct/P1104,101,http://www.wikidata.org/entity/Q36014,Ho Chi Minh,3,,2024-08-31T03:36:05Z
http://www.wikidata.org/entity/Q16631978,Q16631978,Art & Literature,http://www.wikidata.org/prop/direct/P1104,http://www.wikidata.org/prop/direct/P1104,148,http://www.wikidata.org/entity/Q946031,Antonine Maillet,1,,2022-11-27T07:22:37Z
http://www.wikidata.org/entity/Q83271852,More Grizzly Tales for Gruesome Kids,Art & Literature,http://www.wikidata.org/prop/direct/P1104,http://www.wikidata.org/prop/direct/P1104,299,http://www.wikidata.org/entity/Q6147398,Jamie Rix,1,,2024-10-01T23:49:40Z
http://www.wikidata.org/entity/Q16668023,Q16668023,Art & Literature,http://www.wikidata.org/prop/direct/P1104,http://www.wikidata.org/prop/direct/P1104,186,http://www.wikidata.org/entity/Q946031,Antonine Maillet,1,,2022-11-27T07:55:00Z
http://www.wikidata.org/entity/Q19450599,The war,Art & Literature,http://www.wikidata.org/prop/direct/P1104,http://www.wikidata.org/prop/direct/P1104,63,,,1,,2024-11-27T22:15:00Z
http://www.wikidata.org/entity/Q10289360,Getting to Know the General: The Story of an Involvement,Art & Literature,http://www.wikidata.org/prop/direct/P1104,http://www.wikidata.org/prop/direct/P1104,249,http://www.wikidata.org/entity/Q128560,Graham Greene,2,,2024-03-03T04:17:19Z
http://www.wikidata.org/entity/Q101115197,Trump on China: Putting America First,Art & Literature,http://www.wikidata.org/prop/direct/P1104,http://www.wikidata.org/prop/direct/P1104,121,http://www.wikidata.org/entity/Q7342642,Robert C. O'Brien,2,,2022-08-23T07:37:53Z
http://www.wikidata.org/entity/Q101115197,Trump on China: Putting America First,Art & Literature,http://www.wikidata.org/prop/direct/P1104,http://www.wikidata.org/prop/direct/P1104,121,http://www.wikidata.org/entity/Q22686,Donald Trump,2,,2022-08-23T07:37:53Z
http://www.wikidata.org/entity/Q100794283,Infamous Scribblers,Art & Literature,http://www.wikidata.org/prop/direct/P1104,http://www.wikidata.org/prop/direct/P1104,467,http://www.wikidata.org/entity/Q5386213,Eric Burns,1,,2024-10-14T13:10:37Z
http://www.wikidata.org/entity/Q100149560,Sisters in Law,Art & Literature,http://www.wikidata.org/prop/direct/P1104,http://www.wikidata.org/prop/direct/P1104,390,http://www.wikidata.org/entity/Q6551644,Linda Hirshman,1,,2022-04-13T18:08:35Z
http://www.wikidata.org/entity/Q101115197,Trump on China: Putting America First,Art & Literature,http://www.wikidata.org/prop/direct/P1104,http://www.wikidata.org/prop/direct/P1104,121,http://www.wikidata.org/entity/Q24313,Mike Pence,2,,2022-08-23T07:37:53Z
http://www.wikidata.org/entity/Q101115197,Trump on China: Putting America First,Art & Literature,http://www.wikidata.org/prop/direct/P1104,http://www.wikidata.org/prop/direct/P1104,121,http://www.wikidata.org/entity/Q723917,William Barr,2,,2022-08-23T07:37:53Z
http://www.wikidata.org/entity/Q100230119,El bell país on els homes desitgen els homes,Art & Literature,http://www.wikidata.org/prop/direct/P1104,http://www.wikidata.org/prop/direct/P1104,80,http://www.wikidata.org/entity/Q8247736,Biel Mesquida Amengual,1,,2021-04-17T08:43:09Z
http://www.wikidata.org/entity/Q99839447,"Moi les hommes, je les déteste",Art & Literature,http://www.wikidata.org/prop/direct/P1104,http://www.wikidata.org/prop/direct/P1104,96,http://www.wikidata.org/entity/Q99202066,Pauline Harmange,3,,2024-03-31T16:57:14Z
http://www.wikidata.org/entity/Q100383169,Q100383169,Art & Literature,http://www.wikidata.org/prop/direct/P1104,http://www.wikidata.org/prop/direct/P1104,184,http://www.wikidata.org/entity/Q2634914,Paul-Jacques Bonzon,1,,2022-08-10T11:07:20Z
http://www.wikidata.org/entity/Q100328725,Vers Tombouctou : L'Afrique des explorateurs II,Art & Literature,http://www.wikidata.org/prop/direct/P1104,http://www.wikidata.org/prop/direct/P1104,176,http://www.wikidata.org/entity/Q25694951,Anne Hugon,2,,2022-12-07T04:38:17Z
http://www.wikidata.org/entity/Q101115197,Trump on China: Putting America First,Art & Literature,http://www.wikidata.org/prop/direct/P1104,http://www.wikidata.org/prop/direct/P1104,121,http://www.wikidata.org/entity/Q29913307,Matthew Pottinger,2,,2022-08-23T07:37:53Z
http://www.wikidata.org/entity/Q101115197,Trump on China: Putting America First,Art & Literature,http://www.wikidata.org/prop/direct/P1104,http://www.wikidata.org/prop/direct/P1104,121,http://www.wikidata.org/entity/Q473239,Mike Pompeo,2,,2022-08-23T07:37:53Z
http://www.wikidata.org/entity/Q99905067,Q99905067,Art & Literature,http://www.wikidata.org/prop/direct/P1104,http://www.wikidata.org/prop/direct/P1104,169,,,1,,2021-09-20T11:23:54Z
http://www.wikidata.org/entity/Q99948018,Q99948018,Art & Literature,http://www.wikidata.org/prop/direct/P1104,http://www.wikidata.org/prop/direct/P1104,286,http://www.wikidata.org/entity/Q68700947,Charles Coster van Voorhout,1,,2022-08-11T19:00:22Z
http://www.wikidata.org/entity/Q101115197,Trump on China: Putting America First,Art & Literature,http://www.wikidata.org/prop/direct/P1104,http://www.wikidata.org/prop/direct/P1104,121,http://www.wikidata.org/entity/Q30148517,Christopher A. Wray,2,,2022-08-23T07:37:53Z
http://www.wikidata.org/entity/Q88964417,Q88964417,Art & Literature,http://www.wikidata.org/prop/direct/P1104,http://www.wikidata.org/prop/direct/P1104,172,http://www.wikidata.org/entity/Q712079,Michal Ajvaz,1,,2024-10-03T08:44:00Z
http://www.wikidata.org/entity/Q85973526,Fiʻl,Art & Literature,http://www.wikidata.org/prop/direct/P1104,http://www.wikidata.org/prop/direct/P1104,99,http://www.wikidata.org/entity/Q17992398,Mohammad Rezaee Rad,1,,2024-09-22T10:18:36Z
http://www.wikidata.org/entity/Q89040138,Biographical Sketches of Dekkan Poets,Art & Literature,http://www.wikidata.org/prop/direct/P1104,http://www.wikidata.org/prop/direct/P1104,164,http://www.wikidata.org/entity/Q71769390,Kavali Venkata Ramaswami,1,,2020-08-11T16:00:50Z
http://www.wikidata.org/entity/Q85999049,Q85999049,Art & Literature,http://www.wikidata.org/prop/direct/P1104,http://www.wikidata.org/prop/direct/P1104,688,,,2,,2022-03-05T01:08:26Z
http://www.wikidata.org/entity/Q85970907,Q85970907,Art & Literature,http://www.wikidata.org/prop/direct/P1104,http://www.wikidata.org/prop/direct/P1104,63,http://www.wikidata.org/entity/Q303651,Ahmet Haşim,1,,2021-07-20T11:09:41Z
http://www.wikidata.org/entity/Q85874281,Q85874281,Art & Literature,http://www.wikidata.org/prop/direct/P1104,http://www.wikidata.org/prop/direct/P1104,136,http://www.wikidata.org/entity/Q3147452,Ibn Rachik,1,,2021-07-20T11:09:11Z
http://www.wikidata.org/entity/Q85846983,Prince & Knight,Art & Literature,http://www.wikidata.org/prop/direct/P1104,http://www.wikidata.org/prop/direct/P1104,40,,,4,,2024-10-02T14:39:58Z
http://www.wikidata.org/entity/Q86396441,Guia da Secção Histórica do Museu Paulista,Art & Literature,http://www.wikidata.org/prop/direct/P1104,http://www.wikidata.org/prop/direct/P1104,122,http://www.wikidata.org/entity/Q3888486,Afonso d'Escragnolle Taunay,2,,2024-10-12T16:28:51Z
http://www.wikidata.org/entity/Q85280341,Aghtark,Art & Literature,http://www.wikidata.org/prop/direct/P1104,http://www.wikidata.org/prop/direct/P1104,380,http://www.wikidata.org/entity/Q1968318,Hakob Meghapart,1,,2022-12-29T11:07:23Z
http://www.wikidata.org/entity/Q84929144,Guia pelas Colleccões do Museu Paulista,Art & Literature,http://www.wikidata.org/prop/direct/P1104,http://www.wikidata.org/prop/direct/P1104,116,http://www.wikidata.org/entity/Q10363729,Rodolpho von Ihering,2,,2024-11-09T00:17:29Z
http://www.wikidata.org/entity/Q91674109,Reasons for not eating animal food,Art & Literature,http://www.wikidata.org/prop/direct/P1104,http://www.wikidata.org/prop/direct/P1104,4,http://www.wikidata.org/entity/Q7528648,Richard Phillips,3,,2024-06-23T23:23:27Z
http://www.wikidata.org/entity/Q85803680,Strategos,Art & Literature,http://www.wikidata.org/prop/direct/P1104,http://www.wikidata.org/prop/direct/P1104,179,http://www.wikidata.org/entity/Q3666329,Charles Adiel Lewis Totten,1,,2023-03-23T17:08:11Z
http://www.wikidata.org/entity/Q85815477,Why We Can't Sleep,Art & Literature,http://www.wikidata.org/prop/direct/P1104,http://www.wikidata.org/prop/direct/P1104,288,http://www.wikidata.org/entity/Q27473597,Ada Calhoun,3,,2023-10-17T12:26:14Z
http://www.wikidata.org/entity/Q86666804,Q86666804,Art & Literature,http://www.wikidata.org/prop/direct/P1104,http://www.wikidata.org/prop/direct/P1104,208,http://www.wikidata.org/entity/Q178832,Kasia Nosowska,1,,2022-04-12T14:25:41Z
http://www.wikidata.org/entity/Q90589267,Nasty Little Beasts,Art & Literature,http://www.wikidata.org/prop/direct/P1104,http://www.wikidata.org/prop/direct/P1104,125,http://www.wikidata.org/entity/Q6147398,Jamie Rix,1,,2022-03-25T23:14:04Z
http://www.wikidata.org/entity/Q89350905,Q89350905,Art & Literature,http://www.wikidata.org/prop/direct/P1104,http://www.wikidata.org/prop/direct/P1104,323,http://www.wikidata.org/entity/Q315094,Carlos Keller,1,,2023-04-26T06:54:24Z
http://www.wikidata.org/entity/Q91098730,Power in Numbers: The Rebel Women of Mathematics,Art & Literature,http://www.wikidata.org/prop/direct/P1104,http://www.wikidata.org/prop/direct/P1104,224,http://www.wikidata.org/entity/Q23729163,Talithia Williams,2,,2024-10-26T10:35:50Z
http://www.wikidata.org/entity/Q88964417,Q88964417,Art & Literature,http://www.wikidata.org/prop/direct/P1104,http://www.wikidata.org/prop/direct/P1104,158,http://www.wikidata.org/entity/Q712079,Michal Ajvaz,1,,2024-10-03T08:44:00Z
http://www.wikidata.org/entity/Q98094417,Q98094417,Art & Literature,http://www.wikidata.org/prop/direct/P1104,http://www.wikidata.org/prop/direct/P1104,272,http://www.wikidata.org/entity/Q2124,Valéry Giscard d'Estaing,1,,2022-04-13T23:08:37Z
http://www.wikidata.org/entity/Q97650650,Three Minutes of Eternity,Art & Literature,http://www.wikidata.org/prop/direct/P1104,http://www.wikidata.org/prop/direct/P1104,357,,,1,,2021-05-22T08:02:28Z
http://www.wikidata.org/entity/Q99227983,Q99227983,Art & Literature,http://www.wikidata.org/prop/direct/P1104,http://www.wikidata.org/prop/direct/P1104,786,http://www.wikidata.org/entity/Q73855381,Hazel Walford Davies,1,,2022-04-13T22:53:40Z
http://www.wikidata.org/entity/Q97369580,Ukraїns'ki radjansky hudozhnyky. Dovidnyk. 1972,Art & Literature,http://www.wikidata.org/prop/direct/P1104,http://www.wikidata.org/prop/direct/P1104,563,,,1,,2023-01-15T22:26:17Z
http://www.wikidata.org/entity/Q97570435,"Annulata Danica. En Kritisk Revision af de i Danmark Fundne Annulata Chaetognatha, Gephyrea, Balanoglossi, Discophoreae, Oligochaeta, Gymnocopa og Polychaeta",Art & Literature,http://www.wikidata.org/prop/direct/P1104,http://www.wikidata.org/prop/direct/P1104,143,http://www.wikidata.org/entity/Q39140427,Peter August Møller Tauber,1,,2021-11-23T15:20:20Z
http://www.wikidata.org/entity/Q99629010,Q99629010,Art & Literature,http://www.wikidata.org/prop/direct/P1104,http://www.wikidata.org/prop/direct/P1104,420,http://www.wikidata.org/entity/Q16298559,Jukka Hankamäki,1,,2020-10-16T19:02:41Z
http://www.wikidata.org/entity/Q97932970,"The Trial, at Large of William Booth, and His Associates, George Scot, the Three Yates’s, John Barrows, and Elizabeth Chidlow, for Forgery, Coining, &c. At The Stafford Summer Assizes, 1812, Before Mr Justice Le Blanc.",Art & Literature,http://www.wikidata.org/prop/direct/P1104,http://www.wikidata.org/prop/direct/P1104,46,,,1,,2023-04-17T18:39:32Z
http://www.wikidata.org/entity/Q97353520,Q97353520,Art & Literature,http://www.wikidata.org/prop/direct/P1104,http://www.wikidata.org/prop/direct/P1104,190,http://www.wikidata.org/entity/Q405282,John Davies,1,,2022-04-13T19:07:28Z
http://www.wikidata.org/entity/Q97314496,Q97314496,Art & Literature,http://www.wikidata.org/prop/direct/P1104,http://www.wikidata.org/prop/direct/P1104,242,http://www.wikidata.org/entity/Q3332827,Mélaka,1,,2021-02-25T18:37:53Z
http://www.wikidata.org/entity/Q99227923,Cyfri'r Cewri,Art & Literature,http://www.wikidata.org/prop/direct/P1104,http://www.wikidata.org/prop/direct/P1104,224,,,1,,2022-11-27T14:45:55Z
http://www.wikidata.org/entity/Q101515294,Q101515294,Art & Literature,http://www.wikidata.org/prop/direct/P1104,http://www.wikidata.org/prop/direct/P1104,120,http://www.wikidata.org/entity/Q330110,Abraham Isaac Kook,1,,2020-12-12T10:26:11Z
http://www.wikidata.org/entity/Q102115741,Q102115741,Art & Literature,http://www.wikidata.org/prop/direct/P1104,http://www.wikidata.org/prop/direct/P1104,216,http://www.wikidata.org/entity/Q207356,William peneyan,2,,2021-07-20T10:16:51Z
http://www.wikidata.org/entity/Q102312035,Let us dream,Art & Literature,http://www.wikidata.org/prop/direct/P1104,http://www.wikidata.org/prop/direct/P1104,220,http://www.wikidata.org/entity/Q450675,Pope Francis,1,,2021-04-15T07:01:10Z
http://www.wikidata.org/entity/Q102291077,Le Roman vrai de l'Encyclopédie,Art & Literature,http://www.wikidata.org/prop/direct/P1104,http://www.wikidata.org/prop/direct/P1104,224,http://www.wikidata.org/entity/Q3085422,François Moureau,1,,2022-11-27T14:53:58Z
http://www.wikidata.org/entity/Q102427318,Q102427318,Art & Literature,http://www.wikidata.org/prop/direct/P1104,http://www.wikidata.org/prop/direct/P1104,180,http://www.wikidata.org/entity/Q511692,Igort,1,,2022-09-01T04:15:25Z
http://www.wikidata.org/entity/Q96483689,The Spanish Cockpit,Art & Literature,http://www.wikidata.org/prop/direct/P1104,http://www.wikidata.org/prop/direct/P1104,303,http://www.wikidata.org/entity/Q86635,Franz Borkenau,1,,2021-02-10T06:31:27Z
http://www.wikidata.org/entity/Q96241148,Q96241148,Art & Literature,http://www.wikidata.org/prop/direct/P1104,http://www.wikidata.org/prop/direct/P1104,456,http://www.wikidata.org/entity/Q5983539,Luis Gasca,1,,2020-10-18T20:20:01Z
http://www.wikidata.org/entity/Q96417850,Black Against Empire,Art & Literature,http://www.wikidata.org/prop/direct/P1104,http://www.wikidata.org/prop/direct/P1104,562,,,1,,2024-06-20T12:58:34Z
http://www.wikidata.org/entity/Q96374912,China's Economy,Art & Literature,http://www.wikidata.org/prop/direct/P1104,http://www.wikidata.org/prop/direct/P1104,336,,,1,,2022-04-14T18:48:14Z
http://www.wikidata.org/entity/Q96241148,Q96241148,Art & Literature,http://www.wikidata.org/prop/direct/P1104,http://www.wikidata.org/prop/direct/P1104,456,http://www.wikidata.org/entity/Q3822596,Román Gubern,1,,2020-10-18T20:20:01Z
http://www.wikidata.org/entity/Q96107063,Astronomiae Pars Optica,Art & Literature,http://www.wikidata.org/prop/direct/P1104,http://www.wikidata.org/prop/direct/P1104,450,http://www.wikidata.org/entity/Q8963,Johannes Kepler,2,,2024-05-18T09:16:31Z
http://www.wikidata.org/entity/Q93747465,Euskal Herriko udalen izendegia,Art & Literature,http://www.wikidata.org/prop/direct/P1104,http://www.wikidata.org/prop/direct/P1104,153,,,1,,2024-01-14T17:59:37Z
http://www.wikidata.org/entity/Q96337841,Bicycle Boy,Art & Literature,http://www.wikidata.org/prop/direct/P1104,http://www.wikidata.org/prop/direct/P1104,623,http://www.wikidata.org/entity/Q1328795,Eli Amir,1,,2022-11-27T14:22:11Z
http://www.wikidata.org/entity/Q96621749,Q96621749,Art & Literature,http://www.wikidata.org/prop/direct/P1104,http://www.wikidata.org/prop/direct/P1104,269,http://www.wikidata.org/entity/Q12260734,Jose Ramon Zubillaga,1,,2020-06-24T10:53:27Z
http://www.wikidata.org/entity/Q101350635,Q101350635,Art & Literature,http://www.wikidata.org/prop/direct/P1104,http://www.wikidata.org/prop/direct/P1104,691,http://www.wikidata.org/entity/Q2387506,Georg Wilhelm de Gennin,1,,2022-10-31T14:13:57Z
http://www.wikidata.org/entity/Q107039910,Born a Muslim: Some Truths about Islam in India,Art & Literature,http://www.wikidata.org/prop/direct/P1104,http://www.wikidata.org/prop/direct/P1104,408,,,2,,2022-11-27T14:44:57Z
http://www.wikidata.org/entity/Q97212180,Sweet Dreams,Art & Literature,http://www.wikidata.org/prop/direct/P1104,http://www.wikidata.org/prop/direct/P1104,683,,,1,,2021-08-14T11:40:15Z
http://www.wikidata.org/entity/Q96777089,"Rebirth: Reformasi, Resistance, and Hope in New Malaysia",Art & Literature,http://www.wikidata.org/prop/direct/P1104,http://www.wikidata.org/prop/direct/P1104,212,,,1,,2020-10-15T04:17:14Z
http://www.wikidata.org/entity/Q97257522,Q97257522,Art & Literature,http://www.wikidata.org/prop/direct/P1104,http://www.wikidata.org/prop/direct/P1104,105,http://www.wikidata.org/entity/Q3350302,Akhteruzzaman Elias,1,,2024-09-22T15:15:03Z
http://www.wikidata.org/entity/Q97139310,Coletânea de Mapas da Cartografia Paulista Antiga,Art & Literature,http://www.wikidata.org/prop/direct/P1104,http://www.wikidata.org/prop/direct/P1104,22,http://www.wikidata.org/entity/Q3888486,Afonso d'Escragnolle Taunay,1,,2021-08-16T14:43:41Z
http://www.wikidata.org/entity/Q105395137,Q105395137,Art & Literature,http://www.wikidata.org/prop/direct/P1104,http://www.wikidata.org/prop/direct/P1104,448,http://www.wikidata.org/entity/Q3930330,Marina Stepnova,3,,2022-06-30T13:49:33Z
http://www.wikidata.org/entity/Q104579393,Q104579393,Art & Literature,http://www.wikidata.org/prop/direct/P1104,http://www.wikidata.org/prop/direct/P1104,116,http://www.wikidata.org/entity/Q3484302,Simon Hureau,1,,2022-02-12T10:57:47Z
http://www.wikidata.org/entity/Q104657099,Q104657099,Art & Literature,http://www.wikidata.org/prop/direct/P1104,http://www.wikidata.org/prop/direct/P1104,81,http://www.wikidata.org/entity/Q6083559,Cenap Şahabettin,1,,2021-06-06T17:51:38Z
http://www.wikidata.org/entity/Q104695111,Q104695111,Art & Literature,http://www.wikidata.org/prop/direct/P1104,http://www.wikidata.org/prop/direct/P1104,61,http://www.wikidata.org/entity/Q2667903,Jovan Rajić,1,,2021-06-06T08:40:10Z
http://www.wikidata.org/entity/Q104804828,Handbook of Revolutionary Warfare,Art & Literature,http://www.wikidata.org/prop/direct/P1104,http://www.wikidata.org/prop/direct/P1104,122,http://www.wikidata.org/entity/Q8620,Kwame Nkrumah,1,,2024-02-26T00:41:42Z
http://www.wikidata.org/entity/Q104804828,Handbook of Revolutionary Warfare,Art & Literature,http://www.wikidata.org/prop/direct/P1104,http://www.wikidata.org/prop/direct/P1104,144,http://www.wikidata.org/entity/Q8620,Kwame Nkrumah,1,,2024-02-26T00:41:42Z
http://www.wikidata.org/entity/Q104804828,Handbook of Revolutionary Warfare,Art & Literature,http://www.wikidata.org/prop/direct/P1104,http://www.wikidata.org/prop/direct/P1104,146,http://www.wikidata.org/entity/Q8620,Kwame Nkrumah,1,,2024-02-26T00:41:42Z
http://www.wikidata.org/entity/Q104546637,Eromanga hyougenshi,Art & Literature,http://www.wikidata.org/prop/direct/P1104,http://www.wikidata.org/prop/direct/P1104,392,http://www.wikidata.org/entity/Q55177739,Rito Kimi,2,,2022-01-31T08:09:00Z
http://www.wikidata.org/entity/Q107362039,Историко-географический словарь Саратовской губернии,Art & Literature,http://www.wikidata.org/prop/direct/P1104,http://www.wikidata.org/prop/direct/P1104,1409,http://www.wikidata.org/entity/Q4295294,A. N. Minkh,1,,2023-03-02T02:32:05Z
http://www.wikidata.org/entity/Q107285138,Q107285138,Art & Literature,http://www.wikidata.org/prop/direct/P1104,http://www.wikidata.org/prop/direct/P1104,162,,,1,,2022-11-05T22:57:09Z
http://www.wikidata.org/entity/Q107300601,Q107300601,Art & Literature,http://www.wikidata.org/prop/direct/P1104,http://www.wikidata.org/prop/direct/P1104,58,,,1,,2024-10-09T14:35:40Z
http://www.wikidata.org/entity/Q107379004,Influencer: Die Ideologie der Werbekörper,Art & Literature,http://www.wikidata.org/prop/direct/P1104,http://www.wikidata.org/prop/direct/P1104,192,http://www.wikidata.org/entity/Q107378953,Ole Nymoen,1,,2023-03-05T15:25:46Z
http://www.wikidata.org/entity/Q107475874,The Property,Art & Literature,http://www.wikidata.org/prop/direct/P1104,http://www.wikidata.org/prop/direct/P1104,222,http://www.wikidata.org/entity/Q2917665,Rutu Modan,1,,2022-11-27T14:15:57Z
http://www.wikidata.org/entity/Q107465404,City as an Artist’s Subjective (Catalog),Art & Literature,http://www.wikidata.org/prop/direct/P1104,http://www.wikidata.org/prop/direct/P1104,128,http://www.wikidata.org/entity/Q4346352,Alexey Parygin,2,,2022-09-14T01:27:15Z
http://www.wikidata.org/entity/Q107379004,Influencer: Die Ideologie der Werbekörper,Art & Literature,http://www.wikidata.org/prop/direct/P1104,http://www.wikidata.org/prop/direct/P1104,192,http://www.wikidata.org/entity/Q105977330,Wolfgang M. Schmitt,1,,2023-03-05T15:25:46Z
http://www.wikidata.org/entity/Q107475417,Tunnels,Art & Literature,http://www.wikidata.org/prop/direct/P1104,http://www.wikidata.org/prop/direct/P1104,275,http://www.wikidata.org/entity/Q2917665,Rutu Modan,1,,2022-07-10T17:06:04Z
http://www.wikidata.org/entity/Q107413008,Q107413008,Art & Literature,http://www.wikidata.org/prop/direct/P1104,http://www.wikidata.org/prop/direct/P1104,158,,,1,,2022-11-05T23:00:50Z
http://www.wikidata.org/entity/Q107022544,Q107022544,Art & Literature,http://www.wikidata.org/prop/direct/P1104,http://www.wikidata.org/prop/direct/P1104,343,http://www.wikidata.org/entity/Q133042,Shmuel Yosef Agnon,1,,2021-05-29T18:06:21Z
http://www.wikidata.org/entity/Q106833819,Profile literare,Art & Literature,http://www.wikidata.org/prop/direct/P1104,http://www.wikidata.org/prop/direct/P1104,180,http://www.wikidata.org/entity/Q7832690,Traian Demetrescu,1,,2022-11-27T14:36:37Z
http://www.wikidata.org/entity/Q106873747,Q106873747,Art & Literature,http://www.wikidata.org/prop/direct/P1104,http://www.wikidata.org/prop/direct/P1104,16,http://www.wikidata.org/entity/Q377,Yanka Kupala,1,,2021-06-16T15:16:17Z
http://www.wikidata.org/entity/Q106704399,WORD ROW,Art & Literature,http://www.wikidata.org/prop/direct/P1104,http://www.wikidata.org/prop/direct/P1104,111,http://www.wikidata.org/entity/Q106317307,Noam Dovev,1,,2024-10-09T15:27:49Z
http://www.wikidata.org/entity/Q106878071,Documents of the 8th National Congress of the Chinese Communist Party,Art & Literature,http://www.wikidata.org/prop/direct/P1104,http://www.wikidata.org/prop/direct/P1104,1101,,,1,,2023-01-07T03:42:51Z
http://www.wikidata.org/entity/Q106646409,Q106646409,Art & Literature,http://www.wikidata.org/prop/direct/P1104,http://www.wikidata.org/prop/direct/P1104,320,http://www.wikidata.org/entity/Q17047608,Alesʹ Masarėnka,1,,2021-04-29T09:07:26Z
http://www.wikidata.org/entity/Q106844714,Putin's People,Art & Literature,http://www.wikidata.org/prop/direct/P1104,http://www.wikidata.org/prop/direct/P1104,640,http://www.wikidata.org/entity/Q106163126,Catherine Belton,6,,2024-03-24T10:17:19Z
http://www.wikidata.org/entity/Q105962430,When Harry Became Sally: Responding to the Transgender Moment,Art & Literature,http://www.wikidata.org/prop/direct/P1104,http://www.wikidata.org/prop/direct/P1104,264,http://www.wikidata.org/entity/Q96419282,Ryan T. Anderson,3,,2024-11-10T20:42:21Z
http://www.wikidata.org/entity/Q106241617,Q106241617,Art & Literature,http://www.wikidata.org/prop/direct/P1104,http://www.wikidata.org/prop/direct/P1104,274,http://www.wikidata.org/entity/Q744798,Ciro Gomes,1,,2024-04-03T10:39:40Z
http://www.wikidata.org/entity/Q105715227,Festival Romanistica,Art & Literature,http://www.wikidata.org/prop/direct/P1104,http://www.wikidata.org/prop/direct/P1104,398,,,2,,2022-09-22T07:40:51Z
http://www.wikidata.org/entity/Q105971058,Q105971058,Art & Literature,http://www.wikidata.org/prop/direct/P1104,http://www.wikidata.org/prop/direct/P1104,1350,,,1,,2021-06-03T16:51:37Z
http://www.wikidata.org/entity/Q106292493,Q106292493,Art & Literature,http://www.wikidata.org/prop/direct/P1104,http://www.wikidata.org/prop/direct/P1104,61,http://www.wikidata.org/entity/Q561147,Joan Fuster Ortells,1,,2022-04-13T23:46:11Z
http://www.wikidata.org/entity/Q105672007,Q105672007,Art & Literature,http://www.wikidata.org/prop/direct/P1104,http://www.wikidata.org/prop/direct/P1104,352,http://www.wikidata.org/entity/Q246722,Victor Pelevin,4,,2023-05-21T15:15:28Z
http://www.wikidata.org/entity/Q107051094,"Template:Greuter, Burdet & Long, 1986",Art & Literature,http://www.wikidata.org/prop/direct/P1104,http://www.wikidata.org/prop/direct/P1104,395,,,3,,2022-12-27T13:03:37Z
http://www.wikidata.org/entity/Q105609428,Tim: The Official Biography of Avicii,Art & Literature,http://www.wikidata.org/prop/direct/P1104,http://www.wikidata.org/prop/direct/P1104,304,http://www.wikidata.org/entity/Q18578897,Måns Mosesson,1,,2023-10-28T06:07:12Z
http://www.wikidata.org/entity/Q106323270,The City of Pain,Art & Literature,http://www.wikidata.org/prop/direct/P1104,http://www.wikidata.org/prop/direct/P1104,248,,,2,,2023-03-31T16:23:32Z
http://www.wikidata.org/entity/Q106583829,Q106583829,Art & Literature,http://www.wikidata.org/prop/direct/P1104,http://www.wikidata.org/prop/direct/P1104,584,http://www.wikidata.org/entity/Q81731,Murasaki Shikibu,1,,2024-02-06T11:34:18Z
http://www.wikidata.org/entity/Q105609428,Tim: The Official Biography of Avicii,Art & Literature,http://www.wikidata.org/prop/direct/P1104,http://www.wikidata.org/prop/direct/P1104,320,http://www.wikidata.org/entity/Q18578897,Måns Mosesson,1,,2023-10-28T06:07:12Z
http://www.wikidata.org/entity/Q106538705,"Like Water, Like Fire",Art & Literature,http://www.wikidata.org/prop/direct/P1104,http://www.wikidata.org/prop/direct/P1104,347,http://www.wikidata.org/entity/Q2818964,various authors,4,,2024-05-22T07:08:57Z
http://www.wikidata.org/entity/Q106448506,Q106448506,Art & Literature,http://www.wikidata.org/prop/direct/P1104,http://www.wikidata.org/prop/direct/P1104,224,http://www.wikidata.org/entity/Q55047426,Lena Lindahl,1,,2023-12-26T17:09:38Z
http://www.wikidata.org/entity/Q107123017,Property at a Crossroads,Art & Literature,http://www.wikidata.org/prop/direct/P1104,http://www.wikidata.org/prop/direct/P1104,607,http://www.wikidata.org/entity/Q7058380,Hanoch Dagan,1,,2022-11-27T14:23:10Z
http://www.wikidata.org/entity/Q106612935,Penholm,Art & Literature,http://www.wikidata.org/prop/direct/P1104,http://www.wikidata.org/prop/direct/P1104,28,http://www.wikidata.org/entity/Q21461554,G. Howell-Baker,1,,2022-09-11T19:11:18Z
http://www.wikidata.org/entity/Q105549369,Q105549369,Art & Literature,http://www.wikidata.org/prop/direct/P1104,http://www.wikidata.org/prop/direct/P1104,416,http://www.wikidata.org/entity/Q1853941,Marc de Bel,1,,2021-08-24T09:50:06Z
http://www.wikidata.org/entity/Q106465268,Q106465268,Art & Literature,http://www.wikidata.org/prop/direct/P1104,http://www.wikidata.org/prop/direct/P1104,32,http://www.wikidata.org/entity/Q6102857,Ahmet Refik Altınay,1,,2021-04-11T20:04:50Z
http://www.wikidata.org/entity/Q105590902,Q105590902,Art & Literature,http://www.wikidata.org/prop/direct/P1104,http://www.wikidata.org/prop/direct/P1104,288,http://www.wikidata.org/entity/Q3050726,Yelena Chizhova,3,,2021-06-06T17:22:52Z
http://www.wikidata.org/entity/Q106546469,Q106546469,Art & Literature,http://www.wikidata.org/prop/direct/P1104,http://www.wikidata.org/prop/direct/P1104,448,http://www.wikidata.org/entity/Q106546504,Heather Dune Macadam,1,,2021-04-29T14:10:13Z
http://www.wikidata.org/entity/Q105485274,Blue Lantern,Art & Literature,http://www.wikidata.org/prop/direct/P1104,http://www.wikidata.org/prop/direct/P1104,317,http://www.wikidata.org/entity/Q246722,Victor Pelevin,6,,2024-07-26T14:34:11Z
http://www.wikidata.org/entity/Q106584307,Q106584307,Art & Literature,http://www.wikidata.org/prop/direct/P1104,http://www.wikidata.org/prop/direct/P1104,1246,http://www.wikidata.org/entity/Q81731,Murasaki Shikibu,1,,2024-02-06T11:34:19Z
http://www.wikidata.org/entity/Q107647272,Maddat al-baqaʼ fī islah fasad al-hawaʼ wa-al-taharruz min darar al-awbaʼ,Art & Literature,http://www.wikidata.org/prop/direct/P1104,http://www.wikidata.org/prop/direct/P1104,695,http://www.wikidata.org/entity/Q27841635,"Al-Tamimi, the physician",1,,2023-07-31T09:00:21Z
http://www.wikidata.org/entity/Q108037357,Q108037357,Art & Literature,http://www.wikidata.org/prop/direct/P1104,http://www.wikidata.org/prop/direct/P1104,294,,,1,,2024-10-09T14:35:48Z
http://www.wikidata.org/entity/Q107996481,Q107996481,Art & Literature,http://www.wikidata.org/prop/direct/P1104,http://www.wikidata.org/prop/direct/P1104,76,http://www.wikidata.org/entity/Q12490749,"Ministry of Education, Culture, Research and Technology",1,,2022-11-02T00:43:17Z
http://www.wikidata.org/entity/Q108037423,Q108037423,Art & Literature,http://www.wikidata.org/prop/direct/P1104,http://www.wikidata.org/prop/direct/P1104,64,,,1,,2022-11-05T23:10:23Z
http://www.wikidata.org/entity/Q108037456,Q108037456,Art & Literature,http://www.wikidata.org/prop/direct/P1104,http://www.wikidata.org/prop/direct/P1104,50,,,1,,2022-11-05T23:22:12Z
http://www.wikidata.org/entity/Q107609203,Q107609203,Art & Literature,http://www.wikidata.org/prop/direct/P1104,http://www.wikidata.org/prop/direct/P1104,415,,,1,,2024-10-02T15:50:10Z
http://www.wikidata.org/entity/Q108154287,Q108154287,Art & Literature,http://www.wikidata.org/prop/direct/P1104,http://www.wikidata.org/prop/direct/P1104,232,http://www.wikidata.org/entity/Q12407560,Hanoch Daum,1,,2021-08-19T17:16:18Z
http://www.wikidata.org/entity/Q107709563,Salute Your Shorts: Life at Summer Camp,Art & Literature,http://www.wikidata.org/prop/direct/P1104,http://www.wikidata.org/prop/direct/P1104,159,,,1,,2022-12-07T15:05:25Z
http://www.wikidata.org/entity/Q108037370,Q108037370,Art & Literature,http://www.wikidata.org/prop/direct/P1104,http://www.wikidata.org/prop/direct/P1104,205,http://www.wikidata.org/entity/Q12490749,"Ministry of Education, Culture, Research and Technology",1,,2022-11-02T04:50:58Z
http://www.wikidata.org/entity/Q107996469,Q107996469,Art & Literature,http://www.wikidata.org/prop/direct/P1104,http://www.wikidata.org/prop/direct/P1104,27,,,1,,2022-11-05T23:43:04Z
http://www.wikidata.org/entity/Q108037333,Q108037333,Art & Literature,http://www.wikidata.org/prop/direct/P1104,http://www.wikidata.org/prop/direct/P1104,100,http://www.wikidata.org/entity/Q12490749,"Ministry of Education, Culture, Research and Technology",1,,2024-10-09T14:35:44Z
http://www.wikidata.org/entity/Q108037273,Q108037273,Art & Literature,http://www.wikidata.org/prop/direct/P1104,http://www.wikidata.org/prop/direct/P1104,192,http://www.wikidata.org/entity/Q12490749,"Ministry of Education, Culture, Research and Technology",1,,2022-11-02T05:01:59Z
http://www.wikidata.org/entity/Q108037382,Q108037382,Art & Literature,http://www.wikidata.org/prop/direct/P1104,http://www.wikidata.org/prop/direct/P1104,306,,,1,,2022-11-02T06:10:14Z
http://www.wikidata.org/entity/Q107996456,Q107996456,Art & Literature,http://www.wikidata.org/prop/direct/P1104,http://www.wikidata.org/prop/direct/P1104,123,http://www.wikidata.org/entity/Q12490749,"Ministry of Education, Culture, Research and Technology",1,,2022-11-02T01:24:40Z
http://www.wikidata.org/entity/Q108037445,Q108037445,Art & Literature,http://www.wikidata.org/prop/direct/P1104,http://www.wikidata.org/prop/direct/P1104,59,,,1,,2022-11-05T23:13:34Z
http://www.wikidata.org/entity/Q107996419,Q107996419,Art & Literature,http://www.wikidata.org/prop/direct/P1104,http://www.wikidata.org/prop/direct/P1104,160,http://www.wikidata.org/entity/Q12490749,"Ministry of Education, Culture, Research and Technology",1,,2022-11-02T00:53:18Z
http://www.wikidata.org/entity/Q108037395,Q108037395,Art & Literature,http://www.wikidata.org/prop/direct/P1104,http://www.wikidata.org/prop/direct/P1104,134,,,1,,2022-11-02T01:12:22Z
http://www.wikidata.org/entity/Q108037320,Q108037320,Art & Literature,http://www.wikidata.org/prop/direct/P1104,http://www.wikidata.org/prop/direct/P1104,262,http://www.wikidata.org/entity/Q12490749,"Ministry of Education, Culture, Research and Technology",1,,2022-11-02T00:23:40Z
http://www.wikidata.org/entity/Q108037305,Q108037305,Art & Literature,http://www.wikidata.org/prop/direct/P1104,http://www.wikidata.org/prop/direct/P1104,167,http://www.wikidata.org/entity/Q12490749,"Ministry of Education, Culture, Research and Technology",1,,2022-11-05T23:07:44Z
http://www.wikidata.org/entity/Q108309858,Incandescent Electric Lighting,Art & Literature,http://www.wikidata.org/prop/direct/P1104,http://www.wikidata.org/prop/direct/P1104,140,http://www.wikidata.org/entity/Q108309703,Cornelius James Field,1,,2021-09-27T19:35:32Z
http://www.wikidata.org/entity/Q108634617,"The Damndest Radical: The Life and World of Ben Reitman, Chicago's Celebrated Social Reformer, Hobo King, and Whorehouse Physician",Art & Literature,http://www.wikidata.org/prop/direct/P1104,http://www.wikidata.org/prop/direct/P1104,332,http://www.wikidata.org/entity/Q7357929,Roger Bruns,1,,2022-05-15T20:47:09Z
http://www.wikidata.org/entity/Q108309858,Incandescent Electric Lighting,Art & Literature,http://www.wikidata.org/prop/direct/P1104,http://www.wikidata.org/prop/direct/P1104,140,http://www.wikidata.org/entity/Q1563225,John White Howell,1,,2021-09-27T19:35:32Z
http://www.wikidata.org/entity/Q108901339,Q108901339,Art & Literature,http://www.wikidata.org/prop/direct/P1104,http://www.wikidata.org/prop/direct/P1104,516,http://www.wikidata.org/entity/Q27113934,Ivo Ivanov,1,,2021-10-15T15:09:56Z
http://www.wikidata.org/entity/Q108304528,"Navalny: Putin’s Nemesis, Russia’s Future?",Art & Literature,http://www.wikidata.org/prop/direct/P1104,http://www.wikidata.org/prop/direct/P1104,280,,,1,,2024-02-24T13:48:26Z
http://www.wikidata.org/entity/Q108309858,Incandescent Electric Lighting,Art & Literature,http://www.wikidata.org/prop/direct/P1104,http://www.wikidata.org/prop/direct/P1104,140,http://www.wikidata.org/entity/Q732229,Lewis Howard Latimer,1,,2021-09-27T19:35:32Z
http://www.wikidata.org/entity/Q108430058,The Philosophy of Beards,Art & Literature,http://www.wikidata.org/prop/direct/P1104,http://www.wikidata.org/prop/direct/P1104,72,http://www.wikidata.org/entity/Q90058509,Thomas S. Gowing,2,,2022-09-16T07:25:50Z
http://www.wikidata.org/entity/Q108501938,History of Banjarmasin,Art & Literature,http://www.wikidata.org/prop/direct/P1104,http://www.wikidata.org/prop/direct/P1104,174,,,1,,2022-11-07T03:44:39Z
http://www.wikidata.org/entity/Q108391975,Q108391975,Art & Literature,http://www.wikidata.org/prop/direct/P1104,http://www.wikidata.org/prop/direct/P1104,334,http://www.wikidata.org/entity/Q1152386,Giuseppe Olivi,1,,2022-09-16T05:48:54Z
http://www.wikidata.org/entity/Q108871647,Q108871647,Art & Literature,http://www.wikidata.org/prop/direct/P1104,http://www.wikidata.org/prop/direct/P1104,400,http://www.wikidata.org/entity/Q1463452,Uladzimir Arloŭ,2,,2023-12-03T08:57:42Z
http://www.wikidata.org/entity/Q108803658,Q108803658,Art & Literature,http://www.wikidata.org/prop/direct/P1104,http://www.wikidata.org/prop/direct/P1104,319,http://www.wikidata.org/entity/Q6933503,Mukhtar Masood,1,,2021-10-05T07:44:45Z
http://www.wikidata.org/entity/Q109558791,Q109558791,Art & Literature,http://www.wikidata.org/prop/direct/P1104,http://www.wikidata.org/prop/direct/P1104,206,,,1,,2021-12-13T08:55:53Z
http://www.wikidata.org/entity/Q109749577,Literary encyclopedic dictionary,Art & Literature,http://www.wikidata.org/prop/direct/P1104,http://www.wikidata.org/prop/direct/P1104,752,,,1,,2024-01-16T11:53:50Z
http://www.wikidata.org/entity/Q109513167,Practical political science. A guide to getting in touch with reality,Art & Literature,http://www.wikidata.org/prop/direct/P1104,http://www.wikidata.org/prop/direct/P1104,320,http://www.wikidata.org/entity/Q21534091,Ekaterina Schulmann,1,,2022-02-18T22:11:45Z
http://www.wikidata.org/entity/Q110205542,Q110205542,Art & Literature,http://www.wikidata.org/prop/direct/P1104,http://www.wikidata.org/prop/direct/P1104,144,http://www.wikidata.org/entity/Q47035414,Whitney Battle-Baptiste,2,,2022-04-14T18:28:34Z
http://www.wikidata.org/entity/Q110245237,Hamara Hindustan Aur Uske Fazail,Art & Literature,http://www.wikidata.org/prop/direct/P1104,http://www.wikidata.org/prop/direct/P1104,32,http://www.wikidata.org/entity/Q4846312,Hussain Ahmad Madani,1,,2022-11-27T15:02:20Z
http://www.wikidata.org/entity/Q110205542,Q110205542,Art & Literature,http://www.wikidata.org/prop/direct/P1104,http://www.wikidata.org/prop/direct/P1104,144,http://www.wikidata.org/entity/Q110541396,Britt Rusert,2,,2022-04-14T18:28:34Z
http://www.wikidata.org/entity/Q111512675,The landscapes within,Art & Literature,http://www.wikidata.org/prop/direct/P1104,http://www.wikidata.org/prop/direct/P1104,296,http://www.wikidata.org/entity/Q315362,Ben Okri,1,,2024-05-07T11:08:10Z
http://www.wikidata.org/entity/Q111503792,Flowers and Shadows,Art & Literature,http://www.wikidata.org/prop/direct/P1104,http://www.wikidata.org/prop/direct/P1104,208,http://www.wikidata.org/entity/Q315362,Ben Okri,1,,2024-05-16T12:24:38Z
http://www.wikidata.org/entity/Q111593562,Breves animalium quorundam maxima ex parte marinorum descriptiones,Art & Literature,http://www.wikidata.org/prop/direct/P1104,http://www.wikidata.org/prop/direct/P1104,24,http://www.wikidata.org/entity/Q87152,Friedrich Sigismund Leuckart,1,,2022-05-13T08:06:27Z
http://www.wikidata.org/entity/Q111577689,Q111577689,Art & Literature,http://www.wikidata.org/prop/direct/P1104,http://www.wikidata.org/prop/direct/P1104,391,http://www.wikidata.org/entity/Q4986768,Bujor Nedelcovici,1,,2022-05-11T10:06:08Z
http://www.wikidata.org/entity/Q111588899,Pedagogical Sketchbook,Art & Literature,http://www.wikidata.org/prop/direct/P1104,http://www.wikidata.org/prop/direct/P1104,51,http://www.wikidata.org/entity/Q44007,Paul Klee,1,,2022-09-10T22:25:09Z
http://www.wikidata.org/entity/Q111171322,Q111171322,Art & Literature,http://www.wikidata.org/prop/direct/P1104,http://www.wikidata.org/prop/direct/P1104,215,http://www.wikidata.org/entity/Q13473501,collective,1,,2022-03-09T19:13:35Z
http://www.wikidata.org/entity/Q110786726,Revival from Below: The Deoband Movement and Global Islam,Art & Literature,http://www.wikidata.org/prop/direct/P1104,http://www.wikidata.org/prop/direct/P1104,322,,,2,,2023-11-28T00:12:45Z
http://www.wikidata.org/entity/Q111109184,Rukověť hlaholské paleografie.,Art & Literature,http://www.wikidata.org/prop/direct/P1104,http://www.wikidata.org/prop/direct/P1104,178,http://www.wikidata.org/entity/Q1559723,Josef Vajs,1,,2022-03-05T22:49:16Z
http://www.wikidata.org/entity/Q111091495,Q111091495,Art & Literature,http://www.wikidata.org/prop/direct/P1104,http://www.wikidata.org/prop/direct/P1104,1490,http://www.wikidata.org/entity/Q12407172,Jean Ancel,1,,2022-03-04T17:20:44Z
http://www.wikidata.org/entity/Q111036143,125 Freelance Business Ideas,Art & Literature,http://www.wikidata.org/prop/direct/P1104,http://www.wikidata.org/prop/direct/P1104,230,http://www.wikidata.org/entity/Q107352066,Umair Ahmad,1,,2023-11-29T10:49:24Z
http://www.wikidata.org/entity/Q111046674,Q111046674,Art & Literature,http://www.wikidata.org/prop/direct/P1104,http://www.wikidata.org/prop/direct/P1104,280,http://www.wikidata.org/entity/Q196773,Zeruya Shalev,1,,2024-10-01T23:23:33Z
http://www.wikidata.org/entity/Q110839693,"Yinka, Where Is Your Huzband?",Art & Literature,http://www.wikidata.org/prop/direct/P1104,http://www.wikidata.org/prop/direct/P1104,384,http://www.wikidata.org/entity/Q118435464,Lizzie Damilola Blackburn,1,,2023-05-17T21:46:14Z
http://www.wikidata.org/entity/Q110936211,Supermujeres Superinventoras,Art & Literature,http://www.wikidata.org/prop/direct/P1104,http://www.wikidata.org/prop/direct/P1104,216,http://www.wikidata.org/entity/Q2834416,Sandra Uve,1,,2022-04-13T23:43:16Z
http://www.wikidata.org/entity/Q110684481,Q110684481,Art & Literature,http://www.wikidata.org/prop/direct/P1104,http://www.wikidata.org/prop/direct/P1104,464,http://www.wikidata.org/entity/Q11220836,Uri Bar-Joseph,2,,2022-01-25T18:12:15Z
http://www.wikidata.org/entity/Q111046679,Q111046679,Art & Literature,http://www.wikidata.org/prop/direct/P1104,http://www.wikidata.org/prop/direct/P1104,3350,http://www.wikidata.org/entity/Q6611085,Q6611085,1,,2022-09-27T09:33:32Z
http://www.wikidata.org/entity/Q110755027,"Islamic Revival in British India: Deoband, 1860-1900",Art & Literature,http://www.wikidata.org/prop/direct/P1104,http://www.wikidata.org/prop/direct/P1104,402,http://www.wikidata.org/entity/Q240980,Barbara D. Metcalf,2,,2023-11-27T19:02:38Z
http://www.wikidata.org/entity/Q110960800,Q110960800,Art & Literature,http://www.wikidata.org/prop/direct/P1104,http://www.wikidata.org/prop/direct/P1104,624,,,1,,2024-10-02T15:53:44Z
http://www.wikidata.org/entity/Q110639848,Nearly All the Men in Lagos are Mad,Art & Literature,http://www.wikidata.org/prop/direct/P1104,http://www.wikidata.org/prop/direct/P1104,244,http://www.wikidata.org/entity/Q110068077,Damilare Kuku,1,,2024-10-14T16:49:06Z
http://www.wikidata.org/entity/Q111171322,Q111171322,Art & Literature,http://www.wikidata.org/prop/direct/P1104,http://www.wikidata.org/prop/direct/P1104,191,http://www.wikidata.org/entity/Q13473501,collective,1,,2022-03-09T19:13:35Z
http://www.wikidata.org/entity/Q111046650,Q111046650,Art & Literature,http://www.wikidata.org/prop/direct/P1104,http://www.wikidata.org/prop/direct/P1104,1968,http://www.wikidata.org/entity/Q12409270,Menachem Goldberg,1,,2022-09-27T09:33:42Z
http://www.wikidata.org/entity/Q110438283,A través del Egipto,Art & Literature,http://www.wikidata.org/prop/direct/P1104,http://www.wikidata.org/prop/direct/P1104,470,http://www.wikidata.org/entity/Q11681280,Eduardo Toda y Güell,1,,2022-11-03T21:11:20Z
http://www.wikidata.org/entity/Q110439402,Q110439402,Art & Literature,http://www.wikidata.org/prop/direct/P1104,http://www.wikidata.org/prop/direct/P1104,424,http://www.wikidata.org/entity/Q16866341,David Alan Grier,1,,2022-04-13T21:28:13Z
http://www.wikidata.org/entity/Q111902039,Q111902039,Art & Literature,http://www.wikidata.org/prop/direct/P1104,http://www.wikidata.org/prop/direct/P1104,188,http://www.wikidata.org/entity/Q15970577,Yves Bichet,1,,2022-06-06T15:26:14Z
http://www.wikidata.org/entity/Q111792510,Q111792510,Art & Literature,http://www.wikidata.org/prop/direct/P1104,http://www.wikidata.org/prop/direct/P1104,748,http://www.wikidata.org/entity/Q3765758,Giorgio Silfer,1,,2022-10-17T09:32:24Z
http://www.wikidata.org/entity/Q111815817,Q111815817,Art & Literature,http://www.wikidata.org/prop/direct/P1104,http://www.wikidata.org/prop/direct/P1104,222,http://www.wikidata.org/entity/Q47128519,Daniel Davies,1,,2022-06-02T09:45:39Z
http://www.wikidata.org/entity/Q111812045,Q111812045,Art & Literature,http://www.wikidata.org/prop/direct/P1104,http://www.wikidata.org/prop/direct/P1104,60,http://www.wikidata.org/entity/Q102483,Jaroslav Seifert,1,,2024-10-03T08:44:50Z
http://www.wikidata.org/entity/Q111678846,Q111678846,Art & Literature,http://www.wikidata.org/prop/direct/P1104,http://www.wikidata.org/prop/direct/P1104,28,http://www.wikidata.org/entity/Q267137,Olha Kobylianska,1,,2022-05-21T19:06:14Z
http://www.wikidata.org/entity/Q111678846,Q111678846,Art & Literature,http://www.wikidata.org/prop/direct/P1104,http://www.wikidata.org/prop/direct/P1104,184,http://www.wikidata.org/entity/Q267137,Olha Kobylianska,1,,2022-05-21T19:06:14Z
http://www.wikidata.org/entity/Q111853794,Q111853794,Art & Literature,http://www.wikidata.org/prop/direct/P1104,http://www.wikidata.org/prop/direct/P1104,177,http://www.wikidata.org/entity/Q12260913,Joxean Agirre Odriozola,1,,2024-10-10T02:50:05Z
http://www.wikidata.org/entity/Q111855625,Q111855625,Art & Literature,http://www.wikidata.org/prop/direct/P1104,http://www.wikidata.org/prop/direct/P1104,178,http://www.wikidata.org/entity/Q29034854,Ana Malagon Zaldua,1,,2024-10-10T14:42:42Z
http://www.wikidata.org/entity/Q111730151,My Bones and My Flute,Art & Literature,http://www.wikidata.org/prop/direct/P1104,http://www.wikidata.org/prop/direct/P1104,173,http://www.wikidata.org/entity/Q181618,Edgar Mittelholzer,1,,2024-10-10T02:50:01Z
http://www.wikidata.org/entity/Q111736501,Tilbage til arbejdet,Art & Literature,http://www.wikidata.org/prop/direct/P1104,http://www.wikidata.org/prop/direct/P1104,290,http://www.wikidata.org/entity/Q12308270,Dennis Nørmark,1,,2023-03-24T13:32:45Z
http://www.wikidata.org/entity/Q111890028,Who Must Die in Rwanda's Genocide?: The State of Exception Realized,Art & Literature,http://www.wikidata.org/prop/direct/P1104,http://www.wikidata.org/prop/direct/P1104,159,http://www.wikidata.org/entity/Q1556541,Kyrsten Sinema,1,,2023-11-10T20:26:47Z
http://www.wikidata.org/entity/Q111792510,Q111792510,Art & Literature,http://www.wikidata.org/prop/direct/P1104,http://www.wikidata.org/prop/direct/P1104,748,http://www.wikidata.org/entity/Q55990,Carlo Minnaja,1,,2022-10-17T09:32:24Z
http://www.wikidata.org/entity/Q111890028,Who Must Die in Rwanda's Genocide?: The State of Exception Realized,Art & Literature,http://www.wikidata.org/prop/direct/P1104,http://www.wikidata.org/prop/direct/P1104,16,http://www.wikidata.org/entity/Q1556541,Kyrsten Sinema,1,,2023-11-10T20:26:47Z
http://www.wikidata.org/entity/Q112665259,Q112665259,Art & Literature,http://www.wikidata.org/prop/direct/P1104,http://www.wikidata.org/prop/direct/P1104,464,http://www.wikidata.org/entity/Q20507568,Karen Matevosyan,1,,2023-03-15T06:41:49Z
http://www.wikidata.org/entity/Q112169066,Foundations of Real-World Economics,Art & Literature,http://www.wikidata.org/prop/direct/P1104,http://www.wikidata.org/prop/direct/P1104,306,http://www.wikidata.org/entity/Q1668889,John Komlos,12,,2023-01-02T11:48:50Z
http://www.wikidata.org/entity/Q113044014,Q113044014,Art & Literature,http://www.wikidata.org/prop/direct/P1104,http://www.wikidata.org/prop/direct/P1104,272,http://www.wikidata.org/entity/Q6736233,Karni Eldad,1,,2022-08-12T10:26:15Z
http://www.wikidata.org/entity/Q112262261,Schooling and the Struggle for Public Life,Art & Literature,http://www.wikidata.org/prop/direct/P1104,http://www.wikidata.org/prop/direct/P1104,257,http://www.wikidata.org/entity/Q705200,Henry Giroux,3,,2024-07-28T14:29:50Z
http://www.wikidata.org/entity/Q112783692,A hundred years of music in America,Art & Literature,http://www.wikidata.org/prop/direct/P1104,http://www.wikidata.org/prop/direct/P1104,715,http://www.wikidata.org/entity/Q4309948,W. S. B. Mathews,1,,2022-07-28T23:29:10Z
http://www.wikidata.org/entity/Q112269741,"On the status and tasks of scientific work of the Institute of Geological Sciences of the USSR Academy of Sciences, 1948",Art & Literature,http://www.wikidata.org/prop/direct/P1104,http://www.wikidata.org/prop/direct/P1104,512,,,1,,2024-11-21T09:56:43Z
http://www.wikidata.org/entity/Q112567860,The Sermon on the Mount,Art & Literature,http://www.wikidata.org/prop/direct/P1104,http://www.wikidata.org/prop/direct/P1104,32,,,1,,2022-07-14T07:27:33Z
http://www.wikidata.org/entity/Q113131611,Muhāḍarāt fī tārīkh al-dawlah al-ʻAbbāsīyah,Art & Literature,http://www.wikidata.org/prop/direct/P1104,http://www.wikidata.org/prop/direct/P1104,240,http://www.wikidata.org/entity/Q112977266,Nabila Hasan Muhammad,1,,2022-11-27T15:12:16Z
http://www.wikidata.org/entity/Q113301551,Q113301551,Art & Literature,http://www.wikidata.org/prop/direct/P1104,http://www.wikidata.org/prop/direct/P1104,164,http://www.wikidata.org/entity/Q2818964,various authors,1,,2022-08-26T10:26:27Z
