entity,entityLabel,category,property,propertyLabel,year,sitelinks,dateCreated,dateModified
http://www.wikidata.org/entity/Q1369423,Toledo War,History,http://www.wikidata.org/prop/direct/P580,http://www.wikidata.org/prop/direct/P580,1835,16,,2024-11-13T03:33:53Z
http://www.wikidata.org/entity/Q1265861,Great Illyrian Revolt,History,http://www.wikidata.org/prop/direct/P580,http://www.wikidata.org/prop/direct/P580,6,18,,2024-11-13T17:36:35Z
http://www.wikidata.org/entity/Q1348630,Ridda Wars,History,http://www.wikidata.org/prop/direct/P580,http://www.wikidata.org/prop/direct/P580,632,33,,2024-11-13T17:36:40Z
http://www.wikidata.org/entity/Q1434602,Libyan–Egyptian War,History,http://www.wikidata.org/prop/direct/P580,http://www.wikidata.org/prop/direct/P580,1977,24,,2024-11-13T03:34:01Z
http://www.wikidata.org/entity/Q1545405,New Zealand Wars,History,http://www.wikidata.org/prop/direct/P580,http://www.wikidata.org/prop/direct/P580,1845,26,,2024-11-17T16:53:47Z
http://www.wikidata.org/entity/Q1382989,Rogue River Wars,History,http://www.wikidata.org/prop/direct/P580,http://www.wikidata.org/prop/direct/P580,1855,4,,2023-10-27T17:21:51Z
http://www.wikidata.org/entity/Q1560725,Münster Diocesan Feud,History,http://www.wikidata.org/prop/direct/P580,http://www.wikidata.org/prop/direct/P580,1450,3,,2023-05-15T15:31:27Z
http://www.wikidata.org/entity/Q1192398,Musket Wars,History,http://www.wikidata.org/prop/direct/P580,http://www.wikidata.org/prop/direct/P580,1807,22,,2024-11-13T17:36:23Z
http://www.wikidata.org/entity/Q1429256,War of the League of Cognac,History,http://www.wikidata.org/prop/direct/P580,http://www.wikidata.org/prop/direct/P580,1526,28,,2024-11-22T01:50:50Z
http://www.wikidata.org/entity/Q1520241,Yamasee War,History,http://www.wikidata.org/prop/direct/P580,http://www.wikidata.org/prop/direct/P580,1715,13,,2024-11-13T03:39:43Z
http://www.wikidata.org/entity/Q1354920,Djiboutian–Eritrean border conflict,History,http://www.wikidata.org/prop/direct/P580,http://www.wikidata.org/prop/direct/P580,2008,15,,2024-11-13T03:39:38Z
http://www.wikidata.org/entity/Q1289560,Seventh French War of Religion,History,http://www.wikidata.org/prop/direct/P580,http://www.wikidata.org/prop/direct/P580,1579,2,,2024-11-13T17:36:38Z
http://www.wikidata.org/entity/Q1366196,Gothic War of 376–382,History,http://www.wikidata.org/prop/direct/P580,http://www.wikidata.org/prop/direct/P580,376,26,,2024-11-13T03:33:50Z
http://www.wikidata.org/entity/Q1229305,Julian's Persian War,History,http://www.wikidata.org/prop/direct/P580,http://www.wikidata.org/prop/direct/P580,363,10,,2024-11-13T17:36:28Z
http://www.wikidata.org/entity/Q1640107,Ifni War,History,http://www.wikidata.org/prop/direct/P580,http://www.wikidata.org/prop/direct/P580,1957,23,,2024-11-13T03:39:54Z
http://www.wikidata.org/entity/Q1190696,War of the Oranges,History,http://www.wikidata.org/prop/direct/P580,http://www.wikidata.org/prop/direct/P580,1801,24,,2024-11-13T17:36:21Z
http://www.wikidata.org/entity/Q1271059,Shifta War,History,http://www.wikidata.org/prop/direct/P580,http://www.wikidata.org/prop/direct/P580,1963,10,,2024-11-13T17:36:37Z
http://www.wikidata.org/entity/Q1503611,Numantine War,History,http://www.wikidata.org/prop/direct/P580,http://www.wikidata.org/prop/direct/P580,-142,20,,2024-12-06T16:21:56Z
http://www.wikidata.org/entity/Q1509437,Russo-Swedish War of 1495–1497,History,http://www.wikidata.org/prop/direct/P580,http://www.wikidata.org/prop/direct/P580,1495,16,,2024-11-13T03:34:10Z
http://www.wikidata.org/entity/Q1230787,First Celtiberian War,History,http://www.wikidata.org/prop/direct/P580,http://www.wikidata.org/prop/direct/P580,-180,12,,2024-12-06T16:22:46Z
http://www.wikidata.org/entity/Q1249250,First Sacred War,History,http://www.wikidata.org/prop/direct/P580,http://www.wikidata.org/prop/direct/P580,-594,17,,2024-12-01T13:07:16Z
http://www.wikidata.org/entity/Q1669192,Fourth Sacred War,History,http://www.wikidata.org/prop/direct/P580,http://www.wikidata.org/prop/direct/P580,-338,8,,2024-11-13T03:39:57Z
http://www.wikidata.org/entity/Q1747429,Hungarian-Czechoslovak-România  War,History,http://www.wikidata.org/prop/direct/P580,http://www.wikidata.org/prop/direct/P580,1918,11,,2024-09-29T19:01:06Z
http://www.wikidata.org/entity/Q1717438,Swedish invasion of Brandenburg,History,http://www.wikidata.org/prop/direct/P580,http://www.wikidata.org/prop/direct/P580,1674,6,,2024-11-13T03:40:01Z
http://www.wikidata.org/entity/Q1615914,Hessian Brotherhood War,History,http://www.wikidata.org/prop/direct/P580,http://www.wikidata.org/prop/direct/P580,1469,2,,2023-11-05T22:01:53Z
http://www.wikidata.org/entity/Q1540737,Hispano-Moroccan War,History,http://www.wikidata.org/prop/direct/P580,http://www.wikidata.org/prop/direct/P580,1859,25,,2024-11-13T03:39:46Z
http://www.wikidata.org/entity/Q1195833,Jiang Wei's Northern Expeditions,History,http://www.wikidata.org/prop/direct/P580,http://www.wikidata.org/prop/direct/P580,240,9,,2023-09-30T19:12:30Z
http://www.wikidata.org/entity/Q1265114,Father Rale's War,History,http://www.wikidata.org/prop/direct/P580,http://www.wikidata.org/prop/direct/P580,1722,15,,2024-11-17T09:23:43Z
http://www.wikidata.org/entity/Q1634776,Russo-Swedish War of 1590–1595,History,http://www.wikidata.org/prop/direct/P580,http://www.wikidata.org/prop/direct/P580,1590,15,,2024-11-13T03:39:53Z
http://www.wikidata.org/entity/Q1456170,Burmese–Siamese War of 1583-1593,History,http://www.wikidata.org/prop/direct/P580,http://www.wikidata.org/prop/direct/P580,1584,4,,2024-03-19T02:01:24Z
http://www.wikidata.org/entity/Q1413732,Kashmir conflict,History,http://www.wikidata.org/prop/direct/P580,http://www.wikidata.org/prop/direct/P580,1947,55,,2024-11-13T03:33:55Z
http://www.wikidata.org/entity/Q1559103,Mainz Diocesan Feud,History,http://www.wikidata.org/prop/direct/P580,http://www.wikidata.org/prop/direct/P580,1461,8,,2024-11-13T03:39:50Z
http://www.wikidata.org/entity/Q1495944,Polish–Lithuanian War,History,http://www.wikidata.org/prop/direct/P580,http://www.wikidata.org/prop/direct/P580,1919,26,,2024-11-13T03:34:06Z
http://www.wikidata.org/entity/Q1377132,Kieft's War,History,http://www.wikidata.org/prop/direct/P580,http://www.wikidata.org/prop/direct/P580,1643,12,,2024-11-13T03:33:54Z
http://www.wikidata.org/entity/Q1456086,Nez Perce War,History,http://www.wikidata.org/prop/direct/P580,http://www.wikidata.org/prop/direct/P580,1877,12,,2024-12-16T07:37:00Z
http://www.wikidata.org/entity/Q1373706,Ayutthayan–Cambodian War,History,http://www.wikidata.org/prop/direct/P580,http://www.wikidata.org/prop/direct/P580,1591,8,,2022-08-01T12:07:12Z
http://www.wikidata.org/entity/Q1632880,Burmese–Siamese War of 1759–60,History,http://www.wikidata.org/prop/direct/P580,http://www.wikidata.org/prop/direct/P580,1759,8,,2023-12-22T12:21:04Z
http://www.wikidata.org/entity/Q1269777,Dano-Swedish War of 1808-1809,History,http://www.wikidata.org/prop/direct/P580,http://www.wikidata.org/prop/direct/P580,1808,18,,2024-11-13T17:36:36Z
http://www.wikidata.org/entity/Q1758978,Burmese–Siamese War of 1775–76,History,http://www.wikidata.org/prop/direct/P580,http://www.wikidata.org/prop/direct/P580,1775,6,,2024-01-31T18:27:34Z
http://www.wikidata.org/entity/Q1455917,Umayyad conquest of Hispania,History,http://www.wikidata.org/prop/direct/P580,http://www.wikidata.org/prop/direct/P580,711,44,,2024-11-13T03:34:03Z
http://www.wikidata.org/entity/Q1672808,Irish Confederate Wars,History,http://www.wikidata.org/prop/direct/P580,http://www.wikidata.org/prop/direct/P580,1641,15,,2024-11-13T03:39:59Z
http://www.wikidata.org/entity/Q1367731,Saudi–Yemeni war,History,http://www.wikidata.org/prop/direct/P580,http://www.wikidata.org/prop/direct/P580,1934,15,,2024-11-13T03:33:51Z
http://www.wikidata.org/entity/Q1552718,Granada War,History,http://www.wikidata.org/prop/direct/P580,http://www.wikidata.org/prop/direct/P580,1482,33,,2024-11-27T23:35:51Z
http://www.wikidata.org/entity/Q1249270,Third Sacred War,History,http://www.wikidata.org/prop/direct/P580,http://www.wikidata.org/prop/direct/P580,-355,18,,2024-12-01T13:04:09Z
http://www.wikidata.org/entity/Q1202331,Germany Unification War,History,http://www.wikidata.org/prop/direct/P580,http://www.wikidata.org/prop/direct/P580,1864,4,,2024-12-11T09:20:53Z
http://www.wikidata.org/entity/Q1209169,War in Abkhazia,History,http://www.wikidata.org/prop/direct/P580,http://www.wikidata.org/prop/direct/P580,1992,36,,2024-12-10T20:36:01Z
http://www.wikidata.org/entity/Q1536533,Colombian-Peruvian War,History,http://www.wikidata.org/prop/direct/P580,http://www.wikidata.org/prop/direct/P580,1932,19,,2024-11-13T03:39:45Z
http://www.wikidata.org/entity/Q1352215,Polish–Russian War of 1792,History,http://www.wikidata.org/prop/direct/P580,http://www.wikidata.org/prop/direct/P580,1792,24,,2024-11-13T17:36:42Z
http://www.wikidata.org/entity/Q1420115,Russo-Persian War of 1826–28,History,http://www.wikidata.org/prop/direct/P580,http://www.wikidata.org/prop/direct/P580,1826,36,,2024-12-02T00:45:41Z
http://www.wikidata.org/entity/Q1361929,Indonesia–Malaysia confrontation,History,http://www.wikidata.org/prop/direct/P580,http://www.wikidata.org/prop/direct/P580,1963,24,,2024-12-02T12:30:30Z
http://www.wikidata.org/entity/Q1362205,First Olynthian War,History,http://www.wikidata.org/prop/direct/P580,http://www.wikidata.org/prop/direct/P580,-381,7,,2024-11-13T03:33:48Z
http://www.wikidata.org/entity/Q1342672,Anglo-Powhatan Wars,History,http://www.wikidata.org/prop/direct/P580,http://www.wikidata.org/prop/direct/P580,1610,11,,2024-11-13T17:36:39Z
http://www.wikidata.org/entity/Q1367977,Esopus Wars,History,http://www.wikidata.org/prop/direct/P580,http://www.wikidata.org/prop/direct/P580,1659,9,,2024-11-13T03:33:52Z
http://www.wikidata.org/entity/Q1187448,Zenkunen War,History,http://www.wikidata.org/prop/direct/P580,http://www.wikidata.org/prop/direct/P580,1051,14,,2024-11-13T03:28:33Z
http://www.wikidata.org/entity/Q1604816,Lithuanian–Soviet War,History,http://www.wikidata.org/prop/direct/P580,http://www.wikidata.org/prop/direct/P580,1918,17,,2024-11-13T03:39:51Z
http://www.wikidata.org/entity/Q1218354,War of the Three Sanchos,History,http://www.wikidata.org/prop/direct/P580,http://www.wikidata.org/prop/direct/P580,1065,8,,2024-11-13T17:36:27Z
http://www.wikidata.org/entity/Q1208479,Georgian–Ossetian conflict (1918–1920),History,http://www.wikidata.org/prop/direct/P580,http://www.wikidata.org/prop/direct/P580,1918,18,,2024-11-20T23:48:09Z
http://www.wikidata.org/entity/Q1441223,Siamese-Burmese War of 1613–1618,History,http://www.wikidata.org/prop/direct/P580,http://www.wikidata.org/prop/direct/P580,1613,2,,2023-12-22T15:45:12Z
http://www.wikidata.org/entity/Q1426479,Siamese-Cambodian War of 1603,History,http://www.wikidata.org/prop/direct/P580,http://www.wikidata.org/prop/direct/P580,1603,2,,2023-12-22T15:44:57Z
http://www.wikidata.org/entity/Q1349425,Spanish–Portuguese War of 1735-1737,History,http://www.wikidata.org/prop/direct/P580,http://www.wikidata.org/prop/direct/P580,1735,8,,2024-11-14T14:50:32Z
http://www.wikidata.org/entity/Q1362238,World War I outside Europe,History,http://www.wikidata.org/prop/direct/P580,http://www.wikidata.org/prop/direct/P580,1914,1,,2023-09-26T13:35:01Z
http://www.wikidata.org/entity/Q1533828,Roman–Parthian War of 58–63,History,http://www.wikidata.org/prop/direct/P580,http://www.wikidata.org/prop/direct/P580,58,19,,2024-11-13T03:39:44Z
http://www.wikidata.org/entity/Q1450532,Franco-Turkish War,History,http://www.wikidata.org/prop/direct/P580,http://www.wikidata.org/prop/direct/P580,1918,23,,2024-11-30T05:54:53Z
http://www.wikidata.org/entity/Q1616064,Mithridatic Wars,History,http://www.wikidata.org/prop/direct/P580,http://www.wikidata.org/prop/direct/P580,-87,35,,2024-12-04T16:14:35Z
http://www.wikidata.org/entity/Q1474893,Cleomenean War,History,http://www.wikidata.org/prop/direct/P580,http://www.wikidata.org/prop/direct/P580,-228,23,,2024-11-13T03:34:06Z
http://www.wikidata.org/entity/Q1764124,Third Mithridatic War,History,http://www.wikidata.org/prop/direct/P580,http://www.wikidata.org/prop/direct/P580,-72,25,,2024-11-13T17:49:04Z
http://www.wikidata.org/entity/Q1355145,Italian War of 1494–1495,History,http://www.wikidata.org/prop/direct/P580,http://www.wikidata.org/prop/direct/P580,1494,24,,2024-07-24T20:48:11Z
http://www.wikidata.org/entity/Q1418582,Russo-Persian War of 1722–23,History,http://www.wikidata.org/prop/direct/P580,http://www.wikidata.org/prop/direct/P580,1722,32,,2024-12-02T00:40:29Z
http://www.wikidata.org/entity/Q1332160,Indonesian National Revolution,History,http://www.wikidata.org/prop/direct/P580,http://www.wikidata.org/prop/direct/P580,1945,45,,2024-11-26T02:27:03Z
http://www.wikidata.org/entity/Q1432300,War of Agis,History,http://www.wikidata.org/prop/direct/P580,http://www.wikidata.org/prop/direct/P580,-333,2,,2024-11-13T03:34:00Z
http://www.wikidata.org/entity/Q1352401,Bombardment of Kagoshima,History,http://www.wikidata.org/prop/direct/P580,http://www.wikidata.org/prop/direct/P580,1863,18,,2024-11-13T03:39:37Z
http://www.wikidata.org/entity/Q1547791,Pueblo Revolt,History,http://www.wikidata.org/prop/direct/P580,http://www.wikidata.org/prop/direct/P580,1680,18,,2024-11-13T03:39:48Z
http://www.wikidata.org/entity/Q1262084,Djiboutian Civil War,History,http://www.wikidata.org/prop/direct/P580,http://www.wikidata.org/prop/direct/P580,1991,16,,2024-11-13T17:36:33Z
http://www.wikidata.org/entity/Q1209946,Third Anglo-Burmese War,History,http://www.wikidata.org/prop/direct/P580,http://www.wikidata.org/prop/direct/P580,1885,25,,2024-11-25T05:51:17Z
http://www.wikidata.org/entity/Q1337911,Siamese-Cambodian War of 1622,History,http://www.wikidata.org/prop/direct/P580,http://www.wikidata.org/prop/direct/P580,1622,2,,2023-12-22T15:44:49Z
http://www.wikidata.org/entity/Q1647768,First Mithridatic War,History,http://www.wikidata.org/prop/direct/P580,http://www.wikidata.org/prop/direct/P580,-88,29,,2024-12-02T17:57:34Z
http://www.wikidata.org/entity/Q1501724,Portuguese Restoration War,History,http://www.wikidata.org/prop/direct/P580,http://www.wikidata.org/prop/direct/P580,1640,32,,2024-11-13T03:34:08Z
http://www.wikidata.org/entity/Q1361199,Conquest of the Khanate of Sibir,History,http://www.wikidata.org/prop/direct/P580,http://www.wikidata.org/prop/direct/P580,1581,8,,2024-11-13T03:39:40Z
http://www.wikidata.org/entity/Q1305130,War of Saint Sabas,History,http://www.wikidata.org/prop/direct/P580,http://www.wikidata.org/prop/direct/P580,1256,13,,2024-11-28T07:33:47Z
http://www.wikidata.org/entity/Q1760930,Paquisha War,History,http://www.wikidata.org/prop/direct/P580,http://www.wikidata.org/prop/direct/P580,1981,17,,2024-11-13T17:54:46Z
http://www.wikidata.org/entity/Q1259237,Third Anglo-Afghan War,History,http://www.wikidata.org/prop/direct/P580,http://www.wikidata.org/prop/direct/P580,1919,35,,2024-11-13T17:36:32Z
http://www.wikidata.org/entity/Q1362162,First Carnatic War,History,http://www.wikidata.org/prop/direct/P580,http://www.wikidata.org/prop/direct/P580,1746,11,,2024-11-13T03:33:47Z
http://www.wikidata.org/entity/Q1207617,Pequot War,History,http://www.wikidata.org/prop/direct/P580,http://www.wikidata.org/prop/direct/P580,1636,20,,2024-11-13T17:36:23Z
http://www.wikidata.org/entity/Q1418062,Fourth Syrian War,History,http://www.wikidata.org/prop/direct/P580,http://www.wikidata.org/prop/direct/P580,-218,11,,2024-11-13T03:33:56Z
http://www.wikidata.org/entity/Q1361354,Nine Years' War,History,http://www.wikidata.org/prop/direct/P580,http://www.wikidata.org/prop/direct/P580,1593,18,,2024-11-13T03:39:41Z
http://www.wikidata.org/entity/Q1362209,First Anglo-Maratha War,History,http://www.wikidata.org/prop/direct/P580,http://www.wikidata.org/prop/direct/P580,1775,25,,2024-11-13T03:33:49Z
http://www.wikidata.org/entity/Q1500631,Ecuadorian–Peruvian War,History,http://www.wikidata.org/prop/direct/P580,http://www.wikidata.org/prop/direct/P580,1941,23,,2024-11-13T03:34:07Z
http://www.wikidata.org/entity/Q258679,Austro-Turkish War of 1663-1664,History,http://www.wikidata.org/prop/direct/P580,http://www.wikidata.org/prop/direct/P580,1663,23,,2024-11-13T02:25:21Z
http://www.wikidata.org/entity/Q387020,Social War of 357-355 BCE,History,http://www.wikidata.org/prop/direct/P580,http://www.wikidata.org/prop/direct/P580,-356,20,,2024-11-13T02:25:53Z
http://www.wikidata.org/entity/Q462964,November Uprising,History,http://www.wikidata.org/prop/direct/P580,http://www.wikidata.org/prop/direct/P580,1830,48,,2024-12-11T00:17:06Z
http://www.wikidata.org/entity/Q525097,Persian Expedition of 1796,History,http://www.wikidata.org/prop/direct/P580,http://www.wikidata.org/prop/direct/P580,1796,24,,2024-12-02T00:44:23Z
http://www.wikidata.org/entity/Q385676,Ōnin War,History,http://www.wikidata.org/prop/direct/P580,http://www.wikidata.org/prop/direct/P580,1467,33,,2024-11-18T06:38:51Z
http://www.wikidata.org/entity/Q254106,Crimean War,History,http://www.wikidata.org/prop/direct/P580,http://www.wikidata.org/prop/direct/P580,1853,97,,2024-11-13T02:25:19Z
http://www.wikidata.org/entity/Q442268,Anglo-Hanseatic War,History,http://www.wikidata.org/prop/direct/P580,http://www.wikidata.org/prop/direct/P580,1469,7,,2024-03-04T00:59:51Z
http://www.wikidata.org/entity/Q315342,Burgundian Wars,History,http://www.wikidata.org/prop/direct/P580,http://www.wikidata.org/prop/direct/P580,1474,33,,2024-11-27T09:05:14Z
http://www.wikidata.org/entity/Q381375,First Nagorno-Karabakh War,History,http://www.wikidata.org/prop/direct/P580,http://www.wikidata.org/prop/direct/P580,1988,66,,2024-12-13T09:05:22Z
http://www.wikidata.org/entity/Q208261,Ionian Revolt,History,http://www.wikidata.org/prop/direct/P580,http://www.wikidata.org/prop/direct/P580,-498,43,,2024-12-09T09:17:47Z
http://www.wikidata.org/entity/Q499229,Boeotian War,History,http://www.wikidata.org/prop/direct/P580,http://www.wikidata.org/prop/direct/P580,-378,12,,2024-10-07T04:28:47Z
http://www.wikidata.org/entity/Q474891,Texas–Indian Wars,History,http://www.wikidata.org/prop/direct/P580,http://www.wikidata.org/prop/direct/P580,1820,9,,2024-11-15T17:11:02Z
http://www.wikidata.org/entity/Q371394,Bangladesh Liberation War,History,http://www.wikidata.org/prop/direct/P580,http://www.wikidata.org/prop/direct/P580,1971,65,,2024-11-13T02:25:45Z
http://www.wikidata.org/entity/Q195378,Anglo-Nepalese War,History,http://www.wikidata.org/prop/direct/P580,http://www.wikidata.org/prop/direct/P580,1814,33,,2024-11-13T02:24:38Z
http://www.wikidata.org/entity/Q372330,Fifth Syrian War,History,http://www.wikidata.org/prop/direct/P580,http://www.wikidata.org/prop/direct/P580,-201,9,,2024-12-10T17:11:34Z
http://www.wikidata.org/entity/Q368594,Banjarmasin War,History,http://www.wikidata.org/prop/direct/P580,http://www.wikidata.org/prop/direct/P580,1859,8,,2024-11-13T02:25:42Z
http://www.wikidata.org/entity/Q372338,Sixth Syrian War,History,http://www.wikidata.org/prop/direct/P580,http://www.wikidata.org/prop/direct/P580,-169,9,,2024-12-01T13:09:35Z
http://www.wikidata.org/entity/Q233649,Second Margrave War,History,http://www.wikidata.org/prop/direct/P580,http://www.wikidata.org/prop/direct/P580,1552,9,,2024-11-13T02:25:03Z
http://www.wikidata.org/entity/Q282009,Juanillo Rebellion,History,http://www.wikidata.org/prop/direct/P580,http://www.wikidata.org/prop/direct/P580,1597,2,,2023-11-06T10:20:47Z
http://www.wikidata.org/entity/Q333023,Teutonic takeover of Danzig,History,http://www.wikidata.org/prop/direct/P580,http://www.wikidata.org/prop/direct/P580,1308,11,,2024-11-13T02:25:41Z
http://www.wikidata.org/entity/Q248984,Muslim conquest of the Levant,History,http://www.wikidata.org/prop/direct/P580,http://www.wikidata.org/prop/direct/P580,633,30,,2024-11-13T02:25:11Z
http://www.wikidata.org/entity/Q277392,Polish–Ottoman War of 1620–1621,History,http://www.wikidata.org/prop/direct/P580,http://www.wikidata.org/prop/direct/P580,1620,22,,2024-11-13T02:25:23Z
http://www.wikidata.org/entity/Q327513,Byzantine–Genoese War of 1348–1349,History,http://www.wikidata.org/prop/direct/P580,http://www.wikidata.org/prop/direct/P580,1348,12,,2024-11-13T02:25:39Z
http://www.wikidata.org/entity/Q228911,Anglo-Zulu War,History,http://www.wikidata.org/prop/direct/P580,http://www.wikidata.org/prop/direct/P580,1879,45,,2024-12-12T14:31:49Z
http://www.wikidata.org/entity/Q233642,Second Anglo-Maratha War,History,http://www.wikidata.org/prop/direct/P580,http://www.wikidata.org/prop/direct/P580,1803,24,,2024-12-09T19:51:56Z
http://www.wikidata.org/entity/Q233507,Second Anglo-Afghan War,History,http://www.wikidata.org/prop/direct/P580,http://www.wikidata.org/prop/direct/P580,1878,43,,2024-11-13T02:24:56Z
http://www.wikidata.org/entity/Q202465,Uganda–Tanzania War,History,http://www.wikidata.org/prop/direct/P580,http://www.wikidata.org/prop/direct/P580,1978,34,,2024-10-01T18:23:03Z
http://www.wikidata.org/entity/Q370963,Russo-Swedish War of 1554–1557,History,http://www.wikidata.org/prop/direct/P580,http://www.wikidata.org/prop/direct/P580,1554,22,,2024-11-13T02:25:44Z
http://www.wikidata.org/entity/Q199955,Hundred Days,History,http://www.wikidata.org/prop/direct/P580,http://www.wikidata.org/prop/direct/P580,1815,63,,2024-12-13T16:46:43Z
http://www.wikidata.org/entity/Q223126,Chaco War,History,http://www.wikidata.org/prop/direct/P580,http://www.wikidata.org/prop/direct/P580,1932,47,,2024-11-13T02:24:52Z
http://www.wikidata.org/entity/Q404517,Kargil War,History,http://www.wikidata.org/prop/direct/P580,http://www.wikidata.org/prop/direct/P580,1999,51,,2024-11-30T09:38:08Z
http://www.wikidata.org/entity/Q233509,Second Bremish-Swedish War,History,http://www.wikidata.org/prop/direct/P580,http://www.wikidata.org/prop/direct/P580,1666,3,,2023-11-06T09:46:25Z
http://www.wikidata.org/entity/Q233500,Second Anglo-Burmese War,History,http://www.wikidata.org/prop/direct/P580,http://www.wikidata.org/prop/direct/P580,1852,23,,2024-11-25T05:40:45Z
http://www.wikidata.org/entity/Q545449,Iraq War,History,http://www.wikidata.org/prop/direct/P580,http://www.wikidata.org/prop/direct/P580,2003,105,,2024-11-30T09:35:47Z
http://www.wikidata.org/entity/Q287942,Ninth Russo-Turkish War,History,http://www.wikidata.org/prop/direct/P580,http://www.wikidata.org/prop/direct/P580,1828,43,,2024-11-13T02:25:25Z
http://www.wikidata.org/entity/Q214456,Philippine–American War,History,http://www.wikidata.org/prop/direct/P580,http://www.wikidata.org/prop/direct/P580,1899,57,,2024-11-13T02:24:47Z
http://www.wikidata.org/entity/Q207318,French Revolutionary Wars,History,http://www.wikidata.org/prop/direct/P580,http://www.wikidata.org/prop/direct/P580,1792,55,,2024-11-13T02:24:44Z
http://www.wikidata.org/entity/Q430572,Scottish–Norwegian War,History,http://www.wikidata.org/prop/direct/P580,http://www.wikidata.org/prop/direct/P580,1262,15,,2024-11-13T02:26:00Z
http://www.wikidata.org/entity/Q233663,Second Anglo-Mysore War,History,http://www.wikidata.org/prop/direct/P580,http://www.wikidata.org/prop/direct/P580,1780,23,,2024-11-13T02:25:05Z
http://www.wikidata.org/entity/Q233667,Second Olynthian War,History,http://www.wikidata.org/prop/direct/P580,http://www.wikidata.org/prop/direct/P580,-348,6,,2024-11-13T02:25:07Z
http://www.wikidata.org/entity/Q322607,War of Attrition,History,http://www.wikidata.org/prop/direct/P580,http://www.wikidata.org/prop/direct/P580,1967,45,,2024-11-13T02:25:34Z
http://www.wikidata.org/entity/Q322607,War of Attrition,History,http://www.wikidata.org/prop/direct/P580,http://www.wikidata.org/prop/direct/P580,1969,45,,2024-11-13T02:25:34Z
http://www.wikidata.org/entity/Q318250,Ogden War,History,http://www.wikidata.org/prop/direct/P580,http://www.wikidata.org/prop/direct/P580,1977,45,,2024-11-13T02:25:33Z
http://www.wikidata.org/entity/Q220602,Soviet–Japanese War,History,http://www.wikidata.org/prop/direct/P580,http://www.wikidata.org/prop/direct/P580,1945,35,,2024-11-13T02:24:49Z
http://www.wikidata.org/entity/Q468120,Saxon Fratricidal War,History,http://www.wikidata.org/prop/direct/P580,http://www.wikidata.org/prop/direct/P580,1446,6,,2024-04-07T03:52:01Z
http://www.wikidata.org/entity/Q221941,War of the Quadruple Alliance,History,http://www.wikidata.org/prop/direct/P580,http://www.wikidata.org/prop/direct/P580,1718,31,,2024-11-13T02:24:50Z
http://www.wikidata.org/entity/Q552373,Fourth Macedonian War,History,http://www.wikidata.org/prop/direct/P580,http://www.wikidata.org/prop/direct/P580,-149,23,,2024-12-06T12:37:27Z
http://www.wikidata.org/entity/Q369291,Anglo-Spanish War,History,http://www.wikidata.org/prop/direct/P580,http://www.wikidata.org/prop/direct/P580,1654,20,,2024-12-09T02:06:07Z
http://www.wikidata.org/entity/Q233702,Second Silesian War,History,http://www.wikidata.org/prop/direct/P580,http://www.wikidata.org/prop/direct/P580,1744,20,,2024-11-29T13:47:13Z
http://www.wikidata.org/entity/Q431177,Mongol invasion of Khwarazmian Empire and Eastern Iran,History,http://www.wikidata.org/prop/direct/P580,http://www.wikidata.org/prop/direct/P580,1219,29,,2024-11-13T02:26:03Z
http://www.wikidata.org/entity/Q455747,Appenzell Wars,History,http://www.wikidata.org/prop/direct/P580,http://www.wikidata.org/prop/direct/P580,1401,12,,2023-07-25T09:49:33Z
http://www.wikidata.org/entity/Q329203,First Boer War,History,http://www.wikidata.org/prop/direct/P580,http://www.wikidata.org/prop/direct/P580,1880,50,,2024-11-13T02:25:40Z
http://www.wikidata.org/entity/Q233559,Second Hundred Years' War,History,http://www.wikidata.org/prop/direct/P580,http://www.wikidata.org/prop/direct/P580,1688,22,,2024-11-13T02:24:58Z
http://www.wikidata.org/entity/Q233657,Second Matabele War,History,http://www.wikidata.org/prop/direct/P580,http://www.wikidata.org/prop/direct/P580,1896,19,,2024-11-13T02:25:04Z
http://www.wikidata.org/entity/Q215112,Second Boer War,History,http://www.wikidata.org/prop/direct/P580,http://www.wikidata.org/prop/direct/P580,1899,65,,2024-12-13T23:26:38Z
http://www.wikidata.org/entity/Q443226,Contra insurgency,History,http://www.wikidata.org/prop/direct/P580,http://www.wikidata.org/prop/direct/P580,1981,4,,2024-10-28T06:03:45Z
http://www.wikidata.org/entity/Q430726,Anglo-Spanish War,History,http://www.wikidata.org/prop/direct/P580,http://www.wikidata.org/prop/direct/P580,1585,34,,2024-11-13T02:26:01Z
http://www.wikidata.org/entity/Q499909,Saxon Wars,History,http://www.wikidata.org/prop/direct/P580,http://www.wikidata.org/prop/direct/P580,772,25,,2024-05-07T21:21:00Z
http://www.wikidata.org/entity/Q486831,Roman–Seleucid War,History,http://www.wikidata.org/prop/direct/P580,http://www.wikidata.org/prop/direct/P580,-191,32,,2024-10-15T21:11:30Z
http://www.wikidata.org/entity/Q233583,Indo-Pakistani War of 1965,History,http://www.wikidata.org/prop/direct/P580,http://www.wikidata.org/prop/direct/P580,1965,55,,2024-11-13T02:24:59Z
http://www.wikidata.org/entity/Q548395,Iguape War,History,http://www.wikidata.org/prop/direct/P580,http://www.wikidata.org/prop/direct/P580,1534,3,,2024-09-06T13:12:46Z
http://www.wikidata.org/entity/Q495202,Guerra de la Union y la Fuerza,History,http://www.wikidata.org/prop/direct/P580,http://www.wikidata.org/prop/direct/P580,1841,7,,2024-12-09T21:11:06Z
http://www.wikidata.org/entity/Q317210,Danish-Hanseatic War of 1361-1370,History,http://www.wikidata.org/prop/direct/P580,http://www.wikidata.org/prop/direct/P580,1361,7,,2024-11-13T02:25:32Z
http://www.wikidata.org/entity/Q422082,Philippine Revolution,History,http://www.wikidata.org/prop/direct/P580,http://www.wikidata.org/prop/direct/P580,1896,46,,2024-08-22T05:29:48Z
http://www.wikidata.org/entity/Q223604,Greco-Italian War,History,http://www.wikidata.org/prop/direct/P580,http://www.wikidata.org/prop/direct/P580,1940,45,,2024-11-13T02:24:53Z
http://www.wikidata.org/entity/Q191282,First Opium War,History,http://www.wikidata.org/prop/direct/P580,http://www.wikidata.org/prop/direct/P580,1839,73,,2024-11-13T02:24:35Z
http://www.wikidata.org/entity/Q327237,Kivu conflict,History,http://www.wikidata.org/prop/direct/P580,http://www.wikidata.org/prop/direct/P580,2004,23,,2024-11-13T02:25:38Z
http://www.wikidata.org/entity/Q477973,Gothic War of 535–554,History,http://www.wikidata.org/prop/direct/P580,http://www.wikidata.org/prop/direct/P580,535,45,,2024-10-31T11:38:30Z
http://www.wikidata.org/entity/Q382116,Caucasian War,History,http://www.wikidata.org/prop/direct/P580,http://www.wikidata.org/prop/direct/P580,1763,50,,2024-11-13T02:25:50Z
http://www.wikidata.org/entity/Q325314,Tecumseh's War,History,http://www.wikidata.org/prop/direct/P580,http://www.wikidata.org/prop/direct/P580,1810,15,,2024-11-13T02:25:37Z
http://www.wikidata.org/entity/Q233601,Second Carnatic War,History,http://www.wikidata.org/prop/direct/P580,http://www.wikidata.org/prop/direct/P580,1749,7,,2024-11-13T02:25:01Z
http://www.wikidata.org/entity/Q260684,Alexander's Balkan campaign,History,http://www.wikidata.org/prop/direct/P580,http://www.wikidata.org/prop/direct/P580,-334,14,,2024-11-13T02:25:22Z
http://www.wikidata.org/entity/Q438252,Old Zürich War,History,http://www.wikidata.org/prop/direct/P580,http://www.wikidata.org/prop/direct/P580,1440,15,,2024-11-13T02:26:05Z
http://www.wikidata.org/entity/Q418151,Second Opium War,History,http://www.wikidata.org/prop/direct/P580,http://www.wikidata.org/prop/direct/P580,1856,61,,2024-12-17T07:43:54Z
http://www.wikidata.org/entity/Q252298,Hungarian–Romanian War,History,http://www.wikidata.org/prop/direct/P580,http://www.wikidata.org/prop/direct/P580,1918,25,,2024-11-13T02:25:18Z
http://www.wikidata.org/entity/Q223085,Hundred Hour War,History,http://www.wikidata.org/prop/direct/P580,http://www.wikidata.org/prop/direct/P580,1967,48,,2024-12-17T09:38:19Z
http://www.wikidata.org/entity/Q249232,War of the Third Coalition,History,http://www.wikidata.org/prop/direct/P580,http://www.wikidata.org/prop/direct/P580,1805,49,,2024-12-13T16:08:53Z
http://www.wikidata.org/entity/Q202161,Gallic War,History,http://www.wikidata.org/prop/direct/P580,http://www.wikidata.org/prop/direct/P580,-57,56,,2024-12-04T16:30:46Z
http://www.wikidata.org/entity/Q426201,Gunboat War,History,http://www.wikidata.org/prop/direct/P580,http://www.wikidata.org/prop/direct/P580,1807,21,,2024-11-13T02:25:58Z
http://www.wikidata.org/entity/Q203824,Italo-Turkish War,History,http://www.wikidata.org/prop/direct/P580,http://www.wikidata.org/prop/direct/P580,1911,59,,2024-12-17T14:56:37Z
http://www.wikidata.org/entity/Q319198,Saxon feud,History,http://www.wikidata.org/prop/direct/P580,http://www.wikidata.org/prop/direct/P580,1514,6,,2024-05-27T21:43:32Z
http://www.wikidata.org/entity/Q431001,Spanish–Portuguese War of 1762–1763,History,http://www.wikidata.org/prop/direct/P580,http://www.wikidata.org/prop/direct/P580,1762,10,,2024-11-13T02:26:02Z
http://www.wikidata.org/entity/Q285280,Transnistria War,History,http://www.wikidata.org/prop/direct/P580,http://www.wikidata.org/prop/direct/P580,1990,47,,2024-11-13T02:25:24Z
http://www.wikidata.org/entity/Q510588,War of the Lombards,History,http://www.wikidata.org/prop/direct/P580,http://www.wikidata.org/prop/direct/P580,1228,7,,2023-11-23T18:26:03Z
http://www.wikidata.org/entity/Q524189,Cologne War,History,http://www.wikidata.org/prop/direct/P580,http://www.wikidata.org/prop/direct/P580,1583,20,,2024-09-05T14:14:12Z
http://www.wikidata.org/entity/Q430053,Great Sioux War of 1876,History,http://www.wikidata.org/prop/direct/P580,http://www.wikidata.org/prop/direct/P580,1876,19,,2024-12-16T11:48:26Z
http://www.wikidata.org/entity/Q194378,Third Servile War,History,http://www.wikidata.org/prop/direct/P580,http://www.wikidata.org/prop/direct/P580,-72,52,,2024-11-13T02:24:37Z
http://www.wikidata.org/entity/Q303801,Lord's Resistance Army insurgency,History,http://www.wikidata.org/prop/direct/P580,http://www.wikidata.org/prop/direct/P580,1987,15,,2024-11-13T02:25:28Z
http://www.wikidata.org/entity/Q233553,Second Sacred War,History,http://www.wikidata.org/prop/direct/P580,http://www.wikidata.org/prop/direct/P580,-448,18,,2024-11-13T02:24:57Z
http://www.wikidata.org/entity/Q320755,War of Metz,History,http://www.wikidata.org/prop/direct/P580,http://www.wikidata.org/prop/direct/P580,1324,4,,2023-06-22T15:54:01Z
http://www.wikidata.org/entity/Q400465,Little War,History,http://www.wikidata.org/prop/direct/P580,http://www.wikidata.org/prop/direct/P580,1879,17,,2024-11-13T02:25:54Z
http://www.wikidata.org/entity/Q246863,Livonian War,History,http://www.wikidata.org/prop/direct/P580,http://www.wikidata.org/prop/direct/P580,1558,52,,2024-11-13T02:25:10Z
http://www.wikidata.org/entity/Q233538,Second Danish-Hanseatic War,History,http://www.wikidata.org/prop/direct/P580,http://www.wikidata.org/prop/direct/P580,1361,4,,2023-08-07T11:53:44Z
http://www.wikidata.org/entity/Q288251,Cisplatine War,History,http://www.wikidata.org/prop/direct/P580,http://www.wikidata.org/prop/direct/P580,1825,26,,2024-11-13T02:25:26Z
http://www.wikidata.org/entity/Q324438,War of the Pyrenees,History,http://www.wikidata.org/prop/direct/P580,http://www.wikidata.org/prop/direct/P580,1793,15,,2024-11-13T02:25:35Z
http://www.wikidata.org/entity/Q528758,Mixtón War,History,http://www.wikidata.org/prop/direct/P580,http://www.wikidata.org/prop/direct/P580,1540,10,,2024-08-14T07:15:06Z
http://www.wikidata.org/entity/Q1153331,Second Ottoman–Venetian War,History,http://www.wikidata.org/prop/direct/P580,http://www.wikidata.org/prop/direct/P580,1499,25,,2024-12-12T10:25:25Z
http://www.wikidata.org/entity/Q856168,Pastry War,History,http://www.wikidata.org/prop/direct/P580,http://www.wikidata.org/prop/direct/P580,1838,29,,2024-11-13T03:23:31Z
http://www.wikidata.org/entity/Q870077,Transalpine campaigns of the Old Swiss Confederacy,History,http://www.wikidata.org/prop/direct/P580,http://www.wikidata.org/prop/direct/P580,1403,5,,2024-11-13T03:23:39Z
http://www.wikidata.org/entity/Q1139484,Creek War of 1836,History,http://www.wikidata.org/prop/direct/P580,http://www.wikidata.org/prop/direct/P580,1836,5,,2024-04-24T14:20:13Z
http://www.wikidata.org/entity/Q809687,First Kurdisch–Iraqi War,History,http://www.wikidata.org/prop/direct/P580,http://www.wikidata.org/prop/direct/P580,1961,18,,2024-11-13T03:18:43Z
http://www.wikidata.org/entity/Q936803,First Syrian War,History,http://www.wikidata.org/prop/direct/P580,http://www.wikidata.org/prop/direct/P580,-273,11,,2024-12-05T13:47:35Z
http://www.wikidata.org/entity/Q1072042,War in Somalia (2006–2009),History,http://www.wikidata.org/prop/direct/P580,http://www.wikidata.org/prop/direct/P580,2006,19,,2024-11-13T03:28:10Z
http://www.wikidata.org/entity/Q823916,Dutch–Hanseatic War,History,http://www.wikidata.org/prop/direct/P580,http://www.wikidata.org/prop/direct/P580,1438,5,,2024-11-13T03:18:45Z
http://www.wikidata.org/entity/Q1143379,1991–1992 South Ossetia War,History,http://www.wikidata.org/prop/direct/P580,http://www.wikidata.org/prop/direct/P580,1991,26,,2024-11-21T12:43:38Z
http://www.wikidata.org/entity/Q827612,Jugurthine War,History,http://www.wikidata.org/prop/direct/P580,http://www.wikidata.org/prop/direct/P580,-110,31,,2024-12-14T21:11:31Z
http://www.wikidata.org/entity/Q1140134,invasion of Ryukyu,History,http://www.wikidata.org/prop/direct/P580,http://www.wikidata.org/prop/direct/P580,1609,14,,2024-11-13T03:28:23Z
http://www.wikidata.org/entity/Q937255,Polish-Lithuanian-Teutonic War,History,http://www.wikidata.org/prop/direct/P580,http://www.wikidata.org/prop/direct/P580,1409,36,,2024-11-13T03:24:09Z
http://www.wikidata.org/entity/Q916495,Second Anglo-Dutch War,History,http://www.wikidata.org/prop/direct/P580,http://www.wikidata.org/prop/direct/P580,1665,35,,2024-11-28T02:19:10Z
http://www.wikidata.org/entity/Q1140492,Smolensk War,History,http://www.wikidata.org/prop/direct/P580,http://www.wikidata.org/prop/direct/P580,1632,22,,2024-11-28T13:28:24Z
http://www.wikidata.org/entity/Q1186260,Creek War,History,http://www.wikidata.org/prop/direct/P580,http://www.wikidata.org/prop/direct/P580,1813,18,,2024-11-13T03:28:31Z
http://www.wikidata.org/entity/Q924600,War against Sigismund,History,http://www.wikidata.org/prop/direct/P580,http://www.wikidata.org/prop/direct/P580,1598,12,,2024-11-13T03:24:01Z
http://www.wikidata.org/entity/Q799801,Bafut Wars,History,http://www.wikidata.org/prop/direct/P580,http://www.wikidata.org/prop/direct/P580,1891,5,,2022-05-15T09:13:17Z
http://www.wikidata.org/entity/Q1107697,Portuguese–Safavid wars,History,http://www.wikidata.org/prop/direct/P580,http://www.wikidata.org/prop/direct/P580,1507,11,,2024-11-13T03:28:14Z
http://www.wikidata.org/entity/Q807741,Barbary Wars,History,http://www.wikidata.org/prop/direct/P580,http://www.wikidata.org/prop/direct/P580,1801,26,,2024-11-13T03:18:42Z
http://www.wikidata.org/entity/Q989105,First Prussian uprising,History,http://www.wikidata.org/prop/direct/P580,http://www.wikidata.org/prop/direct/P580,1242,3,,2024-01-02T14:35:09Z
http://www.wikidata.org/entity/Q900693,Seminole Wars,History,http://www.wikidata.org/prop/direct/P580,http://www.wikidata.org/prop/direct/P580,1816,27,,2024-11-13T03:23:49Z
http://www.wikidata.org/entity/Q957586,Turkish–Armenian War,History,http://www.wikidata.org/prop/direct/P580,http://www.wikidata.org/prop/direct/P580,1920,36,,2024-12-05T20:40:10Z
http://www.wikidata.org/entity/Q1093550,Western Sahara War,History,http://www.wikidata.org/prop/direct/P580,http://www.wikidata.org/prop/direct/P580,1975,22,,2024-12-06T01:11:03Z
http://www.wikidata.org/entity/Q1032343,Ottoman-Habsburg War,History,http://www.wikidata.org/prop/direct/P580,http://www.wikidata.org/prop/direct/P580,1540,7,,2024-11-13T03:25:54Z
http://www.wikidata.org/entity/Q844311,Koshamain's War,History,http://www.wikidata.org/prop/direct/P580,http://www.wikidata.org/prop/direct/P580,1457,9,,2024-11-13T03:18:54Z
http://www.wikidata.org/entity/Q879980,Black Hawk War,History,http://www.wikidata.org/prop/direct/P580,http://www.wikidata.org/prop/direct/P580,1832,24,,2024-11-13T03:23:41Z
http://www.wikidata.org/entity/Q862257,King Philip's War,History,http://www.wikidata.org/prop/direct/P580,http://www.wikidata.org/prop/direct/P580,1675,29,,2024-11-16T16:22:21Z
http://www.wikidata.org/entity/Q842774,Polish–Ukrainian War,History,http://www.wikidata.org/prop/direct/P580,http://www.wikidata.org/prop/direct/P580,1918,39,,2024-12-03T09:26:06Z
http://www.wikidata.org/entity/Q870196,Russo-Swedish War of 1788–1790,History,http://www.wikidata.org/prop/direct/P580,http://www.wikidata.org/prop/direct/P580,1788,30,,2024-12-01T16:18:33Z
http://www.wikidata.org/entity/Q1123592,Cisalpine Gaul War,History,http://www.wikidata.org/prop/direct/P580,http://www.wikidata.org/prop/direct/P580,-224,3,,2024-11-13T03:28:18Z
http://www.wikidata.org/entity/Q976827,Carnatic wars,History,http://www.wikidata.org/prop/direct/P580,http://www.wikidata.org/prop/direct/P580,1746,32,,2024-12-14T13:21:11Z
http://www.wikidata.org/entity/Q1044829,Polish–Muscovite War,History,http://www.wikidata.org/prop/direct/P580,http://www.wikidata.org/prop/direct/P580,1605,37,,2024-11-13T03:25:55Z
http://www.wikidata.org/entity/Q1044829,Polish–Muscovite War,History,http://www.wikidata.org/prop/direct/P580,http://www.wikidata.org/prop/direct/P580,1609,37,,2024-11-13T03:25:55Z
http://www.wikidata.org/entity/Q1016077,Burgundy War,History,http://www.wikidata.org/prop/direct/P580,http://www.wikidata.org/prop/direct/P580,523,8,,2024-11-13T03:25:53Z
http://www.wikidata.org/entity/Q1154983,First Ottoman–Venetian War,History,http://www.wikidata.org/prop/direct/P580,http://www.wikidata.org/prop/direct/P580,1463,23,,2024-11-13T03:28:27Z
http://www.wikidata.org/entity/Q1116646,Anglo-Swedish War,History,http://www.wikidata.org/prop/direct/P580,http://www.wikidata.org/prop/direct/P580,1810,10,,2024-11-13T03:28:15Z
http://www.wikidata.org/entity/Q961430,Ottoman–Venetian War of 1570–1573,History,http://www.wikidata.org/prop/direct/P580,http://www.wikidata.org/prop/direct/P580,1570,30,,2024-12-09T13:56:06Z
http://www.wikidata.org/entity/Q772814,Caste War of Yucatán,History,http://www.wikidata.org/prop/direct/P580,http://www.wikidata.org/prop/direct/P580,1847,16,,2024-11-13T03:18:36Z
http://www.wikidata.org/entity/Q1006077,Social War of 220-217 BCE,History,http://www.wikidata.org/prop/direct/P580,http://www.wikidata.org/prop/direct/P580,-219,15,,2024-11-13T03:25:49Z
http://www.wikidata.org/entity/Q925960,Muslim conquest of the Maghreb,History,http://www.wikidata.org/prop/direct/P580,http://www.wikidata.org/prop/direct/P580,647,28,,2024-12-09T21:24:37Z
http://www.wikidata.org/entity/Q897936,Brandenburg Privateering War,History,http://www.wikidata.org/prop/direct/P580,http://www.wikidata.org/prop/direct/P580,1680,2,,2024-11-13T03:23:47Z
http://www.wikidata.org/entity/Q1139887,Russo-Persian War,History,http://www.wikidata.org/prop/direct/P580,http://www.wikidata.org/prop/direct/P580,1804,37,,2024-12-07T08:01:05Z
http://www.wikidata.org/entity/Q766437,Rif War,History,http://www.wikidata.org/prop/direct/P580,http://www.wikidata.org/prop/direct/P580,1911,34,,2024-11-30T10:14:58Z
http://www.wikidata.org/entity/Q1070342,King William's War,History,http://www.wikidata.org/prop/direct/P580,http://www.wikidata.org/prop/direct/P580,1688,22,,2024-11-13T03:28:09Z
http://www.wikidata.org/entity/Q1014253,Mongol conquest of the Jin dynasty,History,http://www.wikidata.org/prop/direct/P580,http://www.wikidata.org/prop/direct/P580,1211,16,,2024-11-13T03:25:51Z
http://www.wikidata.org/entity/Q1052060,Cayuse War,History,http://www.wikidata.org/prop/direct/P580,http://www.wikidata.org/prop/direct/P580,1847,8,,2024-12-06T20:18:53Z
http://www.wikidata.org/entity/Q857982,First Matabele War,History,http://www.wikidata.org/prop/direct/P580,http://www.wikidata.org/prop/direct/P580,1893,21,,2024-11-13T03:23:33Z
http://www.wikidata.org/entity/Q989115,First Italo-Ethiopian War,History,http://www.wikidata.org/prop/direct/P580,http://www.wikidata.org/prop/direct/P580,1894,45,,2024-11-13T03:25:48Z
http://www.wikidata.org/entity/Q1163213,Hungarian–Turkish War,History,http://www.wikidata.org/prop/direct/P580,http://www.wikidata.org/prop/direct/P580,1521,2,,2023-12-22T14:29:04Z
http://www.wikidata.org/entity/Q768496,Banana Wars,History,http://www.wikidata.org/prop/direct/P580,http://www.wikidata.org/prop/direct/P580,1898,34,,2024-11-13T03:18:35Z
http://www.wikidata.org/entity/Q903199,Cimbrian War,History,http://www.wikidata.org/prop/direct/P580,http://www.wikidata.org/prop/direct/P580,-112,28,,2024-12-04T16:29:15Z
http://www.wikidata.org/entity/Q832273,Eritrean–Ethiopian War,History,http://www.wikidata.org/prop/direct/P580,http://www.wikidata.org/prop/direct/P580,1998,38,,2024-12-06T13:16:19Z
http://www.wikidata.org/entity/Q1122337,Second Persian invasion of Greece,History,http://www.wikidata.org/prop/direct/P580,http://www.wikidata.org/prop/direct/P580,-479,25,,2024-11-13T03:28:16Z
http://www.wikidata.org/entity/Q1136575,Vandalic War,History,http://www.wikidata.org/prop/direct/P580,http://www.wikidata.org/prop/direct/P580,533,33,,2024-11-13T03:28:21Z
http://www.wikidata.org/entity/Q886263,Flower War,History,http://www.wikidata.org/prop/direct/P580,http://www.wikidata.org/prop/direct/P580,1454,17,,2024-11-13T03:23:45Z
http://www.wikidata.org/entity/Q1074467,War of Chioggia,History,http://www.wikidata.org/prop/direct/P580,http://www.wikidata.org/prop/direct/P580,1378,17,,2024-11-16T09:14:42Z
http://www.wikidata.org/entity/Q809750,Bavarian War,History,http://www.wikidata.org/prop/direct/P580,http://www.wikidata.org/prop/direct/P580,1420,6,,2024-11-13T03:18:44Z
http://www.wikidata.org/entity/Q777345,Mad War,History,http://www.wikidata.org/prop/direct/P580,http://www.wikidata.org/prop/direct/P580,1485,14,,2024-12-09T01:50:49Z
http://www.wikidata.org/entity/Q773192,Lowry War,History,http://www.wikidata.org/prop/direct/P580,http://www.wikidata.org/prop/direct/P580,1864,4,,2022-09-11T14:12:28Z
http://www.wikidata.org/entity/Q1132940,Polish–Cossack–Tatar War,History,http://www.wikidata.org/prop/direct/P580,http://www.wikidata.org/prop/direct/P580,1666,12,,2024-11-13T03:28:19Z
http://www.wikidata.org/entity/Q1187411,Gosannen War,History,http://www.wikidata.org/prop/direct/P580,http://www.wikidata.org/prop/direct/P580,1083,12,,2024-11-13T03:28:32Z
http://www.wikidata.org/entity/Q1054482,Three Hundred and Thirty Five Years' War,History,http://www.wikidata.org/prop/direct/P580,http://www.wikidata.org/prop/direct/P580,1651,33,,2024-11-13T03:26:02Z
http://www.wikidata.org/entity/Q898763,Ottoman–Portuguese conflicts of 1586–1589,History,http://www.wikidata.org/prop/direct/P580,http://www.wikidata.org/prop/direct/P580,1586,11,,2024-11-13T03:23:48Z
http://www.wikidata.org/entity/Q894486,Bosphorus War,History,http://www.wikidata.org/prop/direct/P580,http://www.wikidata.org/prop/direct/P580,1349,1,,2023-11-06T10:43:57Z
http://www.wikidata.org/entity/Q926514,Samian War,History,http://www.wikidata.org/prop/direct/P580,http://www.wikidata.org/prop/direct/P580,-439,17,,2024-11-13T03:24:04Z
http://www.wikidata.org/entity/Q765656,Tarrantine War,History,http://www.wikidata.org/prop/direct/P580,http://www.wikidata.org/prop/direct/P580,1607,1,,2023-11-06T10:41:46Z
http://www.wikidata.org/entity/Q827286,First Bremish-Swedish War,History,http://www.wikidata.org/prop/direct/P580,http://www.wikidata.org/prop/direct/P580,1654,4,,2024-12-10T22:27:58Z
http://www.wikidata.org/entity/Q870205,Bündner Wirren,History,http://www.wikidata.org/prop/direct/P580,http://www.wikidata.org/prop/direct/P580,1618,8,,2024-10-03T20:17:27Z
http://www.wikidata.org/entity/Q1112854,Ming–Hồ War,History,http://www.wikidata.org/prop/direct/P580,http://www.wikidata.org/prop/direct/P580,1406,8,,2024-11-04T00:09:05Z
http://www.wikidata.org/entity/Q1076902,Chremonidean War,History,http://www.wikidata.org/prop/direct/P580,http://www.wikidata.org/prop/direct/P580,-266,23,,2024-11-26T19:07:39Z
http://www.wikidata.org/entity/Q1164169,Burmese–Siamese War of 1547–1549,History,http://www.wikidata.org/prop/direct/P580,http://www.wikidata.org/prop/direct/P580,1547,8,,2024-11-13T03:28:29Z
http://www.wikidata.org/entity/Q989092,First Anglo-Afghan War,History,http://www.wikidata.org/prop/direct/P580,http://www.wikidata.org/prop/direct/P580,1839,47,,2024-11-13T03:25:47Z
http://www.wikidata.org/entity/Q797952,Babylonian War,History,http://www.wikidata.org/prop/direct/P580,http://www.wikidata.org/prop/direct/P580,-310,15,,2024-11-13T03:18:41Z
http://www.wikidata.org/entity/Q959303,1998 War in Abkhazia,History,http://www.wikidata.org/prop/direct/P580,http://www.wikidata.org/prop/direct/P580,1998,24,,2024-11-13T03:24:12Z
http://www.wikidata.org/entity/Q859815,Ishiyama Hongan-ji War,History,http://www.wikidata.org/prop/direct/P580,http://www.wikidata.org/prop/direct/P580,1570,10,,2024-11-18T07:35:49Z
http://www.wikidata.org/entity/Q979845,Naxalite–Maoist insurgency,History,http://www.wikidata.org/prop/direct/P580,http://www.wikidata.org/prop/direct/P580,1967,22,,2024-11-13T03:25:46Z
http://www.wikidata.org/entity/Q1069736,Croat–Bosniak War,History,http://www.wikidata.org/prop/direct/P580,http://www.wikidata.org/prop/direct/P580,1992,39,,2024-12-06T14:57:30Z
http://www.wikidata.org/entity/Q990347,Transylvanian Civil War,History,http://www.wikidata.org/prop/direct/P580,http://www.wikidata.org/prop/direct/P580,1610,1,,2023-11-06T10:46:47Z
http://www.wikidata.org/entity/Q933963,Marcomannic Wars,History,http://www.wikidata.org/prop/direct/P580,http://www.wikidata.org/prop/direct/P580,166,33,,2024-11-13T03:24:06Z
http://www.wikidata.org/entity/Q796498,Third Indochina War,History,http://www.wikidata.org/prop/direct/P580,http://www.wikidata.org/prop/direct/P580,1975,14,,2024-11-13T03:18:39Z
http://www.wikidata.org/entity/Q796498,Third Indochina War,History,http://www.wikidata.org/prop/direct/P580,http://www.wikidata.org/prop/direct/P580,1978,14,,2024-11-13T03:18:39Z
http://www.wikidata.org/entity/Q1151913,First Anglo-Dutch War,History,http://www.wikidata.org/prop/direct/P580,http://www.wikidata.org/prop/direct/P580,1652,35,,2024-11-28T02:18:28Z
http://www.wikidata.org/entity/Q1113196,Comacchio War,History,http://www.wikidata.org/prop/direct/P580,http://www.wikidata.org/prop/direct/P580,1708,2,,2023-12-22T16:14:24Z
http://www.wikidata.org/entity/Q1064335,Pig War,History,http://www.wikidata.org/prop/direct/P580,http://www.wikidata.org/prop/direct/P580,1859,26,,2024-11-13T03:26:03Z
http://www.wikidata.org/entity/Q990370,Transylvanian–Ottoman War,History,http://www.wikidata.org/prop/direct/P580,http://www.wikidata.org/prop/direct/P580,1612,1,,2022-11-20T00:36:39Z
http://www.wikidata.org/entity/Q780845,Franco-Thai War,History,http://www.wikidata.org/prop/direct/P580,http://www.wikidata.org/prop/direct/P580,1940,31,,2024-11-13T03:18:38Z
http://www.wikidata.org/entity/Q887684,Muslim conquest of Persia,History,http://www.wikidata.org/prop/direct/P580,http://www.wikidata.org/prop/direct/P580,633,52,,2024-11-13T01:49:19Z
http://www.wikidata.org/entity/Q1019601,Böckler War,History,http://www.wikidata.org/prop/direct/P580,http://www.wikidata.org/prop/direct/P580,1468,1,,2023-12-22T16:14:23Z
http://www.wikidata.org/entity/Q838695,First Congo War,History,http://www.wikidata.org/prop/direct/P580,http://www.wikidata.org/prop/direct/P580,1996,36,,2024-11-13T03:18:51Z
http://www.wikidata.org/entity/Q1178498,Polish-Ottoman War of 1593-1595,History,http://www.wikidata.org/prop/direct/P580,http://www.wikidata.org/prop/direct/P580,1593,1,,2024-11-13T03:28:30Z
http://www.wikidata.org/entity/Q880629,Black War,History,http://www.wikidata.org/prop/direct/P580,http://www.wikidata.org/prop/direct/P580,1820,23,,2024-11-13T03:23:42Z
http://www.wikidata.org/entity/Q738787,Lelantine War,History,http://www.wikidata.org/prop/direct/P580,http://www.wikidata.org/prop/direct/P580,-709,22,,2024-11-13T03:18:26Z
http://www.wikidata.org/entity/Q623164,Five Days of Milan,History,http://www.wikidata.org/prop/direct/P580,http://www.wikidata.org/prop/direct/P580,1848,35,,2024-11-13T02:40:30Z
http://www.wikidata.org/entity/Q580961,Agacher Strip War,History,http://www.wikidata.org/prop/direct/P580,http://www.wikidata.org/prop/direct/P580,1985,18,,2024-09-11T14:14:49Z
http://www.wikidata.org/entity/Q652285,Indo-Pakistani war of 1947–1948,History,http://www.wikidata.org/prop/direct/P580,http://www.wikidata.org/prop/direct/P580,1947,48,,2024-11-13T02:40:46Z
http://www.wikidata.org/entity/Q722041,Ashanti–Akim–Akwapim War,History,http://www.wikidata.org/prop/direct/P580,http://www.wikidata.org/prop/direct/P580,1814,4,,2023-09-30T19:12:42Z
http://www.wikidata.org/entity/Q617409,Argentine War of Independence,History,http://www.wikidata.org/prop/direct/P580,http://www.wikidata.org/prop/direct/P580,1810,27,,2024-11-05T23:49:39Z
http://www.wikidata.org/entity/Q635020,Third Carnatic War,History,http://www.wikidata.org/prop/direct/P580,http://www.wikidata.org/prop/direct/P580,1756,5,,2024-11-13T02:40:38Z
http://www.wikidata.org/entity/Q630259,Byzantine–Ottoman Wars,History,http://www.wikidata.org/prop/direct/P580,http://www.wikidata.org/prop/direct/P580,1265,37,,2024-11-28T08:40:29Z
http://www.wikidata.org/entity/Q762191,Ottoman–Portuguese conflicts of 1538–1560,History,http://www.wikidata.org/prop/direct/P580,http://www.wikidata.org/prop/direct/P580,1538,9,,2024-11-13T03:18:33Z
http://www.wikidata.org/entity/Q568387,Peasants' War,History,http://www.wikidata.org/prop/direct/P580,http://www.wikidata.org/prop/direct/P580,1798,8,,2024-12-07T11:52:20Z
http://www.wikidata.org/entity/Q698312,Aroostook War,History,http://www.wikidata.org/prop/direct/P580,http://www.wikidata.org/prop/direct/P580,1838,15,,2024-11-13T03:18:15Z
http://www.wikidata.org/entity/Q696389,Soviet–Japanese border conflicts,History,http://www.wikidata.org/prop/direct/P580,http://www.wikidata.org/prop/direct/P580,1932,32,,2024-12-03T12:07:05Z
http://www.wikidata.org/entity/Q759988,Zanj Rebellion,History,http://www.wikidata.org/prop/direct/P580,http://www.wikidata.org/prop/direct/P580,869,27,,2024-11-13T03:18:32Z
http://www.wikidata.org/entity/Q631799,First Russo-Turkish War,History,http://www.wikidata.org/prop/direct/P580,http://www.wikidata.org/prop/direct/P580,1568,39,,2024-11-13T02:40:35Z
http://www.wikidata.org/entity/Q607645,Bavarian War,History,http://www.wikidata.org/prop/direct/P580,http://www.wikidata.org/prop/direct/P580,1459,6,,2024-12-16T16:34:15Z
http://www.wikidata.org/entity/Q609836,Portuguese Colonial War,History,http://www.wikidata.org/prop/direct/P580,http://www.wikidata.org/prop/direct/P580,1961,36,,2024-07-19T16:17:18Z
http://www.wikidata.org/entity/Q623171,Sino-Vietnamese War,History,http://www.wikidata.org/prop/direct/P580,http://www.wikidata.org/prop/direct/P580,1979,49,,2024-12-09T01:03:34Z
http://www.wikidata.org/entity/Q617070,First Anglo-Mysore War,History,http://www.wikidata.org/prop/direct/P580,http://www.wikidata.org/prop/direct/P580,1767,21,,2024-09-26T17:16:10Z
http://www.wikidata.org/entity/Q717373,Japanese invasion of Taiwan,History,http://www.wikidata.org/prop/direct/P580,http://www.wikidata.org/prop/direct/P580,1895,20,,2024-11-13T03:18:20Z
http://www.wikidata.org/entity/Q657967,Second Barons' War,History,http://www.wikidata.org/prop/direct/P580,http://www.wikidata.org/prop/direct/P580,1264,21,,2024-12-15T13:43:28Z
http://www.wikidata.org/entity/Q617321,Anglo-Mysore Wars,History,http://www.wikidata.org/prop/direct/P580,http://www.wikidata.org/prop/direct/P580,1767,28,,2024-12-09T02:30:07Z
http://www.wikidata.org/entity/Q631991,Russo-Polish War,History,http://www.wikidata.org/prop/direct/P580,http://www.wikidata.org/prop/direct/P580,1654,38,,2024-11-13T02:40:36Z
http://www.wikidata.org/entity/Q686731,Fraser Canyon War,History,http://www.wikidata.org/prop/direct/P580,http://www.wikidata.org/prop/direct/P580,1858,4,,2021-11-17T19:12:07Z
http://www.wikidata.org/entity/Q749397,eastern theater of the American Civil War,History,http://www.wikidata.org/prop/direct/P580,http://www.wikidata.org/prop/direct/P580,1861,15,,2024-11-13T03:18:31Z
http://www.wikidata.org/entity/Q696848,Anglo-Iraqi War,History,http://www.wikidata.org/prop/direct/P580,http://www.wikidata.org/prop/direct/P580,1941,37,,2024-11-13T03:18:13Z
http://www.wikidata.org/entity/Q722047,Ashanti–Fante War,History,http://www.wikidata.org/prop/direct/P580,http://www.wikidata.org/prop/direct/P580,1806,5,,2024-11-13T03:18:23Z
http://www.wikidata.org/entity/Q686564,First Serbian–Ottoman War,History,http://www.wikidata.org/prop/direct/P580,http://www.wikidata.org/prop/direct/P580,1876,14,,2024-11-13T02:40:58Z
http://www.wikidata.org/entity/Q576338,Japanese invasions of Korea,History,http://www.wikidata.org/prop/direct/P580,http://www.wikidata.org/prop/direct/P580,1592,46,,2024-10-23T12:43:38Z
http://www.wikidata.org/entity/Q742813,Chincha Islands War,History,http://www.wikidata.org/prop/direct/P580,http://www.wikidata.org/prop/direct/P580,1864,22,,2024-11-13T03:18:29Z
http://www.wikidata.org/entity/Q739644,Overland Campaign,History,http://www.wikidata.org/prop/direct/P580,http://www.wikidata.org/prop/direct/P580,1864,15,,2024-11-13T03:18:27Z
http://www.wikidata.org/entity/Q652284,1982 Ethiopian–Somali Border War,History,http://www.wikidata.org/prop/direct/P580,http://www.wikidata.org/prop/direct/P580,1982,12,,2024-11-13T02:40:45Z
http://www.wikidata.org/entity/Q655480,Quasi-War,History,http://www.wikidata.org/prop/direct/P580,http://www.wikidata.org/prop/direct/P580,1798,32,,2024-12-09T01:02:19Z
http://www.wikidata.org/entity/Q601811,War of the Confederation,History,http://www.wikidata.org/prop/direct/P580,http://www.wikidata.org/prop/direct/P580,1836,18,,2024-08-01T16:11:18Z
http://www.wikidata.org/entity/Q710709,Silla–Tang War,History,http://www.wikidata.org/prop/direct/P580,http://www.wikidata.org/prop/direct/P580,670,12,,2023-06-25T02:07:56Z
http://www.wikidata.org/entity/Q616846,Anglo-Spanish War,History,http://www.wikidata.org/prop/direct/P580,http://www.wikidata.org/prop/direct/P580,1762,8,,2024-12-09T02:07:11Z
http://www.wikidata.org/entity/Q722713,Portuguese-Turkish War,History,http://www.wikidata.org/prop/direct/P580,http://www.wikidata.org/prop/direct/P580,1509,4,,2022-06-15T11:56:18Z
http://www.wikidata.org/entity/Q620735,Russo-Georgian War,History,http://www.wikidata.org/prop/direct/P580,http://www.wikidata.org/prop/direct/P580,2008,82,,2024-11-30T11:43:36Z
http://www.wikidata.org/entity/Q617210,Third Anglo-Maratha War,History,http://www.wikidata.org/prop/direct/P580,http://www.wikidata.org/prop/direct/P580,1817,26,,2024-09-26T17:31:49Z
http://www.wikidata.org/entity/Q617281,Danzig rebellion,History,http://www.wikidata.org/prop/direct/P580,http://www.wikidata.org/prop/direct/P580,1576,7,,2024-10-12T00:07:52Z
http://www.wikidata.org/entity/Q598774,Polish–Swedish War of 1600–11,History,http://www.wikidata.org/prop/direct/P580,http://www.wikidata.org/prop/direct/P580,1600,23,,2024-09-02T01:35:26Z
http://www.wikidata.org/entity/Q617350,Third Anglo-Mysore War,History,http://www.wikidata.org/prop/direct/P580,http://www.wikidata.org/prop/direct/P580,1790,20,,2024-09-26T17:28:15Z
http://www.wikidata.org/entity/Q722051,Anglo-Ashanti Wars,History,http://www.wikidata.org/prop/direct/P580,http://www.wikidata.org/prop/direct/P580,1824,11,,2024-11-13T03:18:24Z
http://www.wikidata.org/entity/Q714557,Kalinga War,History,http://www.wikidata.org/prop/direct/P580,http://www.wikidata.org/prop/direct/P580,-261,25,,2024-11-13T03:18:19Z
http://www.wikidata.org/entity/Q727922,Cologne Diocesan Feud,History,http://www.wikidata.org/prop/direct/P580,http://www.wikidata.org/prop/direct/P580,1473,4,,2023-09-30T19:12:18Z
http://www.wikidata.org/entity/Q559181,First Silesian War,History,http://www.wikidata.org/prop/direct/P580,http://www.wikidata.org/prop/direct/P580,1740,20,,2024-12-17T09:11:58Z
http://www.wikidata.org/entity/Q643925,War of Dagestan,History,http://www.wikidata.org/prop/direct/P580,http://www.wikidata.org/prop/direct/P580,1999,30,,2024-12-14T22:31:46Z
http://www.wikidata.org/entity/Q735349,Russian conquest of Siberia,History,http://www.wikidata.org/prop/direct/P580,http://www.wikidata.org/prop/direct/P580,1580,40,,2024-11-18T03:58:32Z
http://www.wikidata.org/entity/Q653706,Syro-Ephraimite War,History,http://www.wikidata.org/prop/direct/P580,http://www.wikidata.org/prop/direct/P580,-735,13,,2024-11-13T02:40:47Z
http://www.wikidata.org/entity/Q618066,First Servile War,History,http://www.wikidata.org/prop/direct/P580,http://www.wikidata.org/prop/direct/P580,-134,28,,2024-10-24T20:16:31Z
http://www.wikidata.org/entity/Q692606,War between Switzerland and the House of Habsburg,History,http://www.wikidata.org/prop/direct/P580,http://www.wikidata.org/prop/direct/P580,1291,4,,2024-11-13T03:18:11Z
http://www.wikidata.org/entity/Q694835,Seventh Ottoman–Venetian War,History,http://www.wikidata.org/prop/direct/P580,http://www.wikidata.org/prop/direct/P580,1714,29,,2024-10-02T22:36:49Z
http://www.wikidata.org/entity/Q748780,First Indochina War,History,http://www.wikidata.org/prop/direct/P580,http://www.wikidata.org/prop/direct/P580,1946,68,,2024-11-13T03:18:30Z
http://www.wikidata.org/entity/Q558423,Polish–Teutonic War of  1519–21,History,http://www.wikidata.org/prop/direct/P580,http://www.wikidata.org/prop/direct/P580,1520,11,,2024-10-30T07:00:10Z
http://www.wikidata.org/entity/Q701644,Ottoman–Safavid War,History,http://www.wikidata.org/prop/direct/P580,http://www.wikidata.org/prop/direct/P580,1578,18,,2024-12-09T13:55:48Z
http://www.wikidata.org/entity/Q617333,Franco-Spanish War,History,http://www.wikidata.org/prop/direct/P580,http://www.wikidata.org/prop/direct/P580,1635,29,,2024-10-07T11:03:32Z
http://www.wikidata.org/entity/Q670984,Rappenkrieg,History,http://www.wikidata.org/prop/direct/P580,http://www.wikidata.org/prop/direct/P580,1612,5,,2022-10-02T08:04:41Z
http://www.wikidata.org/entity/Q699511,Campaigns of 1796 in the French Revolutionary Wars,History,http://www.wikidata.org/prop/direct/P580,http://www.wikidata.org/prop/direct/P580,1796,14,,2024-11-13T03:18:59Z
http://www.wikidata.org/entity/Q676068,War of Saint-Sardos,History,http://www.wikidata.org/prop/direct/P580,http://www.wikidata.org/prop/direct/P580,1324,10,,2024-11-13T02:40:52Z
http://www.wikidata.org/entity/Q717127,Seven Enemy Offensives,History,http://www.wikidata.org/prop/direct/P580,http://www.wikidata.org/prop/direct/P580,1941,11,,2024-08-15T20:51:14Z
http://www.wikidata.org/entity/Q641185,Siamese–Vietnamese War of 1841–1845,History,http://www.wikidata.org/prop/direct/P580,http://www.wikidata.org/prop/direct/P580,1841,10,,2024-07-19T14:32:51Z
http://www.wikidata.org/entity/Q677316,Social War of 91-87 BCE,History,http://www.wikidata.org/prop/direct/P580,http://www.wikidata.org/prop/direct/P580,-90,39,,2024-12-04T16:12:06Z
http://www.wikidata.org/entity/Q720936,Polish–Teutonic War of 1431–35,History,http://www.wikidata.org/prop/direct/P580,http://www.wikidata.org/prop/direct/P580,1431,8,,2024-11-13T03:18:22Z
http://www.wikidata.org/entity/Q703426,Goguryeo–Wa War,History,http://www.wikidata.org/prop/direct/P580,http://www.wikidata.org/prop/direct/P580,391,9,,2024-11-18T07:34:00Z
http://www.wikidata.org/entity/Q690361,Long War,History,http://www.wikidata.org/prop/direct/P580,http://www.wikidata.org/prop/direct/P580,1593,35,,2024-12-17T07:48:53Z
http://www.wikidata.org/entity/Q617772,Anglo-Persian War,History,http://www.wikidata.org/prop/direct/P580,http://www.wikidata.org/prop/direct/P580,1856,27,,2024-09-26T17:14:18Z
http://www.wikidata.org/entity/Q688308,Swedish War of Liberation,History,http://www.wikidata.org/prop/direct/P580,http://www.wikidata.org/prop/direct/P580,1521,30,,2024-12-14T07:30:26Z
http://www.wikidata.org/entity/Q611071,Chadian–Libyan War,History,http://www.wikidata.org/prop/direct/P580,http://www.wikidata.org/prop/direct/P580,1978,27,,2024-08-20T23:02:30Z
http://www.wikidata.org/entity/Q583223,Polish–Teutonic War of 1327–1332,History,http://www.wikidata.org/prop/direct/P580,http://www.wikidata.org/prop/direct/P580,1327,10,,2024-04-01T19:48:56Z
http://www.wikidata.org/entity/Q699602,Cretan War of 1645-1669,History,http://www.wikidata.org/prop/direct/P580,http://www.wikidata.org/prop/direct/P580,1645,36,,2024-10-23T00:09:02Z
http://www.wikidata.org/entity/Q706183,Sino-French War,History,http://www.wikidata.org/prop/direct/P580,http://www.wikidata.org/prop/direct/P580,1884,37,,2024-12-14T10:08:09Z
http://www.wikidata.org/entity/Q682482,Russo-Swedish War of 1741-1743,History,http://www.wikidata.org/prop/direct/P580,http://www.wikidata.org/prop/direct/P580,1741,28,,2024-11-13T02:40:56Z
http://www.wikidata.org/entity/Q698281,Italian War of 1521–1526,History,http://www.wikidata.org/prop/direct/P580,http://www.wikidata.org/prop/direct/P580,1521,28,,2024-11-13T03:18:14Z
http://www.wikidata.org/entity/Q651008,Corinthian War,History,http://www.wikidata.org/prop/direct/P580,http://www.wikidata.org/prop/direct/P580,-394,40,,2024-11-13T02:40:45Z
http://www.wikidata.org/entity/Q687151,Golub War,History,http://www.wikidata.org/prop/direct/P580,http://www.wikidata.org/prop/direct/P580,1422,12,,2024-11-13T02:40:59Z
http://www.wikidata.org/entity/Q582584,first Anglo-Sikh war,History,http://www.wikidata.org/prop/direct/P580,http://www.wikidata.org/prop/direct/P580,1845,34,,2024-09-26T17:32:41Z
http://www.wikidata.org/entity/Q673556,War of the Reunions,History,http://www.wikidata.org/prop/direct/P580,http://www.wikidata.org/prop/direct/P580,1683,15,,2024-11-13T02:40:51Z
http://www.wikidata.org/entity/Q685683,First Schleswig War,History,http://www.wikidata.org/prop/direct/P580,http://www.wikidata.org/prop/direct/P580,1848,34,,2024-12-11T10:35:01Z
http://www.wikidata.org/entity/Q636365,War of the League of Cambrai,History,http://www.wikidata.org/prop/direct/P580,http://www.wikidata.org/prop/direct/P580,1508,31,,2024-12-03T13:27:33Z
http://www.wikidata.org/entity/Q604204,Anglo-Spanish War of 1727–1729,History,http://www.wikidata.org/prop/direct/P580,http://www.wikidata.org/prop/direct/P580,1727,19,,2024-12-09T02:06:58Z
http://www.wikidata.org/entity/Q597533,German–Polish War of 1003–1018,History,http://www.wikidata.org/prop/direct/P580,http://www.wikidata.org/prop/direct/P580,1003,10,,2024-09-24T16:21:40Z
http://www.wikidata.org/entity/Q638587,Fifth Russo-Turkish War,History,http://www.wikidata.org/prop/direct/P580,http://www.wikidata.org/prop/direct/P580,1736,42,,2024-11-15T09:57:58Z
http://www.wikidata.org/entity/Q700841,Ottoman-Safavid War,History,http://www.wikidata.org/prop/direct/P580,http://www.wikidata.org/prop/direct/P580,1532,28,,2024-11-13T12:30:39Z
http://www.wikidata.org/entity/Q632787,Insurgency in the Maghreb (2002–),History,http://www.wikidata.org/prop/direct/P580,http://www.wikidata.org/prop/direct/P580,2002,20,,2024-11-13T02:40:37Z
http://www.wikidata.org/entity/Q635533,Cambodian–Vietnamese War,History,http://www.wikidata.org/prop/direct/P580,http://www.wikidata.org/prop/direct/P580,1977,43,,2024-11-13T02:40:39Z
http://www.wikidata.org/entity/Q651277,Rappenkrieg,History,http://www.wikidata.org/prop/direct/P580,http://www.wikidata.org/prop/direct/P580,1612,3,,2023-06-23T16:45:56Z
http://www.wikidata.org/entity/Q617782,Fourth Anglo-Mysore War,History,http://www.wikidata.org/prop/direct/P580,http://www.wikidata.org/prop/direct/P580,1798,22,,2024-09-26T17:17:24Z
http://www.wikidata.org/entity/Q626006,World War II in Yugoslavia,History,http://www.wikidata.org/prop/direct/P580,http://www.wikidata.org/prop/direct/P580,1941,34,,2024-12-11T19:34:01Z
http://www.wikidata.org/entity/Q638850,Smyrniote crusades,History,http://www.wikidata.org/prop/direct/P580,http://www.wikidata.org/prop/direct/P580,1343,21,,2024-11-13T02:40:41Z
http://www.wikidata.org/entity/Q611027,Castellammarese War,History,http://www.wikidata.org/prop/direct/P580,http://www.wikidata.org/prop/direct/P580,1930,20,,2024-10-04T11:29:11Z
http://www.wikidata.org/entity/Q617827,Apache Wars,History,http://www.wikidata.org/prop/direct/P580,http://www.wikidata.org/prop/direct/P580,1849,18,,2024-04-26T21:32:56Z
http://www.wikidata.org/entity/Q616939,Anglo-Egyptian War,History,http://www.wikidata.org/prop/direct/P580,http://www.wikidata.org/prop/direct/P580,1882,19,,2024-08-26T07:41:18Z
http://www.wikidata.org/entity/Q631163,Deluge,History,http://www.wikidata.org/prop/direct/P580,http://www.wikidata.org/prop/direct/P580,1655,36,,2024-11-13T02:40:34Z
http://www.wikidata.org/entity/Q598089,Uskok War,History,http://www.wikidata.org/prop/direct/P580,http://www.wikidata.org/prop/direct/P580,1615,14,,2024-09-02T01:08:22Z
http://www.wikidata.org/entity/Q573472,Soviet-Bulgarian War,History,http://www.wikidata.org/prop/direct/P580,http://www.wikidata.org/prop/direct/P580,1944,4,,2023-11-06T10:38:43Z
http://www.wikidata.org/entity/Q643987,Perusine War,History,http://www.wikidata.org/prop/direct/P580,http://www.wikidata.org/prop/direct/P580,-40,21,,2024-11-13T02:40:43Z
http://www.wikidata.org/entity/Q681416,French and Indian Wars,History,http://www.wikidata.org/prop/direct/P580,http://www.wikidata.org/prop/direct/P580,1688,24,,2024-11-13T02:40:54Z
http://www.wikidata.org/entity/Q644589,Toyota War,History,http://www.wikidata.org/prop/direct/P580,http://www.wikidata.org/prop/direct/P580,1986,24,,2024-11-13T02:40:44Z
http://www.wikidata.org/entity/Q657055,Greco-Turkish War of 1897,History,http://www.wikidata.org/prop/direct/P580,http://www.wikidata.org/prop/direct/P580,1897,39,,2024-11-13T02:40:49Z
http://www.wikidata.org/entity/Q146966,First Illyro-Roman War,History,http://www.wikidata.org/prop/direct/P580,http://www.wikidata.org/prop/direct/P580,-228,8,,2024-11-13T02:23:02Z
http://www.wikidata.org/entity/Q170682,Gaza War (2008–2009),History,http://www.wikidata.org/prop/direct/P580,http://www.wikidata.org/prop/direct/P580,2008,58,,2024-12-04T10:44:41Z
http://www.wikidata.org/entity/Q170314,Second Sino-Japanese War,History,http://www.wikidata.org/prop/direct/P580,http://www.wikidata.org/prop/direct/P580,1937,83,,2024-11-13T02:23:20Z
http://www.wikidata.org/entity/Q46083,Franco-Prussian War,History,http://www.wikidata.org/prop/direct/P580,http://www.wikidata.org/prop/direct/P580,1870,95,,2024-12-10T23:04:26Z
http://www.wikidata.org/entity/Q174904,Spartan–Persian War,History,http://www.wikidata.org/prop/direct/P580,http://www.wikidata.org/prop/direct/P580,-398,3,,2024-11-13T02:23:23Z
http://www.wikidata.org/entity/Q31307,Burmese–Siamese War of 1765–1767,History,http://www.wikidata.org/prop/direct/P580,http://www.wikidata.org/prop/direct/P580,1765,13,,2024-11-13T02:24:01Z
http://www.wikidata.org/entity/Q179275,insurgency in Khyber Pakhtunkhwa,History,http://www.wikidata.org/prop/direct/P580,http://www.wikidata.org/prop/direct/P580,2004,37,,2024-11-13T02:23:29Z
http://www.wikidata.org/entity/Q184637,Ten Years' War,History,http://www.wikidata.org/prop/direct/P580,http://www.wikidata.org/prop/direct/P580,1868,30,,2024-11-13T02:23:33Z
http://www.wikidata.org/entity/Q190758,War in Darfur,History,http://www.wikidata.org/prop/direct/P580,http://www.wikidata.org/prop/direct/P580,2003,55,,2024-11-13T02:23:40Z
http://www.wikidata.org/entity/Q12583,Spanish–American War,History,http://www.wikidata.org/prop/direct/P580,http://www.wikidata.org/prop/direct/P580,1898,84,,2024-11-13T02:23:50Z
http://www.wikidata.org/entity/Q31301,Anglo-Turkish War,History,http://www.wikidata.org/prop/direct/P580,http://www.wikidata.org/prop/direct/P580,1807,18,,2024-11-13T02:24:00Z
http://www.wikidata.org/entity/Q34145,Third Syrian War,History,http://www.wikidata.org/prop/direct/P580,http://www.wikidata.org/prop/direct/P580,-245,12,,2024-12-13T09:38:48Z
http://www.wikidata.org/entity/Q152218,Nine Years' War,History,http://www.wikidata.org/prop/direct/P580,http://www.wikidata.org/prop/direct/P580,1688,52,,2024-12-11T07:19:26Z
http://www.wikidata.org/entity/Q32929,War of the Austrian Succession,History,http://www.wikidata.org/prop/direct/P580,http://www.wikidata.org/prop/direct/P580,1740,65,,2024-11-13T02:24:04Z
http://www.wikidata.org/entity/Q185729,War on Terror,History,http://www.wikidata.org/prop/direct/P580,http://www.wikidata.org/prop/direct/P580,2001,72,,2024-11-12T22:41:32Z
http://www.wikidata.org/entity/Q165136,Swabian War,History,http://www.wikidata.org/prop/direct/P580,http://www.wikidata.org/prop/direct/P580,1499,29,,2024-11-13T02:23:17Z
http://www.wikidata.org/entity/Q184183,Second Balkan War,History,http://www.wikidata.org/prop/direct/P580,http://www.wikidata.org/prop/direct/P580,1913,69,,2024-12-15T23:09:57Z
http://www.wikidata.org/entity/Q12551,Hundred Years' War,History,http://www.wikidata.org/prop/direct/P580,http://www.wikidata.org/prop/direct/P580,1337,122,,2024-12-12T21:38:17Z
http://www.wikidata.org/entity/Q75626,First Macedonian War,History,http://www.wikidata.org/prop/direct/P580,http://www.wikidata.org/prop/direct/P580,-213,33,,2024-12-10T05:46:54Z
http://www.wikidata.org/entity/Q37643,Gulf War,History,http://www.wikidata.org/prop/direct/P580,http://www.wikidata.org/prop/direct/P580,1990,112,,2024-11-13T02:24:10Z
http://www.wikidata.org/entity/Q6271,Second Punic War,History,http://www.wikidata.org/prop/direct/P580,http://www.wikidata.org/prop/direct/P580,-217,72,,2024-11-27T14:55:38Z
http://www.wikidata.org/entity/Q190029,Kosovo War,History,http://www.wikidata.org/prop/direct/P580,http://www.wikidata.org/prop/direct/P580,1998,71,,2024-11-19T05:57:12Z
http://www.wikidata.org/entity/Q153650,Austro-Prussian War,History,http://www.wikidata.org/prop/direct/P580,http://www.wikidata.org/prop/direct/P580,1866,66,,2024-12-11T10:27:17Z
http://www.wikidata.org/entity/Q80330,English Civil War,History,http://www.wikidata.org/prop/direct/P580,http://www.wikidata.org/prop/direct/P580,1642,97,,2024-12-13T19:12:59Z
http://www.wikidata.org/entity/Q26749,War of the Second Coalition,History,http://www.wikidata.org/prop/direct/P580,http://www.wikidata.org/prop/direct/P580,1798,44,,2024-12-13T16:14:04Z
http://www.wikidata.org/entity/Q33143,Seven Years' War,History,http://www.wikidata.org/prop/direct/P580,http://www.wikidata.org/prop/direct/P580,1757,95,,2024-12-14T11:09:39Z
http://www.wikidata.org/entity/Q186284,Polish–Soviet War,History,http://www.wikidata.org/prop/direct/P580,http://www.wikidata.org/prop/direct/P580,1919,69,,2024-11-30T10:12:25Z
http://www.wikidata.org/entity/Q159950,Russo-Japanese War,History,http://www.wikidata.org/prop/direct/P580,http://www.wikidata.org/prop/direct/P580,1904,87,,2024-11-18T01:41:03Z
http://www.wikidata.org/entity/Q49101,Suez Crisis,History,http://www.wikidata.org/prop/direct/P580,http://www.wikidata.org/prop/direct/P580,1956,82,,2024-11-13T02:24:27Z
http://www.wikidata.org/entity/Q8628,War in the Vendée,History,http://www.wikidata.org/prop/direct/P580,http://www.wikidata.org/prop/direct/P580,1793,53,,2024-12-07T22:46:56Z
http://www.wikidata.org/entity/Q51650,People's Crusade,History,http://www.wikidata.org/prop/direct/P580,http://www.wikidata.org/prop/direct/P580,1096,43,,2024-11-29T20:47:29Z
http://www.wikidata.org/entity/Q152004,War of the Pacific,History,http://www.wikidata.org/prop/direct/P580,http://www.wikidata.org/prop/direct/P580,1879,64,,2024-11-13T02:23:04Z
http://www.wikidata.org/entity/Q94916,Second Italo-Ethiopian War,History,http://www.wikidata.org/prop/direct/P580,http://www.wikidata.org/prop/direct/P580,1935,55,,2024-11-14T16:07:50Z
http://www.wikidata.org/entity/Q74623,Great Turkish War,History,http://www.wikidata.org/prop/direct/P580,http://www.wikidata.org/prop/direct/P580,1683,51,,2024-11-13T02:22:44Z
http://www.wikidata.org/entity/Q26013,War of 1812,History,http://www.wikidata.org/prop/direct/P580,http://www.wikidata.org/prop/direct/P580,1812,82,,2024-12-03T22:31:52Z
http://www.wikidata.org/entity/Q129124,Umayyad invasion of Gaul,History,http://www.wikidata.org/prop/direct/P580,http://www.wikidata.org/prop/direct/P580,719,17,,2024-11-13T02:22:59Z
http://www.wikidata.org/entity/Q75756,Second Congo War,History,http://www.wikidata.org/prop/direct/P580,http://www.wikidata.org/prop/direct/P580,1998,43,,2024-12-13T23:25:17Z
http://www.wikidata.org/entity/Q29242,Georgian–Ossetian conflict,History,http://www.wikidata.org/prop/direct/P580,http://www.wikidata.org/prop/direct/P580,1989,28,,2024-12-12T19:09:39Z
http://www.wikidata.org/entity/Q170850,Anglo-Zanzibar War,History,http://www.wikidata.org/prop/direct/P580,http://www.wikidata.org/prop/direct/P580,1896,72,,2024-11-13T02:23:22Z
http://www.wikidata.org/entity/Q58947,Paraguayan War,History,http://www.wikidata.org/prop/direct/P580,http://www.wikidata.org/prop/direct/P580,1864,54,,2024-11-25T02:21:12Z
http://www.wikidata.org/entity/Q60489,Albanian–Venetian War,History,http://www.wikidata.org/prop/direct/P580,http://www.wikidata.org/prop/direct/P580,1447,15,,2024-12-15T13:43:04Z
http://www.wikidata.org/entity/Q179077,Pontiac's War,History,http://www.wikidata.org/prop/direct/P580,http://www.wikidata.org/prop/direct/P580,1763,24,,2024-11-13T02:23:27Z
http://www.wikidata.org/entity/Q48249,Falklands War,History,http://www.wikidata.org/prop/direct/P580,http://www.wikidata.org/prop/direct/P580,1982,88,,2024-11-13T00:26:01Z
http://www.wikidata.org/entity/Q34103,Second Syrian War,History,http://www.wikidata.org/prop/direct/P580,http://www.wikidata.org/prop/direct/P580,-259,12,,2024-12-04T13:10:53Z
http://www.wikidata.org/entity/Q127751,Wars of the Roses,History,http://www.wikidata.org/prop/direct/P580,http://www.wikidata.org/prop/direct/P580,1455,80,,2024-12-15T13:43:52Z
http://www.wikidata.org/entity/Q31944,Mahdist War,History,http://www.wikidata.org/prop/direct/P580,http://www.wikidata.org/prop/direct/P580,1881,39,,2024-11-23T17:27:02Z
http://www.wikidata.org/entity/Q120843,Second Chechen War,History,http://www.wikidata.org/prop/direct/P580,http://www.wikidata.org/prop/direct/P580,1999,62,,2024-12-13T23:23:53Z
http://www.wikidata.org/entity/Q129864,Indian Mutiny of 1857,History,http://www.wikidata.org/prop/direct/P580,http://www.wikidata.org/prop/direct/P580,1857,78,,2024-11-13T02:23:00Z
http://www.wikidata.org/entity/Q184425,Pacific War,History,http://www.wikidata.org/prop/direct/P580,http://www.wikidata.org/prop/direct/P580,1941,71,,2024-12-04T09:10:02Z
http://www.wikidata.org/entity/Q74298,Polish–Ottoman War of 1672–1676,History,http://www.wikidata.org/prop/direct/P580,http://www.wikidata.org/prop/direct/P580,1672,26,,2024-11-13T02:22:42Z
http://www.wikidata.org/entity/Q68969,Croatian War of Independence,History,http://www.wikidata.org/prop/direct/P580,http://www.wikidata.org/prop/direct/P580,1991,64,,2024-11-21T20:10:38Z
http://www.wikidata.org/entity/Q49104,2006 Lebanon War,History,http://www.wikidata.org/prop/direct/P580,http://www.wikidata.org/prop/direct/P580,2006,74,,2024-11-13T02:24:29Z
http://www.wikidata.org/entity/Q123210,Seventh Russo-Turkish War,History,http://www.wikidata.org/prop/direct/P580,http://www.wikidata.org/prop/direct/P580,1787,37,,2024-11-15T09:58:33Z
http://www.wikidata.org/entity/Q154940,Lapland War,History,http://www.wikidata.org/prop/direct/P580,http://www.wikidata.org/prop/direct/P580,1944,52,,2024-11-16T18:32:10Z
http://www.wikidata.org/entity/Q8663,Korean War,History,http://www.wikidata.org/prop/direct/P580,http://www.wikidata.org/prop/direct/P580,1950,135,,2024-12-11T15:32:13Z
http://www.wikidata.org/entity/Q154981,Second Schleswig War,History,http://www.wikidata.org/prop/direct/P580,http://www.wikidata.org/prop/direct/P580,1864,48,,2024-12-10T23:36:32Z
http://www.wikidata.org/entity/Q6683,Mexican-American War,History,http://www.wikidata.org/prop/direct/P580,http://www.wikidata.org/prop/direct/P580,1846,75,,2024-09-25T18:52:47Z
http://www.wikidata.org/entity/Q134949,Winter War,History,http://www.wikidata.org/prop/direct/P580,http://www.wikidata.org/prop/direct/P580,1939,89,,2024-11-13T02:23:01Z
http://www.wikidata.org/entity/Q177109,Slovak–Hungarian War,History,http://www.wikidata.org/prop/direct/P580,http://www.wikidata.org/prop/direct/P580,1939,30,,2024-11-30T11:58:41Z
http://www.wikidata.org/entity/Q186336,Dutch Revolt,History,http://www.wikidata.org/prop/direct/P580,http://www.wikidata.org/prop/direct/P580,1568,28,,2024-11-13T02:23:35Z
http://www.wikidata.org/entity/Q33745,Peloponnesian War,History,http://www.wikidata.org/prop/direct/P580,http://www.wikidata.org/prop/direct/P580,-430,76,,2024-11-13T02:24:06Z
http://www.wikidata.org/entity/Q54434,War of Jenkins' Ear,History,http://www.wikidata.org/prop/direct/P580,http://www.wikidata.org/prop/direct/P580,1739,36,,2024-11-13T02:24:32Z
http://www.wikidata.org/entity/Q6286,First Punic War,History,http://www.wikidata.org/prop/direct/P580,http://www.wikidata.org/prop/direct/P580,-263,62,,2024-12-04T13:15:07Z
http://www.wikidata.org/entity/Q177918,First Balkan War,History,http://www.wikidata.org/prop/direct/P580,http://www.wikidata.org/prop/direct/P580,1912,75,,2024-12-15T23:08:20Z
http://www.wikidata.org/entity/Q122100,Continuation War,History,http://www.wikidata.org/prop/direct/P580,http://www.wikidata.org/prop/direct/P580,1941,49,,2024-11-13T02:22:55Z
http://www.wikidata.org/entity/Q6334,Third Punic War,History,http://www.wikidata.org/prop/direct/P580,http://www.wikidata.org/prop/direct/P580,-148,61,,2024-12-03T15:06:22Z
http://www.wikidata.org/entity/Q49092,1948 Arab–Israeli War,History,http://www.wikidata.org/prop/direct/P580,http://www.wikidata.org/prop/direct/P580,1948,39,,2024-12-16T14:25:25Z
http://www.wikidata.org/entity/Q48883,Goguryeo–Sui War,History,http://www.wikidata.org/prop/direct/P580,http://www.wikidata.org/prop/direct/P580,598,16,,2024-12-05T03:38:15Z
http://www.wikidata.org/entity/Q123070,Sixth Russo-Turkish War,History,http://www.wikidata.org/prop/direct/P580,http://www.wikidata.org/prop/direct/P580,1768,45,,2024-11-27T20:49:11Z
http://www.wikidata.org/entity/Q74109,World War II in Albania,History,http://www.wikidata.org/prop/direct/P580,http://www.wikidata.org/prop/direct/P580,1939,19,,2024-11-13T02:22:41Z
http://www.wikidata.org/entity/Q172068,National Liberation War of Macedonia,History,http://www.wikidata.org/prop/direct/P580,http://www.wikidata.org/prop/direct/P580,1941,13,,2024-09-30T12:05:53Z
http://www.wikidata.org/entity/Q75665,Second Macedonian War,History,http://www.wikidata.org/prop/direct/P580,http://www.wikidata.org/prop/direct/P580,-199,35,,2024-11-29T13:51:13Z
http://www.wikidata.org/entity/Q49103,1982 Lebanon War,History,http://www.wikidata.org/prop/direct/P580,http://www.wikidata.org/prop/direct/P580,1982,49,,2024-12-13T13:36:54Z
http://www.wikidata.org/entity/Q39194,Spanish reconquest of Santo Domingo,History,http://www.wikidata.org/prop/direct/P580,http://www.wikidata.org/prop/direct/P580,1808,5,,2024-11-13T02:24:17Z
http://www.wikidata.org/entity/Q49077,Six-Day War,History,http://www.wikidata.org/prop/direct/P580,http://www.wikidata.org/prop/direct/P580,1967,106,,2024-11-13T02:24:22Z
http://www.wikidata.org/entity/Q166001,Scanian War,History,http://www.wikidata.org/prop/direct/P580,http://www.wikidata.org/prop/direct/P580,1675,32,,2024-11-13T02:23:18Z
http://www.wikidata.org/entity/Q29269,First Chechen War,History,http://www.wikidata.org/prop/direct/P580,http://www.wikidata.org/prop/direct/P580,1994,73,,2024-11-13T02:23:58Z
http://www.wikidata.org/entity/Q168442,Anglo-Spanish War of 1626-1630,History,http://www.wikidata.org/prop/direct/P580,http://www.wikidata.org/prop/direct/P580,1625,14,,2024-12-09T02:05:52Z
http://www.wikidata.org/entity/Q163270,Second Thirty Years' War,History,http://www.wikidata.org/prop/direct/P580,http://www.wikidata.org/prop/direct/P580,1914,10,,2024-11-13T02:23:10Z
http://www.wikidata.org/entity/Q76118,Third Macedonian War,History,http://www.wikidata.org/prop/direct/P580,http://www.wikidata.org/prop/direct/P580,-170,31,,2024-12-05T05:51:20Z
http://www.wikidata.org/entity/Q31880,Castille War,History,http://www.wikidata.org/prop/direct/P580,http://www.wikidata.org/prop/direct/P580,1578,12,,2024-11-13T02:24:02Z
http://www.wikidata.org/entity/Q178687,First Sino-Japanese War,History,http://www.wikidata.org/prop/direct/P580,http://www.wikidata.org/prop/direct/P580,1894,73,,2024-11-13T02:23:26Z
http://www.wikidata.org/entity/Q83085,Soviet–Afghan War,History,http://www.wikidata.org/prop/direct/P580,http://www.wikidata.org/prop/direct/P580,1979,98,,2024-12-05T21:55:17Z
http://www.wikidata.org/entity/Q87138,Greco-Turkish War,History,http://www.wikidata.org/prop/direct/P580,http://www.wikidata.org/prop/direct/P580,1919,53,,2024-12-03T19:21:00Z
http://www.wikidata.org/entity/Q29122,First Anglo-Burmese War,History,http://www.wikidata.org/prop/direct/P580,http://www.wikidata.org/prop/direct/P580,1824,27,,2024-11-25T05:33:06Z
http://www.wikidata.org/entity/Q154697,French and Indian War,History,http://www.wikidata.org/prop/direct/P580,http://www.wikidata.org/prop/direct/P580,1754,53,,2024-11-20T20:52:12Z
http://www.wikidata.org/entity/Q28365,Lamian War,History,http://www.wikidata.org/prop/direct/P580,http://www.wikidata.org/prop/direct/P580,-322,32,,2024-11-13T02:23:55Z
http://www.wikidata.org/entity/Q163476,Ottoman–Safavid War,History,http://www.wikidata.org/prop/direct/P580,http://www.wikidata.org/prop/direct/P580,1623,19,,2024-11-14T14:51:48Z
http://www.wikidata.org/entity/Q82664,Iran–Iraq War,History,http://www.wikidata.org/prop/direct/P580,http://www.wikidata.org/prop/direct/P580,1980,95,,2024-09-29T18:18:06Z
http://www.wikidata.org/entity/Q182865,War in Afghanistan,History,http://www.wikidata.org/prop/direct/P580,http://www.wikidata.org/prop/direct/P580,2001,79,,2024-12-05T22:06:10Z
http://www.wikidata.org/entity/Q189266,Eastern Front,History,http://www.wikidata.org/prop/direct/P580,http://www.wikidata.org/prop/direct/P580,1941,89,,2024-12-12T06:23:39Z
http://www.wikidata.org/entity/Q25857,War of Devolution,History,http://www.wikidata.org/prop/direct/P580,http://www.wikidata.org/prop/direct/P580,1667,37,,2024-11-13T02:23:52Z
http://www.wikidata.org/entity/Q151663,Revolt of the Comuneros,History,http://www.wikidata.org/prop/direct/P580,http://www.wikidata.org/prop/direct/P580,1520,27,,2024-11-13T02:23:04Z
http://www.wikidata.org/entity/Q49097,1948 Palestine War,History,http://www.wikidata.org/prop/direct/P580,http://www.wikidata.org/prop/direct/P580,1947,66,,2024-12-10T14:32:11Z
http://www.wikidata.org/entity/Q49100,Yom Kippur War,History,http://www.wikidata.org/prop/direct/P580,http://www.wikidata.org/prop/direct/P580,1973,87,,2024-11-13T02:24:26Z
http://www.wikidata.org/entity/Q179250,French invasion of Russia,History,http://www.wikidata.org/prop/direct/P580,http://www.wikidata.org/prop/direct/P580,1812,75,,2024-11-30T11:28:14Z
http://www.wikidata.org/entity/Q74302,Polish–Ottoman War of 1633–34,History,http://www.wikidata.org/prop/direct/P580,http://www.wikidata.org/prop/direct/P580,1633,15,,2024-11-13T02:22:43Z
http://www.wikidata.org/entity/Q151616,Great Northern War,History,http://www.wikidata.org/prop/direct/P580,http://www.wikidata.org/prop/direct/P580,1700,76,,2024-12-10T23:16:17Z
http://www.wikidata.org/entity/Q2321496,Bannock War,History,http://www.wikidata.org/prop/direct/P580,http://www.wikidata.org/prop/direct/P580,1878,7,,2024-11-13T17:48:45Z
http://www.wikidata.org/entity/Q2452024,Italian War of 1536–1538,History,http://www.wikidata.org/prop/direct/P580,http://www.wikidata.org/prop/direct/P580,1536,14,,2024-11-13T17:36:15Z
http://www.wikidata.org/entity/Q2330335,Mongol invasion of Central Asia,History,http://www.wikidata.org/prop/direct/P580,http://www.wikidata.org/prop/direct/P580,1216,24,,2024-11-13T17:48:49Z
http://www.wikidata.org/entity/Q2615472,Mexican Border War,History,http://www.wikidata.org/prop/direct/P580,http://www.wikidata.org/prop/direct/P580,1910,12,,2024-11-13T17:25:28Z
http://www.wikidata.org/entity/Q2258636,Second Mafia War,History,http://www.wikidata.org/prop/direct/P580,http://www.wikidata.org/prop/direct/P580,1981,7,,2024-11-13T17:48:50Z
http://www.wikidata.org/entity/Q2096286,Theater War,History,http://www.wikidata.org/prop/direct/P580,http://www.wikidata.org/prop/direct/P580,1788,11,,2024-04-04T20:53:08Z
http://www.wikidata.org/entity/Q2493468,Muscovite-Lithuanian War of 1487-1494,History,http://www.wikidata.org/prop/direct/P580,http://www.wikidata.org/prop/direct/P580,1487,10,,2024-11-06T19:57:10Z
http://www.wikidata.org/entity/Q2506432,Wars in Lombardy,History,http://www.wikidata.org/prop/direct/P580,http://www.wikidata.org/prop/direct/P580,1423,11,,2024-11-18T06:03:56Z
http://www.wikidata.org/entity/Q2656995,Northwest Indian War,History,http://www.wikidata.org/prop/direct/P580,http://www.wikidata.org/prop/direct/P580,1785,20,,2024-11-13T17:25:36Z
http://www.wikidata.org/entity/Q2259304,Edwardian War,History,http://www.wikidata.org/prop/direct/P580,http://www.wikidata.org/prop/direct/P580,1337,10,,2024-11-13T17:48:51Z
http://www.wikidata.org/entity/Q2407716,Roman–Sassanid War,History,http://www.wikidata.org/prop/direct/P580,http://www.wikidata.org/prop/direct/P580,421,12,,2024-02-04T08:36:21Z
http://www.wikidata.org/entity/Q2040276,Great Frisian War,History,http://www.wikidata.org/prop/direct/P580,http://www.wikidata.org/prop/direct/P580,1413,5,,2024-11-04T02:33:25Z
http://www.wikidata.org/entity/Q2576016,Anastasian War,History,http://www.wikidata.org/prop/direct/P580,http://www.wikidata.org/prop/direct/P580,502,18,,2024-11-13T17:36:03Z
http://www.wikidata.org/entity/Q2367321,English-Manipur War,History,http://www.wikidata.org/prop/direct/P580,http://www.wikidata.org/prop/direct/P580,1890,1,,2023-12-22T14:17:02Z
http://www.wikidata.org/entity/Q2090475,Second Franco-Dahomean War,History,http://www.wikidata.org/prop/direct/P580,http://www.wikidata.org/prop/direct/P580,1892,14,,2024-11-13T17:49:25Z
http://www.wikidata.org/entity/Q2445409,War of Ferrara,History,http://www.wikidata.org/prop/direct/P580,http://www.wikidata.org/prop/direct/P580,1482,13,,2024-12-14T16:47:12Z
http://www.wikidata.org/entity/Q2634927,Muscovite-Lithuanian War of 1512-1522,History,http://www.wikidata.org/prop/direct/P580,http://www.wikidata.org/prop/direct/P580,1512,9,,2024-04-25T14:04:26Z
http://www.wikidata.org/entity/Q2356791,Portuguese conquest of the Banda Oriental,History,http://www.wikidata.org/prop/direct/P580,http://www.wikidata.org/prop/direct/P580,1816,10,,2024-11-13T17:39:24Z
http://www.wikidata.org/entity/Q1966558,Saltpeter War,History,http://www.wikidata.org/prop/direct/P580,http://www.wikidata.org/prop/direct/P580,1480,4,,2024-11-13T17:55:56Z
http://www.wikidata.org/entity/Q1957205,Donia War,History,http://www.wikidata.org/prop/direct/P580,http://www.wikidata.org/prop/direct/P580,1458,2,,2023-12-22T16:14:33Z
http://www.wikidata.org/entity/Q2461067,West-Frisian Wars,History,http://www.wikidata.org/prop/direct/P580,http://www.wikidata.org/prop/direct/P580,1132,2,,2021-10-10T18:25:10Z
http://www.wikidata.org/entity/Q2291971,Battle of Ilerda,History,http://www.wikidata.org/prop/direct/P580,http://www.wikidata.org/prop/direct/P580,-48,15,,2024-11-13T17:48:54Z
http://www.wikidata.org/entity/Q1791222,War of the Cow,History,http://www.wikidata.org/prop/direct/P580,http://www.wikidata.org/prop/direct/P580,1272,11,,2024-11-13T17:50:32Z
http://www.wikidata.org/entity/Q1891008,Sand War,History,http://www.wikidata.org/prop/direct/P580,http://www.wikidata.org/prop/direct/P580,1963,24,,2024-11-13T17:49:09Z
http://www.wikidata.org/entity/Q1997806,North German Margrave War,History,http://www.wikidata.org/prop/direct/P580,http://www.wikidata.org/prop/direct/P580,1308,2,,2023-11-05T22:08:32Z
http://www.wikidata.org/entity/Q1967193,Second conflict in the Goryeo–Khitan War,History,http://www.wikidata.org/prop/direct/P580,http://www.wikidata.org/prop/direct/P580,1010,11,,2024-06-10T16:24:46Z
http://www.wikidata.org/entity/Q1814745,Eelam War I,History,http://www.wikidata.org/prop/direct/P580,http://www.wikidata.org/prop/direct/P580,1983,7,,2022-02-26T02:06:25Z
http://www.wikidata.org/entity/Q2600326,Second Egyptian-Ottoman War,History,http://www.wikidata.org/prop/direct/P580,http://www.wikidata.org/prop/direct/P580,1839,22,,2024-12-16T13:51:59Z
http://www.wikidata.org/entity/Q2577772,Wars of the Three Kingdoms,History,http://www.wikidata.org/prop/direct/P580,http://www.wikidata.org/prop/direct/P580,1638,30,,2024-11-13T17:36:04Z
http://www.wikidata.org/entity/Q2092093,Mongol invasions and conquests,History,http://www.wikidata.org/prop/direct/P580,http://www.wikidata.org/prop/direct/P580,1206,43,,2024-11-13T17:49:27Z
