entity,entityLabel,category,property,propertyLabel,value,unit,sitelinks,timestamp,dateCreated,dateModified
http://www.wikidata.org/entity/Q10014,Kampen,Geography,http://www.wikidata.org/prop/direct/P1082,http://www.wikidata.org/prop/direct/P1082,52398,,54,2016-01-01T00:00:00Z,,2024-10-04T09:27:46Z
http://www.wikidata.org/entity/Q10045,IJsselstein,Geography,http://www.wikidata.org/prop/direct/P1082,http://www.wikidata.org/prop/direct/P1082,33819,,40,2021-01-01T00:00:00Z,,2024-09-17T12:06:04Z
http://www.wikidata.org/entity/Q2449,Mogadishu,Geography,http://www.wikidata.org/prop/direct/P1082,http://www.wikidata.org/prop/direct/P1082,2120000,,164,2015-01-01T00:00:00Z,,2024-11-20T21:57:35Z
http://www.wikidata.org/entity/Q3037,Kathmandu,Geography,http://www.wikidata.org/prop/direct/P1082,http://www.wikidata.org/prop/direct/P1082,845767,,190,2021-01-01T00:00:00Z,,2024-11-29T06:01:33Z
http://www.wikidata.org/entity/Q3929,Port Louis,Geography,http://www.wikidata.org/prop/direct/P1082,http://www.wikidata.org/prop/direct/P1082,149194,,151,2012-01-01T00:00:00Z,,2024-11-29T16:32:02Z
http://www.wikidata.org/entity/Q4044,Offenburg,Geography,http://www.wikidata.org/prop/direct/P1082,http://www.wikidata.org/prop/direct/P1082,62195,,63,2023-12-31T00:00:00Z,,2024-11-28T10:49:30Z
http://www.wikidata.org/entity/Q4051,Friedrichshafen,Geography,http://www.wikidata.org/prop/direct/P1082,http://www.wikidata.org/prop/direct/P1082,63441,,75,2023-12-31T00:00:00Z,,2024-11-30T18:40:23Z
http://www.wikidata.org/entity/Q15639,Sant Feliu de Llobregat,Geography,http://www.wikidata.org/prop/direct/P1082,http://www.wikidata.org/prop/direct/P1082,46056,,50,2023-01-01T00:00:00Z,,2024-10-29T12:10:29Z
http://www.wikidata.org/entity/Q70,Bern,Geography,http://www.wikidata.org/prop/direct/P1082,http://www.wikidata.org/prop/direct/P1082,134506,,201,2022-12-31T00:00:00Z,,2024-11-29T12:42:07Z
http://www.wikidata.org/entity/Q174,São Paulo,Geography,http://www.wikidata.org/prop/direct/P1082,http://www.wikidata.org/prop/direct/P1082,11451999,,249,2022-01-01T00:00:00Z,,2024-12-01T09:55:21Z
http://www.wikidata.org/entity/Q207371,Lichfield,Geography,http://www.wikidata.org/prop/direct/P1082,http://www.wikidata.org/prop/direct/P1082,32580,,63,2021-01-01T00:00:00Z,,2024-10-31T17:28:05Z
http://www.wikidata.org/entity/Q207749,Thane,Geography,http://www.wikidata.org/prop/direct/P1082,http://www.wikidata.org/prop/direct/P1082,1886941,,74,2011-01-01T00:00:00Z,,2024-09-25T20:36:37Z
http://www.wikidata.org/entity/Q207752,Shillong,Geography,http://www.wikidata.org/prop/direct/P1082,http://www.wikidata.org/prop/direct/P1082,143229,,82,2011-01-01T00:00:00Z,,2024-10-12T01:27:28Z
http://www.wikidata.org/entity/Q3889,Maputo,Geography,http://www.wikidata.org/prop/direct/P1082,http://www.wikidata.org/prop/direct/P1082,1133200,,161,2023-07-01T00:00:00Z,,2024-11-25T07:58:05Z
http://www.wikidata.org/entity/Q3892,Curanilahue,Geography,http://www.wikidata.org/prop/direct/P1082,http://www.wikidata.org/prop/direct/P1082,32288,,24,2017-01-01T00:00:00Z,,2024-09-06T09:00:18Z
http://www.wikidata.org/entity/Q6226,St Albans,Geography,http://www.wikidata.org/prop/direct/P1082,http://www.wikidata.org/prop/direct/P1082,82146,,61,2011-01-01T00:00:00Z,,2024-11-21T16:09:10Z
http://www.wikidata.org/entity/Q7039,Lahr/Schwarzwald,Geography,http://www.wikidata.org/prop/direct/P1082,http://www.wikidata.org/prop/direct/P1082,49420,,49,2023-12-31T00:00:00Z,,2024-11-17T15:16:36Z
http://www.wikidata.org/entity/Q10690,Cardiff,Geography,http://www.wikidata.org/prop/direct/P1082,http://www.wikidata.org/prop/direct/P1082,361469,,155,2016-01-01T00:00:00Z,,2024-11-28T10:54:49Z
http://www.wikidata.org/entity/Q10743,Böhlen,Geography,http://www.wikidata.org/prop/direct/P1082,http://www.wikidata.org/prop/direct/P1082,6931,,37,2023-12-31T00:00:00Z,,2024-11-19T18:00:17Z
http://www.wikidata.org/entity/Q16258,Maldonado,Geography,http://www.wikidata.org/prop/direct/P1082,http://www.wikidata.org/prop/direct/P1082,86782,,51,2011-01-01T00:00:00Z,,2024-11-27T01:26:22Z
http://www.wikidata.org/entity/Q16520,Busan,Geography,http://www.wikidata.org/prop/direct/P1082,http://www.wikidata.org/prop/direct/P1082,3453198,,133,2018-07-01T00:00:00Z,,2024-11-19T22:33:27Z
http://www.wikidata.org/entity/Q18021,Biella,Geography,http://www.wikidata.org/prop/direct/P1082,http://www.wikidata.org/prop/direct/P1082,42619,,85,2023-01-01T00:00:00Z,,2024-11-29T04:17:19Z
http://www.wikidata.org/entity/Q18569,Douglas,Geography,http://www.wikidata.org/prop/direct/P1082,http://www.wikidata.org/prop/direct/P1082,27938,,92,2011-01-01T00:00:00Z,,2024-11-11T06:52:01Z
http://www.wikidata.org/entity/Q18709,Patos,Geography,http://www.wikidata.org/prop/direct/P1082,http://www.wikidata.org/prop/direct/P1082,15397,,34,2011-01-01T00:00:00Z,,2024-10-01T07:46:28Z
http://www.wikidata.org/entity/Q18730,Cërrik,Geography,http://www.wikidata.org/prop/direct/P1082,http://www.wikidata.org/prop/direct/P1082,6695,,37,2011-01-01T00:00:00Z,,2024-11-11T04:38:25Z
http://www.wikidata.org/entity/Q18737,Rrëshen,Geography,http://www.wikidata.org/prop/direct/P1082,http://www.wikidata.org/prop/direct/P1082,8803,,32,2011-01-01T00:00:00Z,,2024-11-27T14:25:28Z
http://www.wikidata.org/entity/Q18751,Poliçan,Geography,http://www.wikidata.org/prop/direct/P1082,http://www.wikidata.org/prop/direct/P1082,4318,,30,2011-01-01T00:00:00Z,,2024-09-10T01:23:07Z
http://www.wikidata.org/entity/Q18768,Laç,Geography,http://www.wikidata.org/prop/direct/P1082,http://www.wikidata.org/prop/direct/P1082,17086,,40,2011-01-01T00:00:00Z,,2024-10-01T07:46:30Z
http://www.wikidata.org/entity/Q18772,Librazhd,Geography,http://www.wikidata.org/prop/direct/P1082,http://www.wikidata.org/prop/direct/P1082,6937,,40,2011-01-01T00:00:00Z,,2024-09-10T01:22:51Z
http://www.wikidata.org/entity/Q18777,Gramsh,Geography,http://www.wikidata.org/prop/direct/P1082,http://www.wikidata.org/prop/direct/P1082,8440,,28,2011-01-01T00:00:00Z,,2024-09-11T12:17:40Z
http://www.wikidata.org/entity/Q19258,Prrenjas,Geography,http://www.wikidata.org/prop/direct/P1082,http://www.wikidata.org/prop/direct/P1082,5847,,23,2011-01-01T00:00:00Z,,2024-07-08T21:44:03Z
http://www.wikidata.org/entity/Q19259,Rubik,Geography,http://www.wikidata.org/prop/direct/P1082,http://www.wikidata.org/prop/direct/P1082,4454,,24,2011-01-01T00:00:00Z,,2024-10-01T07:46:31Z
http://www.wikidata.org/entity/Q19344,San Pedro de la Paz,Geography,http://www.wikidata.org/prop/direct/P1082,http://www.wikidata.org/prop/direct/P1082,131808,,73,2017-01-01T00:00:00Z,,2024-07-28T10:42:28Z
http://www.wikidata.org/entity/Q337123,Mit Ghamr,Geography,http://www.wikidata.org/prop/direct/P1082,http://www.wikidata.org/prop/direct/P1082,121039,,23,2006-11-11T00:00:00Z,,2024-08-10T18:36:28Z
http://www.wikidata.org/entity/Q337530,Sarh,Geography,http://www.wikidata.org/prop/direct/P1082,http://www.wikidata.org/prop/direct/P1082,108061,,48,2008-01-01T00:00:00Z,,2024-10-04T12:15:37Z
http://www.wikidata.org/entity/Q337683,Čapljina,Geography,http://www.wikidata.org/prop/direct/P1082,http://www.wikidata.org/prop/direct/P1082,28122,,32,2013-01-01T00:00:00Z,,2024-08-28T20:55:18Z
http://www.wikidata.org/entity/Q338059,Acarigua,Geography,http://www.wikidata.org/prop/direct/P1082,http://www.wikidata.org/prop/direct/P1082,195637,,36,2011-01-01T00:00:00Z,,2024-10-22T07:29:10Z
http://www.wikidata.org/entity/Q338844,Batna,Geography,http://www.wikidata.org/prop/direct/P1082,http://www.wikidata.org/prop/direct/P1082,290645,,60,2013-01-01T00:00:00Z,,2024-11-29T00:39:21Z
http://www.wikidata.org/entity/Q345163,Łabiszyn,Geography,http://www.wikidata.org/prop/direct/P1082,http://www.wikidata.org/prop/direct/P1082,4494,,25,2021-03-31T00:00:00Z,,2024-09-16T07:43:30Z
http://www.wikidata.org/entity/Q345243,Łapy,Geography,http://www.wikidata.org/prop/direct/P1082,http://www.wikidata.org/prop/direct/P1082,14790,,33,2021-03-31T00:00:00Z,,2024-09-12T13:17:11Z
http://www.wikidata.org/entity/Q345316,Łazy,Geography,http://www.wikidata.org/prop/direct/P1082,http://www.wikidata.org/prop/direct/P1082,6591,,28,2021-03-31T00:00:00Z,,2024-09-24T14:40:52Z
http://www.wikidata.org/entity/Q345339,Łeba,Geography,http://www.wikidata.org/prop/direct/P1082,http://www.wikidata.org/prop/direct/P1082,3228,,39,2021-03-31T00:00:00Z,,2024-06-24T22:34:05Z
http://www.wikidata.org/entity/Q345386,Łobżenica,Geography,http://www.wikidata.org/prop/direct/P1082,http://www.wikidata.org/prop/direct/P1082,2853,,29,2021-03-31T00:00:00Z,,2024-07-01T05:53:10Z
http://www.wikidata.org/entity/Q345389,Łochów,Geography,http://www.wikidata.org/prop/direct/P1082,http://www.wikidata.org/prop/direct/P1082,6689,,24,2021-03-31T00:00:00Z,,2024-09-09T05:58:36Z
http://www.wikidata.org/entity/Q351427,Adama,Geography,http://www.wikidata.org/prop/direct/P1082,http://www.wikidata.org/prop/direct/P1082,324000,,48,2015-01-01T00:00:00Z,,2024-09-04T16:08:03Z
http://www.wikidata.org/entity/Q356811,Adi Keyh,Geography,http://www.wikidata.org/prop/direct/P1082,http://www.wikidata.org/prop/direct/P1082,13061,,26,2004-01-01T00:00:00Z,,2024-10-15T01:46:46Z
http://www.wikidata.org/entity/Q357101,Adigrat,Geography,http://www.wikidata.org/prop/direct/P1082,http://www.wikidata.org/prop/direct/P1082,76400,,25,2013-01-01T00:00:00Z,,2024-08-08T12:17:29Z
http://www.wikidata.org/entity/Q359955,Ado Ekiti,Geography,http://www.wikidata.org/prop/direct/P1082,http://www.wikidata.org/prop/direct/P1082,446749,,42,2004-01-01T00:00:00Z,,2024-07-19T18:46:56Z
http://www.wikidata.org/entity/Q365146,La Calera,Geography,http://www.wikidata.org/prop/direct/P1082,http://www.wikidata.org/prop/direct/P1082,45600,,11,2022-01-01T00:00:00Z,,2024-09-10T01:57:28Z
http://www.wikidata.org/entity/Q366010,Amarah,Geography,http://www.wikidata.org/prop/direct/P1082,http://www.wikidata.org/prop/direct/P1082,511500,,48,2015-01-01T00:00:00Z,,2024-09-24T14:50:25Z
http://www.wikidata.org/entity/Q368045,Chester,Geography,http://www.wikidata.org/prop/direct/P1082,http://www.wikidata.org/prop/direct/P1082,32605,,44,2020-04-01T00:00:00Z,,2024-09-28T18:12:00Z
http://www.wikidata.org/entity/Q334,Singapore,Geography,http://www.wikidata.org/prop/direct/P1082,http://www.wikidata.org/prop/direct/P1082,5866139,,319,2021-07-01T00:00:00Z,,2024-12-01T10:27:56Z
http://www.wikidata.org/entity/Q1154,Jamnagar,Geography,http://www.wikidata.org/prop/direct/P1082,http://www.wikidata.org/prop/direct/P1082,479920,,65,2011-01-01T00:00:00Z,,2024-08-01T06:43:10Z
http://www.wikidata.org/entity/Q1492,Barcelona,Geography,http://www.wikidata.org/prop/direct/P1082,http://www.wikidata.org/prop/direct/P1082,1660122,,239,2023-01-01T00:00:00Z,,2024-10-15T23:07:07Z
http://www.wikidata.org/entity/Q1555,Guatemala City,Geography,http://www.wikidata.org/prop/direct/P1082,http://www.wikidata.org/prop/direct/P1082,1213651,,146,2022-01-01T00:00:00Z,,2024-11-11T01:59:14Z
http://www.wikidata.org/entity/Q6647,Lalitpur,Geography,http://www.wikidata.org/prop/direct/P1082,http://www.wikidata.org/prop/direct/P1082,513200,,61,2020-01-01T00:00:00Z,,2024-11-30T14:21:57Z
http://www.wikidata.org/entity/Q6761,Livorno,Geography,http://www.wikidata.org/prop/direct/P1082,http://www.wikidata.org/prop/direct/P1082,152914,,118,2023-01-01T00:00:00Z,,2024-08-04T00:47:04Z
http://www.wikidata.org/entity/Q7903,Casablanca,Geography,http://www.wikidata.org/prop/direct/P1082,http://www.wikidata.org/prop/direct/P1082,3215935,,145,2024-01-01T00:00:00Z,,2024-11-27T01:23:03Z
http://www.wikidata.org/entity/Q8693,Coswig,Geography,http://www.wikidata.org/prop/direct/P1082,http://www.wikidata.org/prop/direct/P1082,20561,,51,2023-12-31T00:00:00Z,,2024-11-17T17:15:09Z
http://www.wikidata.org/entity/Q29962,Asyut,Geography,http://www.wikidata.org/prop/direct/P1082,http://www.wikidata.org/prop/direct/P1082,389307,,70,2006-11-11T00:00:00Z,,2024-10-19T06:29:18Z
http://www.wikidata.org/entity/Q30687,Puntarenas,Geography,http://www.wikidata.org/prop/direct/P1082,http://www.wikidata.org/prop/direct/P1082,41528,,47,2011-01-01T00:00:00Z,,2024-10-22T06:18:47Z
http://www.wikidata.org/entity/Q30951,Jalgaon,Geography,http://www.wikidata.org/prop/direct/P1082,http://www.wikidata.org/prop/direct/P1082,460468,,48,2011-01-01T00:00:00Z,,2024-06-04T17:15:52Z
http://www.wikidata.org/entity/Q26563,Roskilde,Geography,http://www.wikidata.org/prop/direct/P1082,http://www.wikidata.org/prop/direct/P1082,50046,,83,2016-01-01T00:00:00Z,,2024-11-21T21:35:41Z
http://www.wikidata.org/entity/Q26881,Helsingør,Geography,http://www.wikidata.org/prop/direct/P1082,http://www.wikidata.org/prop/direct/P1082,47364,,77,2018-01-01T00:00:00Z,,2024-11-25T16:09:20Z
http://www.wikidata.org/entity/Q26906,Ciudad Bolívar,Geography,http://www.wikidata.org/prop/direct/P1082,http://www.wikidata.org/prop/direct/P1082,567953,,58,2018-01-01T00:00:00Z,,2024-11-19T21:44:59Z
http://www.wikidata.org/entity/Q28031,Svendborg,Geography,http://www.wikidata.org/prop/direct/P1082,http://www.wikidata.org/prop/direct/P1082,27210,,39,2019-01-01T00:00:00Z,,2024-10-15T07:01:07Z
http://www.wikidata.org/entity/Q28911,Lahti,Geography,http://www.wikidata.org/prop/direct/P1082,http://www.wikidata.org/prop/direct/P1082,120809,,92,2024-02-29T00:00:00Z,,2024-10-31T09:41:28Z
http://www.wikidata.org/entity/Q436,Szczebrzeszyn,Geography,http://www.wikidata.org/prop/direct/P1082,http://www.wikidata.org/prop/direct/P1082,4849,,33,2021-03-31T00:00:00Z,,2024-10-09T18:45:12Z
http://www.wikidata.org/entity/Q439,Wąchock,Geography,http://www.wikidata.org/prop/direct/P1082,http://www.wikidata.org/prop/direct/P1082,2568,,29,2021-03-31T00:00:00Z,,2024-10-11T08:35:56Z
http://www.wikidata.org/entity/Q802,Nowy Sącz,Geography,http://www.wikidata.org/prop/direct/P1082,http://www.wikidata.org/prop/direct/P1082,81281,,67,2021-03-31T00:00:00Z,,2024-11-18T14:20:24Z
http://www.wikidata.org/entity/Q875,Abakan,Geography,http://www.wikidata.org/prop/direct/P1082,http://www.wikidata.org/prop/direct/P1082,184168,,103,2018-01-01T00:00:00Z,,2024-11-29T12:09:07Z
http://www.wikidata.org/entity/Q2933,Asunción,Geography,http://www.wikidata.org/prop/direct/P1082,http://www.wikidata.org/prop/direct/P1082,462241,,168,2022-01-01T00:00:00Z,,2024-11-27T14:34:18Z
http://www.wikidata.org/entity/Q3639,Verbania,Geography,http://www.wikidata.org/prop/direct/P1082,http://www.wikidata.org/prop/direct/P1082,29945,,89,2023-01-01T00:00:00Z,,2024-10-22T16:30:16Z
http://www.wikidata.org/entity/Q3642,Asmara,Geography,http://www.wikidata.org/prop/direct/P1082,http://www.wikidata.org/prop/direct/P1082,963000,,162,2020-01-01T00:00:00Z,,2024-11-11T04:01:09Z
http://www.wikidata.org/entity/Q3711,Belgrade,Geography,http://www.wikidata.org/prop/direct/P1082,http://www.wikidata.org/prop/direct/P1082,1197714,,222,2022-01-01T00:00:00Z,,2024-11-10T22:20:23Z
http://www.wikidata.org/entity/Q4709,Barquisimeto,Geography,http://www.wikidata.org/prop/direct/P1082,http://www.wikidata.org/prop/direct/P1082,1059092,,67,2011-01-01T00:00:00Z,,2024-10-24T20:16:43Z
http://www.wikidata.org/entity/Q5045,Lajas,Geography,http://www.wikidata.org/prop/direct/P1082,http://www.wikidata.org/prop/direct/P1082,22602,,16,2004-01-01T00:00:00Z,,2024-10-02T00:32:36Z
http://www.wikidata.org/entity/Q5687,Jericho,Geography,http://www.wikidata.org/prop/direct/P1082,http://www.wikidata.org/prop/direct/P1082,23220,,93,2016-01-01T00:00:00Z,,2024-11-01T15:43:28Z
http://www.wikidata.org/entity/Q5724,Anuradhapura,Geography,http://www.wikidata.org/prop/direct/P1082,http://www.wikidata.org/prop/direct/P1082,63208,,71,2011-01-01T00:00:00Z,,2024-10-17T11:59:56Z
http://www.wikidata.org/entity/Q5776,Bethlehem,Geography,http://www.wikidata.org/prop/direct/P1082,http://www.wikidata.org/prop/direct/P1082,36000,,156,2019-01-01T00:00:00Z,,2024-10-20T09:44:06Z
http://www.wikidata.org/entity/Q5832,Axum,Geography,http://www.wikidata.org/prop/direct/P1082,http://www.wikidata.org/prop/direct/P1082,66800,,82,2015-01-01T00:00:00Z,,2024-10-19T20:28:37Z
http://www.wikidata.org/entity/Q5838,Kabul,Geography,http://www.wikidata.org/prop/direct/P1082,http://www.wikidata.org/prop/direct/P1082,4273156,,212,2020-01-01T00:00:00Z,,2024-11-30T09:41:46Z
http://www.wikidata.org/entity/Q8826,Palma,Geography,http://www.wikidata.org/prop/direct/P1082,http://www.wikidata.org/prop/direct/P1082,423350,,116,2023-01-01T00:00:00Z,,2024-11-22T03:18:52Z
http://www.wikidata.org/entity/Q8969,Cancun,Geography,http://www.wikidata.org/prop/direct/P1082,http://www.wikidata.org/prop/direct/P1082,888797,,97,2020-01-01T00:00:00Z,,2024-11-19T23:25:17Z
http://www.wikidata.org/entity/Q9824,Erode,Geography,http://www.wikidata.org/prop/direct/P1082,http://www.wikidata.org/prop/direct/P1082,151184,,52,2001-01-01T00:00:00Z,,2024-09-28T01:50:33Z
http://www.wikidata.org/entity/Q9844,Helmond,Geography,http://www.wikidata.org/prop/direct/P1082,http://www.wikidata.org/prop/direct/P1082,92627,,68,2021-01-01T00:00:00Z,,2024-09-17T12:07:11Z
http://www.wikidata.org/entity/Q9863,Salem,Geography,http://www.wikidata.org/prop/direct/P1082,http://www.wikidata.org/prop/direct/P1082,693236,,59,2001-01-01T00:00:00Z,,2024-09-10T07:25:32Z
http://www.wikidata.org/entity/Q9885,Coimbatore,Geography,http://www.wikidata.org/prop/direct/P1082,http://www.wikidata.org/prop/direct/P1082,959823,,84,2015-07-21T00:00:00Z,,2024-09-27T14:02:01Z
http://www.wikidata.org/entity/Q15855,Bovec,Geography,http://www.wikidata.org/prop/direct/P1082,http://www.wikidata.org/prop/direct/P1082,1586,,44,2020-01-01T00:00:00Z,,2024-11-26T15:28:52Z
http://www.wikidata.org/entity/Q15861,Črnomelj,Geography,http://www.wikidata.org/prop/direct/P1082,http://www.wikidata.org/prop/direct/P1082,5496,,33,2020-01-01T00:00:00Z,,2024-10-09T17:16:38Z
http://www.wikidata.org/entity/Q15870,Grosuplje,Geography,http://www.wikidata.org/prop/direct/P1082,http://www.wikidata.org/prop/direct/P1082,7703,,29,2020-01-01T00:00:00Z,,2024-08-19T01:58:31Z
http://www.wikidata.org/entity/Q15871,Hrastnik,Geography,http://www.wikidata.org/prop/direct/P1082,http://www.wikidata.org/prop/direct/P1082,4962,,35,2020-01-01T00:00:00Z,,2024-09-30T23:39:26Z
http://www.wikidata.org/entity/Q15876,Ilirska Bistrica,Geography,http://www.wikidata.org/prop/direct/P1082,http://www.wikidata.org/prop/direct/P1082,4323,,33,2020-01-01T00:00:00Z,,2024-08-19T01:58:42Z
http://www.wikidata.org/entity/Q15877,Izola,Geography,http://www.wikidata.org/prop/direct/P1082,http://www.wikidata.org/prop/direct/P1082,11653,,54,2022-01-01T00:00:00Z,,2024-08-28T22:41:04Z
http://www.wikidata.org/entity/Q15885,Kostanjevica na Krki,Geography,http://www.wikidata.org/prop/direct/P1082,http://www.wikidata.org/prop/direct/P1082,689,,26,2020-01-01T00:00:00Z,,2024-10-09T17:17:05Z
http://www.wikidata.org/entity/Q15896,Metlika,Geography,http://www.wikidata.org/prop/direct/P1082,http://www.wikidata.org/prop/direct/P1082,3229,,34,2020-01-01T00:00:00Z,,2024-06-04T16:59:55Z
http://www.wikidata.org/entity/Q15898,Mežica,Geography,http://www.wikidata.org/prop/direct/P1082,http://www.wikidata.org/prop/direct/P1082,3176,,29,2020-01-01T00:00:00Z,,2024-08-28T10:08:57Z
http://www.wikidata.org/entity/Q15901,Postojna,Geography,http://www.wikidata.org/prop/direct/P1082,http://www.wikidata.org/prop/direct/P1082,9605,,56,2020-01-01T00:00:00Z,,2024-11-18T13:56:40Z
http://www.wikidata.org/entity/Q15908,Radeče,Geography,http://www.wikidata.org/prop/direct/P1082,http://www.wikidata.org/prop/direct/P1082,1993,,31,2020-01-01T00:00:00Z,,2024-09-18T17:13:00Z
http://www.wikidata.org/entity/Q15911,Ravne na Koroškem,Geography,http://www.wikidata.org/prop/direct/P1082,http://www.wikidata.org/prop/direct/P1082,7363,,36,2020-01-01T00:00:00Z,,2024-09-03T01:22:51Z
http://www.wikidata.org/entity/Q15917,Slovenska Bistrica,Geography,http://www.wikidata.org/prop/direct/P1082,http://www.wikidata.org/prop/direct/P1082,8219,,40,2020-01-01T00:00:00Z,,2024-09-20T18:25:24Z
http://www.wikidata.org/entity/Q15918,Slovenj Gradec,Geography,http://www.wikidata.org/prop/direct/P1082,http://www.wikidata.org/prop/direct/P1082,7249,,56,2020-01-01T00:00:00Z,,2024-10-05T11:31:33Z
http://www.wikidata.org/entity/Q15926,Trebnje,Geography,http://www.wikidata.org/prop/direct/P1082,http://www.wikidata.org/prop/direct/P1082,3927,,27,2020-01-01T00:00:00Z,,2024-09-22T16:58:32Z
http://www.wikidata.org/entity/Q15930,Zagorje ob Savi,Geography,http://www.wikidata.org/prop/direct/P1082,http://www.wikidata.org/prop/direct/P1082,6023,,43,2020-01-01T00:00:00Z,,2024-08-12T04:31:44Z
http://www.wikidata.org/entity/Q15984,Leer,Geography,http://www.wikidata.org/prop/direct/P1082,http://www.wikidata.org/prop/direct/P1082,35163,,56,2023-12-31T00:00:00Z,,2024-11-28T07:44:25Z
http://www.wikidata.org/entity/Q20835,Hørsholm,Geography,http://www.wikidata.org/prop/direct/P1082,http://www.wikidata.org/prop/direct/P1082,47489,,28,2018-01-01T00:00:00Z,,2024-11-17T16:00:20Z
http://www.wikidata.org/entity/Q21179,Sønderborg,Geography,http://www.wikidata.org/prop/direct/P1082,http://www.wikidata.org/prop/direct/P1082,27595,,47,2016-01-01T00:00:00Z,,2024-11-05T21:16:20Z
http://www.wikidata.org/entity/Q26569,Zahlé,Geography,http://www.wikidata.org/prop/direct/P1082,http://www.wikidata.org/prop/direct/P1082,100000,,57,2006-01-01T00:00:00Z,,2024-09-06T19:58:46Z
http://www.wikidata.org/entity/Q26958,Layla,Geography,http://www.wikidata.org/prop/direct/P1082,http://www.wikidata.org/prop/direct/P1082,7920,,13,2010-01-01T00:00:00Z,,2024-07-15T19:32:36Z
http://www.wikidata.org/entity/Q26958,Layla,Geography,http://www.wikidata.org/prop/direct/P1082,http://www.wikidata.org/prop/direct/P1082,22986,,13,2010-01-01T00:00:00Z,,2024-07-15T19:32:36Z
http://www.wikidata.org/entity/Q26958,Layla,Geography,http://www.wikidata.org/prop/direct/P1082,http://www.wikidata.org/prop/direct/P1082,30906,,13,2010-01-01T00:00:00Z,,2024-07-15T19:32:36Z
http://www.wikidata.org/entity/Q30970,Jamestown,Geography,http://www.wikidata.org/prop/direct/P1082,http://www.wikidata.org/prop/direct/P1082,714,,81,2016-01-01T00:00:00Z,,2024-11-11T05:19:48Z
http://www.wikidata.org/entity/Q30985,Hamilton,Geography,http://www.wikidata.org/prop/direct/P1082,http://www.wikidata.org/prop/direct/P1082,3686,,89,2010-01-01T00:00:00Z,,2024-11-07T17:16:52Z
http://www.wikidata.org/entity/Q30990,Plymouth,Geography,http://www.wikidata.org/prop/direct/P1082,http://www.wikidata.org/prop/direct/P1082,0,,69,2016-01-01T00:00:00Z,,2024-11-27T20:20:55Z
http://www.wikidata.org/entity/Q30994,The Valley,Geography,http://www.wikidata.org/prop/direct/P1082,http://www.wikidata.org/prop/direct/P1082,1067,,73,2011-01-01T00:00:00Z,,2024-10-28T08:53:57Z
http://www.wikidata.org/entity/Q30996,El Alto,Geography,http://www.wikidata.org/prop/direct/P1082,http://www.wikidata.org/prop/direct/P1082,842378,,50,2012-01-01T00:00:00Z,,2024-11-21T00:34:39Z
http://www.wikidata.org/entity/Q31350,Shibin Al Kawm,Geography,http://www.wikidata.org/prop/direct/P1082,http://www.wikidata.org/prop/direct/P1082,267945,,37,2021-01-01T00:00:00Z,,2024-09-10T04:10:55Z
http://www.wikidata.org/entity/Q31565,Jerash,Geography,http://www.wikidata.org/prop/direct/P1082,http://www.wikidata.org/prop/direct/P1082,50745,,54,2015-01-01T00:00:00Z,,2024-11-15T15:39:35Z
http://www.wikidata.org/entity/Q31616,Ma'an,Geography,http://www.wikidata.org/prop/direct/P1082,http://www.wikidata.org/prop/direct/P1082,30046,,42,2008-01-01T00:00:00Z,,2024-11-23T23:21:27Z
http://www.wikidata.org/entity/Q32453,Rodríguez,Geography,http://www.wikidata.org/prop/direct/P1082,http://www.wikidata.org/prop/direct/P1082,2604,,10,2011-01-01T00:00:00Z,,2024-09-09T10:15:57Z
http://www.wikidata.org/entity/Q33377,Jalandhar,Geography,http://www.wikidata.org/prop/direct/P1082,http://www.wikidata.org/prop/direct/P1082,873725,,76,2011-01-01T00:00:00Z,,2024-10-29T17:04:50Z
http://www.wikidata.org/entity/Q33428,Vinh,Geography,http://www.wikidata.org/prop/direct/P1082,http://www.wikidata.org/prop/direct/P1082,490000,,51,2015-01-01T00:00:00Z,,2024-09-24T01:49:20Z
http://www.wikidata.org/entity/Q34047,Brockville,Geography,http://www.wikidata.org/prop/direct/P1082,http://www.wikidata.org/prop/direct/P1082,21957,,37,2006-01-01T00:00:00Z,,2024-09-06T07:58:08Z
http://www.wikidata.org/entity/Q34106,Sarnia,Geography,http://www.wikidata.org/prop/direct/P1082,http://www.wikidata.org/prop/direct/P1082,72320,,45,2020-01-01T00:00:00Z,,2024-11-17T18:05:54Z
http://www.wikidata.org/entity/Q34126,Funafuti,Geography,http://www.wikidata.org/prop/direct/P1082,http://www.wikidata.org/prop/direct/P1082,6025,,117,2012-01-01T00:00:00Z,,2024-11-26T21:27:09Z
http://www.wikidata.org/entity/Q207259,Zliten,Geography,http://www.wikidata.org/prop/direct/P1082,http://www.wikidata.org/prop/direct/P1082,200,,37,2011-01-01T00:00:00Z,,2024-08-10T13:44:59Z
http://www.wikidata.org/entity/Q207754,Tiruchirappalli,Geography,http://www.wikidata.org/prop/direct/P1082,http://www.wikidata.org/prop/direct/P1082,916857,,74,2011-01-01T00:00:00Z,,2024-11-22T20:32:21Z
http://www.wikidata.org/entity/Q207801,Bijeljina,Geography,http://www.wikidata.org/prop/direct/P1082,http://www.wikidata.org/prop/direct/P1082,114663,,62,2013-01-01T00:00:00Z,,2024-08-13T10:51:26Z
http://www.wikidata.org/entity/Q207935,Chilpancingo,Geography,http://www.wikidata.org/prop/direct/P1082,http://www.wikidata.org/prop/direct/P1082,187251,,61,2010-01-01T00:00:00Z,,2024-11-18T22:02:44Z
http://www.wikidata.org/entity/Q207972,Tepic,Geography,http://www.wikidata.org/prop/direct/P1082,http://www.wikidata.org/prop/direct/P1082,425942,,58,2020-01-01T00:00:00Z,,2024-11-21T20:08:13Z
http://www.wikidata.org/entity/Q208005,Kırşehir,Geography,http://www.wikidata.org/prop/direct/P1082,http://www.wikidata.org/prop/direct/P1082,153511,,67,2018-01-01T00:00:00Z,,2024-10-06T20:00:09Z
http://www.wikidata.org/entity/Q208097,Imphal,Geography,http://www.wikidata.org/prop/direct/P1082,http://www.wikidata.org/prop/direct/P1082,264986,,81,2011-01-01T00:00:00Z,,2024-10-14T11:10:34Z
http://www.wikidata.org/entity/Q208097,Imphal,Geography,http://www.wikidata.org/prop/direct/P1082,http://www.wikidata.org/prop/direct/P1082,268243,,81,2011-01-01T00:00:00Z,,2024-10-14T11:10:34Z
http://www.wikidata.org/entity/Q208318,Kaduna,Geography,http://www.wikidata.org/prop/direct/P1082,http://www.wikidata.org/prop/direct/P1082,760084,,56,2006-01-01T00:00:00Z,,2024-11-07T14:40:06Z
http://www.wikidata.org/entity/Q208352,Borjomi,Geography,http://www.wikidata.org/prop/direct/P1082,http://www.wikidata.org/prop/direct/P1082,11194,,57,2023-01-01T00:00:00Z,,2024-11-30T15:00:19Z
http://www.wikidata.org/entity/Q208472,Bingöl,Geography,http://www.wikidata.org/prop/direct/P1082,http://www.wikidata.org/prop/direct/P1082,160165,,80,2018-01-01T00:00:00Z,,2024-09-23T05:10:46Z
http://www.wikidata.org/entity/Q208715,Monastir,Geography,http://www.wikidata.org/prop/direct/P1082,http://www.wikidata.org/prop/direct/P1082,93306,,54,2014-01-01T00:00:00Z,,2024-09-18T08:21:11Z
http://www.wikidata.org/entity/Q211970,Entebbe,Geography,http://www.wikidata.org/prop/direct/P1082,http://www.wikidata.org/prop/direct/P1082,69958,,60,2014-01-01T00:00:00Z,,2024-11-10T12:02:06Z
http://www.wikidata.org/entity/Q212332,Kanchipuram,Geography,http://www.wikidata.org/prop/direct/P1082,http://www.wikidata.org/prop/direct/P1082,164384,,60,2011-01-01T00:00:00Z,,2024-09-27T08:49:26Z
http://www.wikidata.org/entity/Q212757,Qamishli,Geography,http://www.wikidata.org/prop/direct/P1082,http://www.wikidata.org/prop/direct/P1082,184231,,57,2013-01-01T00:00:00Z,,2024-08-23T06:39:18Z
http://www.wikidata.org/entity/Q212773,Antigua Guatemala,Geography,http://www.wikidata.org/prop/direct/P1082,http://www.wikidata.org/prop/direct/P1082,59091,,67,2021-01-01T00:00:00Z,,2024-10-26T16:23:51Z
http://www.wikidata.org/entity/Q212856,Wadowice,Geography,http://www.wikidata.org/prop/direct/P1082,http://www.wikidata.org/prop/direct/P1082,17905,,52,2021-03-31T00:00:00Z,,2024-08-13T14:16:07Z
http://www.wikidata.org/entity/Q309355,Kikinda,Geography,http://www.wikidata.org/prop/direct/P1082,http://www.wikidata.org/prop/direct/P1082,38065,,48,2011-01-01T00:00:00Z,,2024-10-16T15:37:36Z
http://www.wikidata.org/entity/Q309442,Paysandú,Geography,http://www.wikidata.org/prop/direct/P1082,http://www.wikidata.org/prop/direct/P1082,76429,,57,2011-01-01T00:00:00Z,,2024-08-26T04:32:17Z
http://www.wikidata.org/entity/Q310751,El-Quseir,Geography,http://www.wikidata.org/prop/direct/P1082,http://www.wikidata.org/prop/direct/P1082,24344,,31,2006-11-11T00:00:00Z,,2024-08-10T14:49:59Z
http://www.wikidata.org/entity/Q310893,Al Wakrah,Geography,http://www.wikidata.org/prop/direct/P1082,http://www.wikidata.org/prop/direct/P1082,87970,,54,2015-01-01T00:00:00Z,,2024-10-05T21:32:03Z
http://www.wikidata.org/entity/Q310895,Mayadin,Geography,http://www.wikidata.org/prop/direct/P1082,http://www.wikidata.org/prop/direct/P1082,48922,,32,2003-01-01T00:00:00Z,,2024-10-04T10:11:28Z
http://www.wikidata.org/entity/Q311099,Al-Suwayda,Geography,http://www.wikidata.org/prop/direct/P1082,http://www.wikidata.org/prop/direct/P1082,64730,,52,2009-01-01T00:00:00Z,,2024-11-14T14:37:28Z
http://www.wikidata.org/entity/Q311199,Al Qadarif,Geography,http://www.wikidata.org/prop/direct/P1082,http://www.wikidata.org/prop/direct/P1082,354927,,37,2005-01-01T00:00:00Z,,2024-09-16T19:47:51Z
http://www.wikidata.org/entity/Q311321,Al-Hasakah,Geography,http://www.wikidata.org/prop/direct/P1082,http://www.wikidata.org/prop/direct/P1082,188160,,60,2004-01-01T00:00:00Z,,2024-08-29T08:09:47Z
http://www.wikidata.org/entity/Q311862,Shalateen,Geography,http://www.wikidata.org/prop/direct/P1082,http://www.wikidata.org/prop/direct/P1082,6731,,11,2006-11-11T00:00:00Z,,2024-08-10T14:48:59Z
http://www.wikidata.org/entity/Q312209,Buea,Geography,http://www.wikidata.org/prop/direct/P1082,http://www.wikidata.org/prop/direct/P1082,131325,,40,2005-01-01T00:00:00Z,,2024-11-23T17:28:00Z
http://www.wikidata.org/entity/Q312759,Biskra,Geography,http://www.wikidata.org/prop/direct/P1082,http://www.wikidata.org/prop/direct/P1082,204661,,55,2008-01-01T00:00:00Z,,2024-11-29T00:39:19Z
http://www.wikidata.org/entity/Q318156,Bahawalpur,Geography,http://www.wikidata.org/prop/direct/P1082,http://www.wikidata.org/prop/direct/P1082,762111,,58,2017-01-01T00:00:00Z,,2024-09-06T13:18:49Z
http://www.wikidata.org/entity/Q318418,Vilvoorde,Geography,http://www.wikidata.org/prop/direct/P1082,http://www.wikidata.org/prop/direct/P1082,44015,,51,2018-01-01T00:00:00Z,,2024-09-14T06:15:34Z
http://www.wikidata.org/entity/Q318686,Radviliškis,Geography,http://www.wikidata.org/prop/direct/P1082,http://www.wikidata.org/prop/direct/P1082,15112,,48,2023-01-01T00:00:00Z,,2024-10-28T14:31:23Z
http://www.wikidata.org/entity/Q269,Tashkent,Geography,http://www.wikidata.org/prop/direct/P1082,http://www.wikidata.org/prop/direct/P1082,2956384,,185,2023-01-01T00:00:00Z,,2024-11-17T10:35:54Z
http://www.wikidata.org/entity/Q319366,Galle,Geography,http://www.wikidata.org/prop/direct/P1082,http://www.wikidata.org/prop/direct/P1082,93118,,65,2020-01-01T00:00:00Z,,2024-10-25T13:21:37Z
http://www.wikidata.org/entity/Q809657,Baruun-Urt,Geography,http://www.wikidata.org/prop/direct/P1082,http://www.wikidata.org/prop/direct/P1082,14297,,38,2010-01-01T00:00:00Z,,2024-11-03T16:30:17Z
http://www.wikidata.org/entity/Q2807,Madrid,Geography,http://www.wikidata.org/prop/direct/P1082,http://www.wikidata.org/prop/direct/P1082,3332035,,294,2023-01-01T00:00:00Z,,2024-10-30T10:04:52Z
http://www.wikidata.org/entity/Q15640,Sant Joan Despí,Geography,http://www.wikidata.org/prop/direct/P1082,http://www.wikidata.org/prop/direct/P1082,34568,,53,2023-01-01T00:00:00Z,,2024-10-20T21:46:02Z
http://www.wikidata.org/entity/Q15860,Cerknica,Geography,http://www.wikidata.org/prop/direct/P1082,http://www.wikidata.org/prop/direct/P1082,4018,,33,2020-01-01T00:00:00Z,,2024-08-01T14:24:14Z
http://www.wikidata.org/entity/Q21185,Hjørring,Geography,http://www.wikidata.org/prop/direct/P1082,http://www.wikidata.org/prop/direct/P1082,25917,,45,2023-01-01T00:00:00Z,,2024-10-28T10:33:41Z
http://www.wikidata.org/entity/Q21197,Chișinău,Geography,http://www.wikidata.org/prop/direct/P1082,http://www.wikidata.org/prop/direct/P1082,639000,,189,2019-01-01T00:00:00Z,,2024-11-29T07:29:53Z
http://www.wikidata.org/entity/Q216,Vilnius,Geography,http://www.wikidata.org/prop/direct/P1082,http://www.wikidata.org/prop/direct/P1082,581475,,224,2023-01-01T00:00:00Z,,2024-11-18T03:29:38Z
http://www.wikidata.org/entity/Q23044,San Rafael,Geography,http://www.wikidata.org/prop/direct/P1082,http://www.wikidata.org/prop/direct/P1082,215020,,34,2022-01-01T00:00:00Z,,2024-11-30T23:56:46Z
http://www.wikidata.org/entity/Q23051,Swansea,Geography,http://www.wikidata.org/prop/direct/P1082,http://www.wikidata.org/prop/direct/P1082,246700,,98,2023-01-01T00:00:00Z,,2024-11-27T18:23:17Z
http://www.wikidata.org/entity/Q23436,Edinburgh,Geography,http://www.wikidata.org/prop/direct/P1082,http://www.wikidata.org/prop/direct/P1082,488050,,185,2016-01-01T00:00:00Z,,2024-11-28T07:33:12Z
http://www.wikidata.org/entity/Q205327,Kananga,Geography,http://www.wikidata.org/prop/direct/P1082,http://www.wikidata.org/prop/direct/P1082,1971704,,59,2017-01-01T00:00:00Z,,2024-05-31T11:00:54Z
http://www.wikidata.org/entity/Q205648,Granada,Geography,http://www.wikidata.org/prop/direct/P1082,http://www.wikidata.org/prop/direct/P1082,105171,,57,2005-01-01T00:00:00Z,,2024-11-30T01:03:11Z
http://www.wikidata.org/entity/Q205792,Tamanrasset,Geography,http://www.wikidata.org/prop/direct/P1082,http://www.wikidata.org/prop/direct/P1082,92635,,54,2008-01-01T00:00:00Z,,2024-11-29T00:38:18Z
http://www.wikidata.org/entity/Q205905,Lancaster,Geography,http://www.wikidata.org/prop/direct/P1082,http://www.wikidata.org/prop/direct/P1082,52234,,70,2011-01-01T00:00:00Z,,2024-11-26T09:45:59Z
http://www.wikidata.org/entity/Q206125,Grabów nad Prosną,Geography,http://www.wikidata.org/prop/direct/P1082,http://www.wikidata.org/prop/direct/P1082,1917,,25,2021-03-31T00:00:00Z,,2024-09-16T14:38:41Z
http://www.wikidata.org/entity/Q206760,Kyrenia,Geography,http://www.wikidata.org/prop/direct/P1082,http://www.wikidata.org/prop/direct/P1082,33207,,59,2011-12-31T00:00:00Z,,2024-09-02T05:39:36Z
http://www.wikidata.org/entity/Q206881,Kilis,Geography,http://www.wikidata.org/prop/direct/P1082,http://www.wikidata.org/prop/direct/P1082,105218,,67,2020-01-01T00:00:00Z,,2024-10-27T07:13:32Z
http://www.wikidata.org/entity/Q209034,Toluca,Geography,http://www.wikidata.org/prop/direct/P1082,http://www.wikidata.org/prop/direct/P1082,223876,,82,2020-01-01T00:00:00Z,,2024-10-22T10:48:53Z
http://www.wikidata.org/entity/Q210197,Kukës,Geography,http://www.wikidata.org/prop/direct/P1082,http://www.wikidata.org/prop/direct/P1082,16719,,61,2011-01-01T00:00:00Z,,2024-11-18T06:00:04Z
http://www.wikidata.org/entity/Q239266,Višegrad,Geography,http://www.wikidata.org/prop/direct/P1082,http://www.wikidata.org/prop/direct/P1082,5869,,55,2013-01-01T00:00:00Z,,2024-11-30T11:11:08Z
http://www.wikidata.org/entity/Q239421,Nakuru,Geography,http://www.wikidata.org/prop/direct/P1082,http://www.wikidata.org/prop/direct/P1082,307990,,57,2009-01-01T00:00:00Z,,2024-09-06T21:16:28Z
http://www.wikidata.org/entity/Q241122,Comrat,Geography,http://www.wikidata.org/prop/direct/P1082,http://www.wikidata.org/prop/direct/P1082,20113,,62,2014-01-01T00:00:00Z,,2024-10-20T22:39:58Z
http://www.wikidata.org/entity/Q322149,Eldoret,Geography,http://www.wikidata.org/prop/direct/P1082,http://www.wikidata.org/prop/direct/P1082,289380,,49,2009-01-01T00:00:00Z,,2024-10-26T15:52:12Z
http://www.wikidata.org/entity/Q322828,Brčko,Geography,http://www.wikidata.org/prop/direct/P1082,http://www.wikidata.org/prop/direct/P1082,39893,,55,2013-01-01T00:00:00Z,,2024-10-21T13:25:13Z
http://www.wikidata.org/entity/Q323801,Nampula,Geography,http://www.wikidata.org/prop/direct/P1082,http://www.wikidata.org/prop/direct/P1082,743000,,54,2017-01-01T00:00:00Z,,2024-09-18T22:48:42Z
http://www.wikidata.org/entity/Q323986,Prijedor,Geography,http://www.wikidata.org/prop/direct/P1082,http://www.wikidata.org/prop/direct/P1082,89397,,61,2013-01-01T00:00:00Z,,2024-10-03T16:31:15Z
http://www.wikidata.org/entity/Q324880,Proszowice,Geography,http://www.wikidata.org/prop/direct/P1082,http://www.wikidata.org/prop/direct/P1082,5936,,25,2021-03-31T00:00:00Z,,2024-07-19T08:26:41Z
http://www.wikidata.org/entity/Q324888,Sępólno Krajeńskie,Geography,http://www.wikidata.org/prop/direct/P1082,http://www.wikidata.org/prop/direct/P1082,8914,,31,2021-03-31T00:00:00Z,,2024-06-04T15:59:15Z
http://www.wikidata.org/entity/Q324892,Staszów,Geography,http://www.wikidata.org/prop/direct/P1082,http://www.wikidata.org/prop/direct/P1082,14158,,30,2021-03-31T00:00:00Z,,2024-10-21T13:13:38Z
http://www.wikidata.org/entity/Q324903,Poddębice,Geography,http://www.wikidata.org/prop/direct/P1082,http://www.wikidata.org/prop/direct/P1082,6985,,33,2021-03-31T00:00:00Z,,2024-11-25T04:37:32Z
http://www.wikidata.org/entity/Q324907,Wieruszów,Geography,http://www.wikidata.org/prop/direct/P1082,http://www.wikidata.org/prop/direct/P1082,8514,,30,2021-03-31T00:00:00Z,,2024-07-12T07:34:29Z
http://www.wikidata.org/entity/Q324927,Miechów,Geography,http://www.wikidata.org/prop/direct/P1082,http://www.wikidata.org/prop/direct/P1082,11215,,31,2021-03-31T00:00:00Z,,2024-10-10T12:24:07Z
http://www.wikidata.org/entity/Q324934,Kłobuck,Geography,http://www.wikidata.org/prop/direct/P1082,http://www.wikidata.org/prop/direct/P1082,12513,,34,2021-03-31T00:00:00Z,,2024-10-21T18:53:41Z
http://www.wikidata.org/entity/Q324941,Żnin,Geography,http://www.wikidata.org/prop/direct/P1082,http://www.wikidata.org/prop/direct/P1082,13268,,36,2022-06-30T00:00:00Z,,2024-09-07T15:49:35Z
http://www.wikidata.org/entity/Q324971,Dąbrowa Tarnowska,Geography,http://www.wikidata.org/prop/direct/P1082,http://www.wikidata.org/prop/direct/P1082,11549,,37,2021-03-31T00:00:00Z,,2024-11-30T14:23:54Z
http://www.wikidata.org/entity/Q325550,Myślenice,Geography,http://www.wikidata.org/prop/direct/P1082,http://www.wikidata.org/prop/direct/P1082,18051,,31,2021-03-31T00:00:00Z,,2024-07-19T06:52:35Z
http://www.wikidata.org/entity/Q325627,Mogilno,Geography,http://www.wikidata.org/prop/direct/P1082,http://www.wikidata.org/prop/direct/P1082,11453,,32,2021-03-31T00:00:00Z,,2024-06-10T05:41:04Z
http://www.wikidata.org/entity/Q325631,Pajęczno,Geography,http://www.wikidata.org/prop/direct/P1082,http://www.wikidata.org/prop/direct/P1082,6548,,30,2021-03-31T00:00:00Z,,2024-09-27T07:58:23Z
http://www.wikidata.org/entity/Q325910,Tuchola,Geography,http://www.wikidata.org/prop/direct/P1082,http://www.wikidata.org/prop/direct/P1082,13408,,35,2021-03-31T00:00:00Z,,2024-10-01T21:05:41Z
http://www.wikidata.org/entity/Q326142,Trzebiatów,Geography,http://www.wikidata.org/prop/direct/P1082,http://www.wikidata.org/prop/direct/P1082,9591,,37,2021-03-31T00:00:00Z,,2024-11-05T16:57:14Z
http://www.wikidata.org/entity/Q328510,Tindouf,Geography,http://www.wikidata.org/prop/direct/P1082,http://www.wikidata.org/prop/direct/P1082,45610,,53,2008-01-01T00:00:00Z,,2024-11-29T14:34:58Z
http://www.wikidata.org/entity/Q329503,Kalgoorlie,Geography,http://www.wikidata.org/prop/direct/P1082,http://www.wikidata.org/prop/direct/P1082,30841,,46,2011-08-09T00:00:00Z,,2024-10-19T21:13:31Z
http://www.wikidata.org/entity/Q333074,Moundou,Geography,http://www.wikidata.org/prop/direct/P1082,http://www.wikidata.org/prop/direct/P1082,142462,,58,2008-01-01T00:00:00Z,,2024-10-04T06:09:36Z
http://www.wikidata.org/entity/Q335596,Þorlákshöfn,Geography,http://www.wikidata.org/prop/direct/P1082,http://www.wikidata.org/prop/direct/P1082,1651,,27,2018-01-01T00:00:00Z,,2024-07-01T09:34:01Z
http://www.wikidata.org/entity/Q335708,6th of October City,Geography,http://www.wikidata.org/prop/direct/P1082,http://www.wikidata.org/prop/direct/P1082,500000,,37,2014-01-01T00:00:00Z,,2024-09-18T16:53:19Z
http://www.wikidata.org/entity/Q336375,Ropchyce,Geography,http://www.wikidata.org/prop/direct/P1082,http://www.wikidata.org/prop/direct/P1082,15815,,30,2021-03-31T00:00:00Z,,2024-09-30T02:59:57Z
http://www.wikidata.org/entity/Q336448,Ćmielów,Geography,http://www.wikidata.org/prop/direct/P1082,http://www.wikidata.org/prop/direct/P1082,2876,,28,2021-03-31T00:00:00Z,,2024-10-02T06:13:39Z
http://www.wikidata.org/entity/Q384755,Kawartha Lakes,Geography,http://www.wikidata.org/prop/direct/P1082,http://www.wikidata.org/prop/direct/P1082,75423,,29,2016-01-01T00:00:00Z,,2024-09-19T18:31:17Z
http://www.wikidata.org/entity/Q384944,County of Brant,Geography,http://www.wikidata.org/prop/direct/P1082,http://www.wikidata.org/prop/direct/P1082,36707,,23,2016-01-01T00:00:00Z,,2024-09-06T08:12:50Z
http://www.wikidata.org/entity/Q385070,Burriana,Geography,http://www.wikidata.org/prop/direct/P1082,http://www.wikidata.org/prop/direct/P1082,35750,,41,2023-01-01T00:00:00Z,,2024-09-18T00:05:40Z
http://www.wikidata.org/entity/Q385085,Prince Edward County,Geography,http://www.wikidata.org/prop/direct/P1082,http://www.wikidata.org/prop/direct/P1082,24735,,25,2016-01-01T00:00:00Z,,2024-09-06T07:57:01Z
http://www.wikidata.org/entity/Q386626,Pickering,Geography,http://www.wikidata.org/prop/direct/P1082,http://www.wikidata.org/prop/direct/P1082,91771,,36,2016-01-01T00:00:00Z,,2024-10-20T04:28:14Z
http://www.wikidata.org/entity/Q386659,Wolbórz,Geography,http://www.wikidata.org/prop/direct/P1082,http://www.wikidata.org/prop/direct/P1082,2263,,28,2021-03-31T00:00:00Z,,2024-08-23T11:17:44Z
http://www.wikidata.org/entity/Q808981,Barros Blancos,Geography,http://www.wikidata.org/prop/direct/P1082,http://www.wikidata.org/prop/direct/P1082,31650,,23,2011-01-01T00:00:00Z,,2024-12-01T12:05:06Z
http://www.wikidata.org/entity/Q809787,Basarabeasca,Geography,http://www.wikidata.org/prop/direct/P1082,http://www.wikidata.org/prop/direct/P1082,8471,,32,2014-01-01T00:00:00Z,,2024-11-04T12:55:15Z
http://www.wikidata.org/entity/Q809821,Voorburg,Geography,http://www.wikidata.org/prop/direct/P1082,http://www.wikidata.org/prop/direct/P1082,43090,,26,2023-01-01T00:00:00Z,,2024-09-17T20:42:46Z
http://www.wikidata.org/entity/Q811130,Baucau,Geography,http://www.wikidata.org/prop/direct/P1082,http://www.wikidata.org/prop/direct/P1082,14961,,39,2015-01-01T00:00:00Z,,2024-11-19T22:09:50Z
http://www.wikidata.org/entity/Q811144,Bauchi,Geography,http://www.wikidata.org/prop/direct/P1082,http://www.wikidata.org/prop/direct/P1082,693700,,42,2016-01-01T00:00:00Z,,2024-11-24T21:00:27Z
http://www.wikidata.org/entity/Q812706,Baía Farta,Geography,http://www.wikidata.org/prop/direct/P1082,http://www.wikidata.org/prop/direct/P1082,107841,,23,2014-01-01T00:00:00Z,,2024-09-06T21:06:22Z
http://www.wikidata.org/entity/Q814922,Beitbridge,Geography,http://www.wikidata.org/prop/direct/P1082,http://www.wikidata.org/prop/direct/P1082,41767,,27,2012-01-01T00:00:00Z,,2024-07-11T04:44:48Z
http://www.wikidata.org/entity/Q815782,Bella Unión,Geography,http://www.wikidata.org/prop/direct/P1082,http://www.wikidata.org/prop/direct/P1082,19100,,23,2011-01-01T00:00:00Z,,2024-09-10T03:40:22Z
http://www.wikidata.org/entity/Q816699,Culemborg,Geography,http://www.wikidata.org/prop/direct/P1082,http://www.wikidata.org/prop/direct/P1082,29121,,48,2021-01-01T00:00:00Z,,2024-09-17T12:05:36Z
http://www.wikidata.org/entity/Q816845,Irapuato,Geography,http://www.wikidata.org/prop/direct/P1082,http://www.wikidata.org/prop/direct/P1082,592953,,43,2020-01-01T00:00:00Z,,2024-09-07T16:16:02Z
http://www.wikidata.org/entity/Q817247,Dwarka,Geography,http://www.wikidata.org/prop/direct/P1082,http://www.wikidata.org/prop/direct/P1082,38873,,48,2011-01-01T00:00:00Z,,2024-09-29T04:26:44Z
http://www.wikidata.org/entity/Q817578,Kuantan,Geography,http://www.wikidata.org/prop/direct/P1082,http://www.wikidata.org/prop/direct/P1082,607778,,52,2010-01-01T00:00:00Z,,2024-11-20T02:44:03Z
http://www.wikidata.org/entity/Q818403,Sokółka,Geography,http://www.wikidata.org/prop/direct/P1082,http://www.wikidata.org/prop/direct/P1082,17616,,39,2021-03-31T00:00:00Z,,2024-10-10T16:10:23Z
http://www.wikidata.org/entity/Q818765,Shinyanga,Geography,http://www.wikidata.org/prop/direct/P1082,http://www.wikidata.org/prop/direct/P1082,107362,,36,2010-01-01T00:00:00Z,,2024-11-23T08:48:44Z
http://www.wikidata.org/entity/Q1016289,Tarata,Geography,http://www.wikidata.org/prop/direct/P1082,http://www.wikidata.org/prop/direct/P1082,3323,,19,2001-01-01T00:00:00Z,,2024-07-15T20:06:34Z
http://www.wikidata.org/entity/Q1016873,Cruz del Eje,Geography,http://www.wikidata.org/prop/direct/P1082,http://www.wikidata.org/prop/direct/P1082,30680,,14,2010-01-01T00:00:00Z,,2024-10-22T01:00:44Z
http://www.wikidata.org/entity/Q1016881,Marcos Juárez,Geography,http://www.wikidata.org/prop/direct/P1082,http://www.wikidata.org/prop/direct/P1082,27004,,15,2010-01-01T00:00:00Z,,2024-10-22T01:00:45Z
http://www.wikidata.org/entity/Q1861,Bangkok,Geography,http://www.wikidata.org/prop/direct/P1082,http://www.wikidata.org/prop/direct/P1082,5676648,,251,2018-12-31T00:00:00Z,,2024-11-21T03:31:04Z
http://www.wikidata.org/entity/Q1017208,Burzaco,Geography,http://www.wikidata.org/prop/direct/P1082,http://www.wikidata.org/prop/direct/P1082,98859,,23,2010-01-01T00:00:00Z,,2024-11-25T06:28:53Z
http://www.wikidata.org/entity/Q1017331,Westport,Geography,http://www.wikidata.org/prop/direct/P1082,http://www.wikidata.org/prop/direct/P1082,6198,,34,2016-01-01T00:00:00Z,,2024-09-17T12:16:08Z
http://www.wikidata.org/entity/Q1017358,Kavieng,Geography,http://www.wikidata.org/prop/direct/P1082,http://www.wikidata.org/prop/direct/P1082,19849,,26,2012-01-01T00:00:00Z,,2024-06-10T17:15:31Z
http://www.wikidata.org/entity/Q1017362,Mount Hagen,Geography,http://www.wikidata.org/prop/direct/P1082,http://www.wikidata.org/prop/direct/P1082,29765,,27,2011-07-10T00:00:00Z,,2024-06-10T17:13:54Z
http://www.wikidata.org/entity/Q1017387,Rocha,Geography,http://www.wikidata.org/prop/direct/P1082,http://www.wikidata.org/prop/direct/P1082,25422,,40,2011-01-01T00:00:00Z,,2024-09-30T02:54:21Z
http://www.wikidata.org/entity/Q1017554,Monte Grande,Geography,http://www.wikidata.org/prop/direct/P1082,http://www.wikidata.org/prop/direct/P1082,109644,,19,2001-01-01T00:00:00Z,,2024-10-22T01:00:52Z
http://www.wikidata.org/entity/Q1017594,Merlo,Geography,http://www.wikidata.org/prop/direct/P1082,http://www.wikidata.org/prop/direct/P1082,244168,,30,2001-01-01T00:00:00Z,,2024-09-24T22:59:41Z
http://www.wikidata.org/entity/Q1017624,Portage la Prairie,Geography,http://www.wikidata.org/prop/direct/P1082,http://www.wikidata.org/prop/direct/P1082,13304,,34,2016-01-01T00:00:00Z,,2024-08-04T06:45:12Z
http://www.wikidata.org/entity/Q1017637,Nawabshah,Geography,http://www.wikidata.org/prop/direct/P1082,http://www.wikidata.org/prop/direct/P1082,263102,,32,2017-01-01T00:00:00Z,,2024-06-04T14:31:28Z
http://www.wikidata.org/entity/Q1017644,Chaman,Geography,http://www.wikidata.org/prop/direct/P1082,http://www.wikidata.org/prop/direct/P1082,107660,,33,2017-01-01T00:00:00Z,,2024-06-04T14:31:29Z
http://www.wikidata.org/entity/Q1017651,Chiniot,Geography,http://www.wikidata.org/prop/direct/P1082,http://www.wikidata.org/prop/direct/P1082,477781,,33,2012-01-01T00:00:00Z,,2024-11-24T09:55:28Z
http://www.wikidata.org/entity/Q1017673,Isa Town,Geography,http://www.wikidata.org/prop/direct/P1082,http://www.wikidata.org/prop/direct/P1082,61293,,31,2012-01-01T00:00:00Z,,2024-09-17T16:11:51Z
http://www.wikidata.org/entity/Q1017696,Jacobabad,Geography,http://www.wikidata.org/prop/direct/P1082,http://www.wikidata.org/prop/direct/P1082,200815,,33,2017-01-01T00:00:00Z,,2024-04-13T09:37:44Z
http://www.wikidata.org/entity/Q1017735,Owen Sound,Geography,http://www.wikidata.org/prop/direct/P1082,http://www.wikidata.org/prop/direct/P1082,21612,,27,2021-01-01T00:00:00Z,,2024-10-29T03:10:05Z
http://www.wikidata.org/entity/Q1018092,Usulután,Geography,http://www.wikidata.org/prop/direct/P1082,http://www.wikidata.org/prop/direct/P1082,73064,,34,2007-01-01T00:00:00Z,,2024-07-13T12:51:18Z
http://www.wikidata.org/entity/Q1018116,Ruyigi,Geography,http://www.wikidata.org/prop/direct/P1082,http://www.wikidata.org/prop/direct/P1082,7139,,31,2008-01-01T00:00:00Z,,2024-09-06T21:09:08Z
http://www.wikidata.org/entity/Q1018163,Myeik,Geography,http://www.wikidata.org/prop/direct/P1082,http://www.wikidata.org/prop/direct/P1082,222056,,32,2014-01-01T00:00:00Z,,2024-10-27T12:35:51Z
http://www.wikidata.org/entity/Q1018173,Sagaing,Geography,http://www.wikidata.org/prop/direct/P1082,http://www.wikidata.org/prop/direct/P1082,69917,,33,2011-01-01T00:00:00Z,,2024-10-16T15:30:02Z
http://www.wikidata.org/entity/Q1018201,Norak,Geography,http://www.wikidata.org/prop/direct/P1082,http://www.wikidata.org/prop/direct/P1082,18950,,28,2016-01-01T00:00:00Z,,2024-11-07T18:34:26Z
http://www.wikidata.org/entity/Q1018215,Yafran,Geography,http://www.wikidata.org/prop/direct/P1082,http://www.wikidata.org/prop/direct/P1082,72662,,26,2007-01-01T00:00:00Z,,2024-09-06T21:19:33Z
http://www.wikidata.org/entity/Q1018271,Estevan,Geography,http://www.wikidata.org/prop/direct/P1082,http://www.wikidata.org/prop/direct/P1082,11483,,23,2016-01-01T00:00:00Z,,2024-09-06T08:39:40Z
http://www.wikidata.org/entity/Q1018369,Corriverton,Geography,http://www.wikidata.org/prop/direct/P1082,http://www.wikidata.org/prop/direct/P1082,11574,,21,2002-01-01T00:00:00Z,,2024-05-31T12:45:51Z
http://www.wikidata.org/entity/Q3602,Andacollo,Geography,http://www.wikidata.org/prop/direct/P1082,http://www.wikidata.org/prop/direct/P1082,11044,,25,2017-01-01T00:00:00Z,,2024-05-31T09:42:11Z
http://www.wikidata.org/entity/Q13077,Hualpén,Geography,http://www.wikidata.org/prop/direct/P1082,http://www.wikidata.org/prop/direct/P1082,91773,,44,2017-01-01T00:00:00Z,,2024-11-17T13:17:11Z
http://www.wikidata.org/entity/Q13367,Forlì,Geography,http://www.wikidata.org/prop/direct/P1082,http://www.wikidata.org/prop/direct/P1082,116440,,96,2023-01-01T00:00:00Z,,2024-07-26T17:51:55Z
http://www.wikidata.org/entity/Q24341,Talkalakh,Geography,http://www.wikidata.org/prop/direct/P1082,http://www.wikidata.org/prop/direct/P1082,35445,,20,2013-01-01T00:00:00Z,,2024-06-04T17:20:53Z
http://www.wikidata.org/entity/Q26155,Jounieh,Geography,http://www.wikidata.org/prop/direct/P1082,http://www.wikidata.org/prop/direct/P1082,102221,,46,2012-01-01T00:00:00Z,,2024-08-19T03:55:55Z
http://www.wikidata.org/entity/Q207098,Ghaziabad,Geography,http://www.wikidata.org/prop/direct/P1082,http://www.wikidata.org/prop/direct/P1082,2375820,,73,2011-01-01T00:00:00Z,,2024-11-28T08:54:00Z
http://www.wikidata.org/entity/Q207223,Drogheda,Geography,http://www.wikidata.org/prop/direct/P1082,http://www.wikidata.org/prop/direct/P1082,40956,,52,2016-01-01T00:00:00Z,,2024-10-16T15:31:07Z
http://www.wikidata.org/entity/Q207324,Cuttack,Geography,http://www.wikidata.org/prop/direct/P1082,http://www.wikidata.org/prop/direct/P1082,606007,,67,2011-01-01T00:00:00Z,,2024-11-06T12:18:08Z
http://www.wikidata.org/entity/Q216363,Rîbnița,Geography,http://www.wikidata.org/prop/direct/P1082,http://www.wikidata.org/prop/direct/P1082,56988,,46,2004-01-01T00:00:00Z,,2024-08-28T20:54:56Z
http://www.wikidata.org/entity/Q216638,Wakefield,Geography,http://www.wikidata.org/prop/direct/P1082,http://www.wikidata.org/prop/direct/P1082,99251,,55,2011-01-01T00:00:00Z,,2024-10-19T10:23:49Z
http://www.wikidata.org/entity/Q216835,Cap-Haïtien,Geography,http://www.wikidata.org/prop/direct/P1082,http://www.wikidata.org/prop/direct/P1082,190289,,49,2013-01-01T00:00:00Z,,2024-10-21T22:39:00Z
http://www.wikidata.org/entity/Q216847,Cúcuta,Geography,http://www.wikidata.org/prop/direct/P1082,http://www.wikidata.org/prop/direct/P1082,806378,,73,2023-01-01T00:00:00Z,,2024-10-26T21:58:34Z
http://www.wikidata.org/entity/Q216990,Blida,Geography,http://www.wikidata.org/prop/direct/P1082,http://www.wikidata.org/prop/direct/P1082,163586,,60,2008-01-01T00:00:00Z,,2024-11-19T12:56:54Z
http://www.wikidata.org/entity/Q238217,Daraa,Geography,http://www.wikidata.org/prop/direct/P1082,http://www.wikidata.org/prop/direct/P1082,107500,,63,2010-01-01T00:00:00Z,,2024-08-29T05:47:38Z
http://www.wikidata.org/entity/Q238452,Arish,Geography,http://www.wikidata.org/prop/direct/P1082,http://www.wikidata.org/prop/direct/P1082,164830,,53,2012-01-01T00:00:00Z,,2024-06-04T13:59:55Z
http://www.wikidata.org/entity/Q238508,Gurgaon,Geography,http://www.wikidata.org/prop/direct/P1082,http://www.wikidata.org/prop/direct/P1082,876824,,65,2011-01-01T00:00:00Z,,2024-06-04T16:46:07Z
http://www.wikidata.org/entity/Q239107,Edfu,Geography,http://www.wikidata.org/prop/direct/P1082,http://www.wikidata.org/prop/direct/P1082,133772,,58,2012-11-11T00:00:00Z,,2024-10-04T10:07:10Z
http://www.wikidata.org/entity/Q242059,Andrijevica,Geography,http://www.wikidata.org/prop/direct/P1082,http://www.wikidata.org/prop/direct/P1082,1048,,39,2011-04-01T00:00:00Z,,2024-09-23T08:54:53Z
http://www.wikidata.org/entity/Q1735,Innsbruck,Geography,http://www.wikidata.org/prop/direct/P1082,http://www.wikidata.org/prop/direct/P1082,130585,,144,2022-01-01T00:00:00Z,,2024-11-29T11:08:11Z
http://www.wikidata.org/entity/Q242144,Bhilai,Geography,http://www.wikidata.org/prop/direct/P1082,http://www.wikidata.org/prop/direct/P1082,625700,,60,2011-01-01T00:00:00Z,,2024-11-15T23:56:56Z
http://www.wikidata.org/entity/Q242587,Abéché,Geography,http://www.wikidata.org/prop/direct/P1082,http://www.wikidata.org/prop/direct/P1082,76492,,57,2012-01-01T00:00:00Z,,2024-10-27T12:21:32Z
http://www.wikidata.org/entity/Q242995,Jhansi,Geography,http://www.wikidata.org/prop/direct/P1082,http://www.wikidata.org/prop/direct/P1082,507000,,72,2011-01-01T00:00:00Z,,2024-10-20T05:43:00Z
http://www.wikidata.org/entity/Q243319,Morogoro,Geography,http://www.wikidata.org/prop/direct/P1082,http://www.wikidata.org/prop/direct/P1082,207000,,54,2002-01-01T00:00:00Z,,2024-11-24T16:42:50Z
http://www.wikidata.org/entity/Q243325,Khulna,Geography,http://www.wikidata.org/prop/direct/P1082,http://www.wikidata.org/prop/direct/P1082,1400689,,63,2007-01-01T00:00:00Z,,2024-10-22T13:17:59Z
http://www.wikidata.org/entity/Q319476,Cumaná,Geography,http://www.wikidata.org/prop/direct/P1082,http://www.wikidata.org/prop/direct/P1082,374706,,49,2013-01-01T00:00:00Z,,2024-09-19T11:49:17Z
http://www.wikidata.org/entity/Q320704,Benin City,Geography,http://www.wikidata.org/prop/direct/P1082,http://www.wikidata.org/prop/direct/P1082,1147188,,67,2006-01-01T00:00:00Z,,2024-11-25T00:18:41Z
http://www.wikidata.org/entity/Q321475,Kollam,Geography,http://www.wikidata.org/prop/direct/P1082,http://www.wikidata.org/prop/direct/P1082,397419,,63,2011-01-01T00:00:00Z,,2024-06-04T16:44:44Z
http://www.wikidata.org/entity/Q769631,Drohiczyn,Geography,http://www.wikidata.org/prop/direct/P1082,http://www.wikidata.org/prop/direct/P1082,1848,,32,2021-03-31T00:00:00Z,,2024-09-04T06:57:28Z
http://www.wikidata.org/entity/Q770447,Tissemsilt,Geography,http://www.wikidata.org/prop/direct/P1082,http://www.wikidata.org/prop/direct/P1082,75197,,33,2008-01-01T00:00:00Z,,2024-11-29T00:42:39Z
http://www.wikidata.org/entity/Q1842,Luxembourg,Geography,http://www.wikidata.org/prop/direct/P1082,http://www.wikidata.org/prop/direct/P1082,134697,,166,2024-01-01T00:00:00Z,,2024-11-18T03:59:00Z
http://www.wikidata.org/entity/Q6855,Lörrach,Geography,http://www.wikidata.org/prop/direct/P1082,http://www.wikidata.org/prop/direct/P1082,50670,,60,2023-12-31T00:00:00Z,,2024-11-17T15:22:35Z
http://www.wikidata.org/entity/Q9279,Bandar Seri Begawan,Geography,http://www.wikidata.org/prop/direct/P1082,http://www.wikidata.org/prop/direct/P1082,50000,,153,2015-01-01T00:00:00Z,,2024-10-31T03:50:33Z
http://www.wikidata.org/entity/Q11864,Junagadh,Geography,http://www.wikidata.org/prop/direct/P1082,http://www.wikidata.org/prop/direct/P1082,320250,,59,2011-01-01T00:00:00Z,,2024-10-04T09:28:12Z
http://www.wikidata.org/entity/Q11910,Gandhinagar,Geography,http://www.wikidata.org/prop/direct/P1082,http://www.wikidata.org/prop/direct/P1082,195891,,83,2001-01-01T00:00:00Z,,2024-09-19T19:06:43Z
http://www.wikidata.org/entity/Q11909,Vadodara,Geography,http://www.wikidata.org/prop/direct/P1082,http://www.wikidata.org/prop/direct/P1082,2065771,,86,2011-01-01T00:00:00Z,,2024-09-10T07:04:57Z
http://www.wikidata.org/entity/Q12919,Majuro,Geography,http://www.wikidata.org/prop/direct/P1082,http://www.wikidata.org/prop/direct/P1082,30000,,120,2008-01-01T00:00:00Z,,2024-11-25T06:19:15Z
http://www.wikidata.org/entity/Q15865,Domžale,Geography,http://www.wikidata.org/prop/direct/P1082,http://www.wikidata.org/prop/direct/P1082,13222,,45,2023-01-01T00:00:00Z,,2024-08-28T22:42:34Z
http://www.wikidata.org/entity/Q27119,Kolding,Geography,http://www.wikidata.org/prop/direct/P1082,http://www.wikidata.org/prop/direct/P1082,58757,,71,2015-01-01T00:00:00Z,,2024-11-20T21:30:23Z
http://www.wikidata.org/entity/Q27176,Al Bahah,Geography,http://www.wikidata.org/prop/direct/P1082,http://www.wikidata.org/prop/direct/P1082,21983,,38,2010-01-01T00:00:00Z,,2024-11-27T13:38:31Z
http://www.wikidata.org/entity/Q27176,Al Bahah,Geography,http://www.wikidata.org/prop/direct/P1082,http://www.wikidata.org/prop/direct/P1082,95089,,38,2010-01-01T00:00:00Z,,2024-11-27T13:38:31Z
http://www.wikidata.org/entity/Q27176,Al Bahah,Geography,http://www.wikidata.org/prop/direct/P1082,http://www.wikidata.org/prop/direct/P1082,73106,,38,2010-01-01T00:00:00Z,,2024-11-27T13:38:31Z
http://www.wikidata.org/entity/Q27223,Dhurma,Geography,http://www.wikidata.org/prop/direct/P1082,http://www.wikidata.org/prop/direct/P1082,11461,,11,2010-01-01T00:00:00Z,,2024-09-18T05:17:46Z
http://www.wikidata.org/entity/Q27223,Dhurma,Geography,http://www.wikidata.org/prop/direct/P1082,http://www.wikidata.org/prop/direct/P1082,8603,,11,2010-01-01T00:00:00Z,,2024-09-18T05:17:46Z
http://www.wikidata.org/entity/Q27223,Dhurma,Geography,http://www.wikidata.org/prop/direct/P1082,http://www.wikidata.org/prop/direct/P1082,2858,,11,2010-01-01T00:00:00Z,,2024-09-18T05:17:46Z
http://www.wikidata.org/entity/Q27242,Al-Ula,Geography,http://www.wikidata.org/prop/direct/P1082,http://www.wikidata.org/prop/direct/P1082,32413,,33,2010-01-01T00:00:00Z,,2024-10-27T02:38:00Z
http://www.wikidata.org/entity/Q27242,Al-Ula,Geography,http://www.wikidata.org/prop/direct/P1082,http://www.wikidata.org/prop/direct/P1082,6605,,33,2010-01-01T00:00:00Z,,2024-10-27T02:38:00Z
http://www.wikidata.org/entity/Q27242,Al-Ula,Geography,http://www.wikidata.org/prop/direct/P1082,http://www.wikidata.org/prop/direct/P1082,25808,,33,2010-01-01T00:00:00Z,,2024-10-27T02:38:00Z
http://www.wikidata.org/entity/Q27359,Al Majma'ah,Geography,http://www.wikidata.org/prop/direct/P1082,http://www.wikidata.org/prop/direct/P1082,35678,,17,2010-01-01T00:00:00Z,,2024-09-18T05:17:44Z
http://www.wikidata.org/entity/Q27359,Al Majma'ah,Geography,http://www.wikidata.org/prop/direct/P1082,http://www.wikidata.org/prop/direct/P1082,47743,,17,2010-01-01T00:00:00Z,,2024-09-18T05:17:44Z
http://www.wikidata.org/entity/Q27359,Al Majma'ah,Geography,http://www.wikidata.org/prop/direct/P1082,http://www.wikidata.org/prop/direct/P1082,12065,,17,2010-01-01T00:00:00Z,,2024-09-18T05:17:44Z
http://www.wikidata.org/entity/Q27393,Herning,Geography,http://www.wikidata.org/prop/direct/P1082,http://www.wikidata.org/prop/direct/P1082,44557,,63,2018-01-01T00:00:00Z,,2024-10-29T09:40:47Z
http://www.wikidata.org/entity/Q38807,Suva,Geography,http://www.wikidata.org/prop/direct/P1082,http://www.wikidata.org/prop/direct/P1082,88271,,133,2009-01-01T00:00:00Z,,2024-11-11T03:59:30Z
http://www.wikidata.org/entity/Q39578,Qormi,Geography,http://www.wikidata.org/prop/direct/P1082,http://www.wikidata.org/prop/direct/P1082,93897,,44,2014-03-01T00:00:00Z,,2024-08-02T10:56:29Z
http://www.wikidata.org/entity/Q209393,Ghat,Geography,http://www.wikidata.org/prop/direct/P1082,http://www.wikidata.org/prop/direct/P1082,22000,,38,2011-01-01T00:00:00Z,,2024-09-06T21:18:25Z
http://www.wikidata.org/entity/Q210307,Ciudad Nezahualcóyotl,Geography,http://www.wikidata.org/prop/direct/P1082,http://www.wikidata.org/prop/direct/P1082,1072676,,55,2020-01-01T00:00:00Z,,2024-08-23T22:08:14Z
http://www.wikidata.org/entity/Q210985,Chelmsford,Geography,http://www.wikidata.org/prop/direct/P1082,http://www.wikidata.org/prop/direct/P1082,115369,,67,2016-01-01T00:00:00Z,,2024-11-07T16:31:46Z
http://www.wikidata.org/entity/Q211195,Plav,Geography,http://www.wikidata.org/prop/direct/P1082,http://www.wikidata.org/prop/direct/P1082,13805,,44,2003-01-01T00:00:00Z,,2024-08-28T20:54:35Z
http://www.wikidata.org/entity/Q211218,Aasiaat,Geography,http://www.wikidata.org/prop/direct/P1082,http://www.wikidata.org/prop/direct/P1082,3069,,52,2020-01-01T00:00:00Z,,2024-10-22T10:31:16Z
http://www.wikidata.org/entity/Q211343,Pljevlja,Geography,http://www.wikidata.org/prop/direct/P1082,http://www.wikidata.org/prop/direct/P1082,19136,,50,2011-01-01T00:00:00Z,,2024-09-03T07:35:51Z
http://www.wikidata.org/entity/Q211760,Culiacán,Geography,http://www.wikidata.org/prop/direct/P1082,http://www.wikidata.org/prop/direct/P1082,808416,,68,2020-01-01T00:00:00Z,,2024-11-11T05:58:02Z
http://www.wikidata.org/entity/Q451850,Musumba,Geography,http://www.wikidata.org/prop/direct/P1082,http://www.wikidata.org/prop/direct/P1082,96957,,7,2007-01-01T00:00:00Z,,2024-05-31T11:01:14Z
http://www.wikidata.org/entity/Q768689,Pieniężno,Geography,http://www.wikidata.org/prop/direct/P1082,http://www.wikidata.org/prop/direct/P1082,2490,,25,2021-03-31T00:00:00Z,,2024-09-22T22:31:06Z
http://www.wikidata.org/entity/Q769578,Linstead,Geography,http://www.wikidata.org/prop/direct/P1082,http://www.wikidata.org/prop/direct/P1082,22757,,12,2010-01-01T00:00:00Z,,2024-07-16T17:05:42Z
http://www.wikidata.org/entity/Q770309,Cúa,Geography,http://www.wikidata.org/prop/direct/P1082,http://www.wikidata.org/prop/direct/P1082,214823,,20,2017-01-01T00:00:00Z,,2024-09-10T03:45:16Z
http://www.wikidata.org/entity/Q770518,Boumerdès,Geography,http://www.wikidata.org/prop/direct/P1082,http://www.wikidata.org/prop/direct/P1082,41685,,34,2008-01-01T00:00:00Z,,2024-11-19T10:03:08Z
http://www.wikidata.org/entity/Q770653,El Taref,Geography,http://www.wikidata.org/prop/direct/P1082,http://www.wikidata.org/prop/direct/P1082,25594,,32,2008-01-01T00:00:00Z,,2024-11-19T13:23:02Z
http://www.wikidata.org/entity/Q771267,Old Harbour,Geography,http://www.wikidata.org/prop/direct/P1082,http://www.wikidata.org/prop/direct/P1082,28665,,7,2010-01-01T00:00:00Z,,2024-05-31T12:14:40Z
http://www.wikidata.org/entity/Q771345,Helwan,Geography,http://www.wikidata.org/prop/direct/P1082,http://www.wikidata.org/prop/direct/P1082,619293,,43,2023-01-11T00:00:00Z,,2024-10-29T09:54:06Z
http://www.wikidata.org/entity/Q771907,Harem,Geography,http://www.wikidata.org/prop/direct/P1082,http://www.wikidata.org/prop/direct/P1082,21934,,21,2008-01-01T00:00:00Z,,2024-09-06T20:14:34Z
http://www.wikidata.org/entity/Q772458,Połczyn-Zdrój,Geography,http://www.wikidata.org/prop/direct/P1082,http://www.wikidata.org/prop/direct/P1082,7469,,27,2021-03-31T00:00:00Z,,2024-11-18T06:41:18Z
http://www.wikidata.org/entity/Q773764,Juticalpa,Geography,http://www.wikidata.org/prop/direct/P1082,http://www.wikidata.org/prop/direct/P1082,124828,,29,2013-01-01T00:00:00Z,,2024-09-26T12:58:29Z
http://www.wikidata.org/entity/Q774405,La Chorrera,Geography,http://www.wikidata.org/prop/direct/P1082,http://www.wikidata.org/prop/direct/P1082,68896,,26,2010-01-01T00:00:00Z,,2024-09-07T06:01:02Z
http://www.wikidata.org/entity/Q776418,Brzostek,Geography,http://www.wikidata.org/prop/direct/P1082,http://www.wikidata.org/prop/direct/P1082,2722,,25,2021-03-31T00:00:00Z,,2024-09-25T14:02:16Z
http://www.wikidata.org/entity/Q776499,Końskie,Geography,http://www.wikidata.org/prop/direct/P1082,http://www.wikidata.org/prop/direct/P1082,18201,,32,2021-03-31T00:00:00Z,,2024-10-21T09:51:23Z
http://www.wikidata.org/entity/Q776930,Peterborough,Geography,http://www.wikidata.org/prop/direct/P1082,http://www.wikidata.org/prop/direct/P1082,81032,,41,2016-01-01T00:00:00Z,,2024-09-06T08:03:58Z
http://www.wikidata.org/entity/Q777028,Thaba-Tseka,Geography,http://www.wikidata.org/prop/direct/P1082,http://www.wikidata.org/prop/direct/P1082,5423,,24,2005-01-01T00:00:00Z,,2024-05-31T10:16:33Z
http://www.wikidata.org/entity/Q777091,Sośnicowice,Geography,http://www.wikidata.org/prop/direct/P1082,http://www.wikidata.org/prop/direct/P1082,1940,,25,2021-03-31T00:00:00Z,,2024-10-14T11:41:21Z
http://www.wikidata.org/entity/Q777169,Tarnogród,Geography,http://www.wikidata.org/prop/direct/P1082,http://www.wikidata.org/prop/direct/P1082,3207,,29,2021-03-31T00:00:00Z,,2024-09-03T14:43:30Z
http://www.wikidata.org/entity/Q777802,Czerwieńsk,Geography,http://www.wikidata.org/prop/direct/P1082,http://www.wikidata.org/prop/direct/P1082,3907,,23,2021-03-31T00:00:00Z,,2024-10-07T08:32:43Z
http://www.wikidata.org/entity/Q778941,Montemorelos,Geography,http://www.wikidata.org/prop/direct/P1082,http://www.wikidata.org/prop/direct/P1082,299364,,26,2005-01-01T00:00:00Z,,2024-11-08T20:37:27Z
http://www.wikidata.org/entity/Q780534,Sumbe,Geography,http://www.wikidata.org/prop/direct/P1082,http://www.wikidata.org/prop/direct/P1082,279968,,40,2014-01-01T00:00:00Z,,2024-09-06T21:06:41Z
http://www.wikidata.org/entity/Q780771,Escuintla,Geography,http://www.wikidata.org/prop/direct/P1082,http://www.wikidata.org/prop/direct/P1082,170280,,37,2022-01-01T00:00:00Z,,2024-10-12T14:03:36Z
http://www.wikidata.org/entity/Q780815,Cliza,Geography,http://www.wikidata.org/prop/direct/P1082,http://www.wikidata.org/prop/direct/P1082,6534,,15,2001-01-01T00:00:00Z,,2024-09-27T07:23:32Z
http://www.wikidata.org/entity/Q782743,Chinhoyi,Geography,http://www.wikidata.org/prop/direct/P1082,http://www.wikidata.org/prop/direct/P1082,56794,,32,2002-01-01T00:00:00Z,,2024-11-14T07:22:26Z
http://www.wikidata.org/entity/Q782857,Cyangugu,Geography,http://www.wikidata.org/prop/direct/P1082,http://www.wikidata.org/prop/direct/P1082,27416,,30,2012-01-01T00:00:00Z,,2024-10-06T11:35:57Z
http://www.wikidata.org/entity/Q783749,Vale,Geography,http://www.wikidata.org/prop/direct/P1082,http://www.wikidata.org/prop/direct/P1082,5148,,31,2023-01-01T00:00:00Z,,2024-07-19T18:49:23Z
http://www.wikidata.org/entity/Q786124,Fushë Kosova,Geography,http://www.wikidata.org/prop/direct/P1082,http://www.wikidata.org/prop/direct/P1082,12919,,33,2011-01-01T00:00:00Z,,2024-11-01T16:06:23Z
http://www.wikidata.org/entity/Q787824,Borovnica,Geography,http://www.wikidata.org/prop/direct/P1082,http://www.wikidata.org/prop/direct/P1082,2674,,23,2020-01-01T00:00:00Z,,2024-09-03T10:21:40Z
http://www.wikidata.org/entity/Q1020490,Mirpur Khas,Geography,http://www.wikidata.org/prop/direct/P1082,http://www.wikidata.org/prop/direct/P1082,236961,,33,2017-01-01T00:00:00Z,,2024-06-04T17:14:26Z
http://www.wikidata.org/entity/Q1020762,Izamal,Geography,http://www.wikidata.org/prop/direct/P1082,http://www.wikidata.org/prop/direct/P1082,16195,,23,2010-01-01T00:00:00Z,,2024-10-26T21:37:17Z
http://www.wikidata.org/entity/Q1020776,Cuernavaca,Geography,http://www.wikidata.org/prop/direct/P1082,http://www.wikidata.org/prop/direct/P1082,68463,,43,2010-01-01T00:00:00Z,,2024-11-26T02:27:14Z
http://www.wikidata.org/entity/Q1020785,Tepoztlán,Geography,http://www.wikidata.org/prop/direct/P1082,http://www.wikidata.org/prop/direct/P1082,14130,,26,2010-01-01T00:00:00Z,,2024-08-23T20:13:00Z
http://www.wikidata.org/entity/Q1020969,Tupambaé,Geography,http://www.wikidata.org/prop/direct/P1082,http://www.wikidata.org/prop/direct/P1082,1122,,13,2011-01-01T00:00:00Z,,2024-05-31T11:03:53Z
http://www.wikidata.org/entity/Q1020997,Wadi Al-Seer,Geography,http://www.wikidata.org/prop/direct/P1082,http://www.wikidata.org/prop/direct/P1082,152000,,21,2011-01-01T00:00:00Z,,2024-06-04T13:40:54Z
http://www.wikidata.org/entity/Q1021013,Jaʿār,Geography,http://www.wikidata.org/prop/direct/P1082,http://www.wikidata.org/prop/direct/P1082,29495,,13,2004-01-01T00:00:00Z,,2024-06-29T08:13:20Z
http://www.wikidata.org/entity/Q1021223,Kamień Krajeński,Geography,http://www.wikidata.org/prop/direct/P1082,http://www.wikidata.org/prop/direct/P1082,2358,,25,2021-03-31T00:00:00Z,,2024-07-01T06:16:50Z
http://www.wikidata.org/entity/Q1021263,Chociwel,Geography,http://www.wikidata.org/prop/direct/P1082,http://www.wikidata.org/prop/direct/P1082,3041,,26,2021-03-31T00:00:00Z,,2024-09-13T13:59:49Z
http://www.wikidata.org/entity/Q1021272,Okonek,Geography,http://www.wikidata.org/prop/direct/P1082,http://www.wikidata.org/prop/direct/P1082,3686,,26,2021-03-31T00:00:00Z,,2024-08-17T19:49:57Z
http://www.wikidata.org/entity/Q1021282,Nowy Staw,Geography,http://www.wikidata.org/prop/direct/P1082,http://www.wikidata.org/prop/direct/P1082,4101,,25,2021-03-31T00:00:00Z,,2024-10-24T10:35:26Z
http://www.wikidata.org/entity/Q1021286,Suchań,Geography,http://www.wikidata.org/prop/direct/P1082,http://www.wikidata.org/prop/direct/P1082,1403,,25,2021-03-31T00:00:00Z,,2024-06-06T08:30:05Z
http://www.wikidata.org/entity/Q1021638,Port Mathurin,Geography,http://www.wikidata.org/prop/direct/P1082,http://www.wikidata.org/prop/direct/P1082,5929,,23,2008-01-01T00:00:00Z,,2024-10-12T09:43:12Z
http://www.wikidata.org/entity/Q1021800,Leskovik,Geography,http://www.wikidata.org/prop/direct/P1082,http://www.wikidata.org/prop/direct/P1082,2655,,27,2012-06-10T00:00:00Z,,2024-09-10T01:24:11Z
http://www.wikidata.org/entity/Q1021903,Chivhu,Geography,http://www.wikidata.org/prop/direct/P1082,http://www.wikidata.org/prop/direct/P1082,10263,,15,2007-01-01T00:00:00Z,,2024-10-14T12:57:43Z
http://www.wikidata.org/entity/Q1022131,Rîșcani,Geography,http://www.wikidata.org/prop/direct/P1082,http://www.wikidata.org/prop/direct/P1082,9259,,25,2014-01-01T00:00:00Z,,2024-11-26T12:45:55Z
http://www.wikidata.org/entity/Q1022152,Chavuma,Geography,http://www.wikidata.org/prop/direct/P1082,http://www.wikidata.org/prop/direct/P1082,4652,,12,2010-10-16T00:00:00Z,,2024-05-31T11:01:34Z
http://www.wikidata.org/entity/Q1022170,Chokwe,Geography,http://www.wikidata.org/prop/direct/P1082,http://www.wikidata.org/prop/direct/P1082,63695,,20,2017-01-01T00:00:00Z,,2024-05-31T10:36:34Z
http://www.wikidata.org/entity/Q1022481,Taibe,Geography,http://www.wikidata.org/prop/direct/P1082,http://www.wikidata.org/prop/direct/P1082,43100,,30,2018-12-31T00:00:00Z,,2024-11-23T07:56:50Z
http://www.wikidata.org/entity/Q3748,Monrovia,Geography,http://www.wikidata.org/prop/direct/P1082,http://www.wikidata.org/prop/direct/P1082,1021762,,156,2008-01-01T00:00:00Z,,2024-11-11T07:55:18Z
http://www.wikidata.org/entity/Q3753,Cañete,Geography,http://www.wikidata.org/prop/direct/P1082,http://www.wikidata.org/prop/direct/P1082,34537,,30,2017-01-01T00:00:00Z,,2024-09-06T09:00:35Z
http://www.wikidata.org/entity/Q3786,Esslingen am Neckar,Geography,http://www.wikidata.org/prop/direct/P1082,http://www.wikidata.org/prop/direct/P1082,95881,,81,2023-12-31T00:00:00Z,,2024-11-20T07:41:27Z
http://www.wikidata.org/entity/Q34692,Kingston,Geography,http://www.wikidata.org/prop/direct/P1082,http://www.wikidata.org/prop/direct/P1082,580000,,153,2009-01-01T00:00:00Z,,2024-11-04T13:23:36Z
http://www.wikidata.org/entity/Q37701,Bloemfontein,Geography,http://www.wikidata.org/prop/direct/P1082,http://www.wikidata.org/prop/direct/P1082,256185,,138,2011-01-01T00:00:00Z,,2024-11-21T21:40:45Z
http://www.wikidata.org/entity/Q38511,Turku,Geography,http://www.wikidata.org/prop/direct/P1082,http://www.wikidata.org/prop/direct/P1082,202250,,143,2024-02-29T00:00:00Z,,2024-11-21T07:07:22Z
http://www.wikidata.org/entity/Q39518,Żabbar,Geography,http://www.wikidata.org/prop/direct/P1082,http://www.wikidata.org/prop/direct/P1082,15404,,43,2014-03-31T00:00:00Z,,2024-09-06T08:56:04Z
http://www.wikidata.org/entity/Q39520,Mosta,Geography,http://www.wikidata.org/prop/direct/P1082,http://www.wikidata.org/prop/direct/P1082,20241,,45,2014-03-31T00:00:00Z,,2024-11-05T10:38:53Z
http://www.wikidata.org/entity/Q40194,"Mazatlan, Sinaloa",Geography,http://www.wikidata.org/prop/direct/P1082,http://www.wikidata.org/prop/direct/P1082,501441,,51,2020-01-01T00:00:00Z,,2024-10-26T04:46:01Z
http://www.wikidata.org/entity/Q40816,Benghazi,Geography,http://www.wikidata.org/prop/direct/P1082,http://www.wikidata.org/prop/direct/P1082,631555,,100,2011-01-01T00:00:00Z,,2024-08-28T22:41:00Z
http://www.wikidata.org/entity/Q40840,Tampere,Geography,http://www.wikidata.org/prop/direct/P1082,http://www.wikidata.org/prop/direct/P1082,255333,,166,2024-02-29T00:00:00Z,,2024-11-02T16:30:07Z
http://www.wikidata.org/entity/Q41128,Itanagar,Geography,http://www.wikidata.org/prop/direct/P1082,http://www.wikidata.org/prop/direct/P1082,59490,,75,2011-01-01T00:00:00Z,,2024-10-14T10:30:04Z
http://www.wikidata.org/entity/Q41262,Nottingham,Geography,http://www.wikidata.org/prop/direct/P1082,http://www.wikidata.org/prop/direct/P1082,289301,,121,2011-01-01T00:00:00Z,,2024-10-28T08:35:51Z
http://www.wikidata.org/entity/Q41295,Basseterre,Geography,http://www.wikidata.org/prop/direct/P1082,http://www.wikidata.org/prop/direct/P1082,13220,,118,2001-01-01T00:00:00Z,,2024-11-11T02:21:29Z
http://www.wikidata.org/entity/Q41496,Thanjavur,Geography,http://www.wikidata.org/prop/direct/P1082,http://www.wikidata.org/prop/direct/P1082,222943,,62,2011-01-01T00:00:00Z,,2024-06-04T16:12:41Z
http://www.wikidata.org/entity/Q41547,St. George's,Geography,http://www.wikidata.org/prop/direct/P1082,http://www.wikidata.org/prop/direct/P1082,4315,,122,2006-01-01T00:00:00Z,,2024-11-11T02:02:00Z
http://www.wikidata.org/entity/Q41621,Haifa,Geography,http://www.wikidata.org/prop/direct/P1082,http://www.wikidata.org/prop/direct/P1082,284560,,127,2023-01-01T00:00:00Z,,2024-11-20T19:52:07Z
http://www.wikidata.org/entity/Q44213,Paraná,Geography,http://www.wikidata.org/prop/direct/P1082,http://www.wikidata.org/prop/direct/P1082,247863,,71,2010-01-01T00:00:00Z,,2024-10-22T00:59:40Z
http://www.wikidata.org/entity/Q44243,San Luis,Geography,http://www.wikidata.org/prop/direct/P1082,http://www.wikidata.org/prop/direct/P1082,169947,,50,2010-12-31T00:00:00Z,,2024-10-22T00:59:41Z
http://www.wikidata.org/entity/Q44392,Żejtun,Geography,http://www.wikidata.org/prop/direct/P1082,http://www.wikidata.org/prop/direct/P1082,11508,,37,2014-03-31T00:00:00Z,,2024-09-18T00:06:00Z
http://www.wikidata.org/entity/Q44397,Naxxar,Geography,http://www.wikidata.org/prop/direct/P1082,http://www.wikidata.org/prop/direct/P1082,13443,,34,2014-03-31T00:00:00Z,,2024-08-16T13:46:37Z
http://www.wikidata.org/entity/Q44573,Zebbug,Geography,http://www.wikidata.org/prop/direct/P1082,http://www.wikidata.org/prop/direct/P1082,11903,,34,2014-03-31T00:00:00Z,,2024-09-25T23:46:30Z
http://www.wikidata.org/entity/Q45942,Annaba,Geography,http://www.wikidata.org/prop/direct/P1082,http://www.wikidata.org/prop/direct/P1082,257359,,80,2008-01-01T00:00:00Z,,2024-11-19T13:11:06Z
http://www.wikidata.org/entity/Q59975,Béjaïa,Geography,http://www.wikidata.org/prop/direct/P1082,http://www.wikidata.org/prop/direct/P1082,176139,,65,2008-01-01T00:00:00Z,,2024-11-29T00:38:41Z
http://www.wikidata.org/entity/Q41699,Castries,Geography,http://www.wikidata.org/prop/direct/P1082,http://www.wikidata.org/prop/direct/P1082,70000,,121,2013-01-01T00:00:00Z,,2024-11-24T09:36:02Z
http://www.wikidata.org/entity/Q43595,Cotonou,Geography,http://www.wikidata.org/prop/direct/P1082,http://www.wikidata.org/prop/direct/P1082,679012,,109,2013-01-01T00:00:00Z,,2024-10-11T14:31:40Z
http://www.wikidata.org/entity/Q44214,Formosa,Geography,http://www.wikidata.org/prop/direct/P1082,http://www.wikidata.org/prop/direct/P1082,222226,,58,2010-01-01T00:00:00Z,,2024-10-22T00:30:44Z
http://www.wikidata.org/entity/Q369699,Olsztyn,Geography,http://www.wikidata.org/prop/direct/P1082,http://www.wikidata.org/prop/direct/P1082,2498,,23,2019-06-30T00:00:00Z,,2024-09-24T07:59:12Z
http://www.wikidata.org/entity/Q372920,Puerto Ayacucho,Geography,http://www.wikidata.org/prop/direct/P1082,http://www.wikidata.org/prop/direct/P1082,130000,,47,2024-01-01T00:00:00Z,,2024-08-14T10:36:57Z
http://www.wikidata.org/entity/Q374748,Jenin,Geography,http://www.wikidata.org/prop/direct/P1082,http://www.wikidata.org/prop/direct/P1082,49908,,51,2017-01-01T00:00:00Z,,2024-09-17T10:01:27Z
http://www.wikidata.org/entity/Q376749,Chittagong,Geography,http://www.wikidata.org/prop/direct/P1082,http://www.wikidata.org/prop/direct/P1082,2581643,,133,2011-01-01T00:00:00Z,,2024-11-28T10:08:48Z
http://www.wikidata.org/entity/Q376903,Valledupar,Geography,http://www.wikidata.org/prop/direct/P1082,http://www.wikidata.org/prop/direct/P1082,544134,,58,2021-01-01T00:00:00Z,,2024-05-31T10:56:09Z
http://www.wikidata.org/entity/Q377396,Samundri,Geography,http://www.wikidata.org/prop/direct/P1082,http://www.wikidata.org/prop/direct/P1082,73911,,15,2017-01-01T00:00:00Z,,2024-06-04T17:12:44Z
http://www.wikidata.org/entity/Q377588,Sheikh Othman,Geography,http://www.wikidata.org/prop/direct/P1082,http://www.wikidata.org/prop/direct/P1082,105248,,4,2004-01-01T00:00:00Z,,2024-10-11T14:45:57Z
http://www.wikidata.org/entity/Q377965,San Nicolás de los Arroyos,Geography,http://www.wikidata.org/prop/direct/P1082,http://www.wikidata.org/prop/direct/P1082,160000,,34,2010-01-01T00:00:00Z,,2024-08-23T22:28:39Z
http://www.wikidata.org/entity/Q378649,Janakpurdham,Geography,http://www.wikidata.org/prop/direct/P1082,http://www.wikidata.org/prop/direct/P1082,97776,,44,2011-01-01T00:00:00Z,,2024-11-25T01:26:34Z
http://www.wikidata.org/entity/Q382587,Osieczna,Geography,http://www.wikidata.org/prop/direct/P1082,http://www.wikidata.org/prop/direct/P1082,2425,,23,2021-03-31T00:00:00Z,,2024-06-27T12:38:21Z
http://www.wikidata.org/entity/Q389412,Niemcza,Geography,http://www.wikidata.org/prop/direct/P1082,http://www.wikidata.org/prop/direct/P1082,2801,,28,2021-03-31T00:00:00Z,,2024-10-16T19:37:25Z
http://www.wikidata.org/entity/Q391626,Šilutė,Geography,http://www.wikidata.org/prop/direct/P1082,http://www.wikidata.org/prop/direct/P1082,16200,,46,2023-01-01T00:00:00Z,,2024-11-23T00:40:03Z
http://www.wikidata.org/entity/Q391747,Byumba,Geography,http://www.wikidata.org/prop/direct/P1082,http://www.wikidata.org/prop/direct/P1082,34544,,35,2012-01-01T00:00:00Z,,2024-10-02T15:03:14Z
http://www.wikidata.org/entity/Q391747,Byumba,Geography,http://www.wikidata.org/prop/direct/P1082,http://www.wikidata.org/prop/direct/P1082,36401,,35,2012-01-01T00:00:00Z,,2024-10-02T15:03:14Z
http://www.wikidata.org/entity/Q395863,Desouk,Geography,http://www.wikidata.org/prop/direct/P1082,http://www.wikidata.org/prop/direct/P1082,143404,,55,2019-01-01T00:00:00Z,,2024-08-15T10:28:15Z
http://www.wikidata.org/entity/Q397975,Aguas Corrientes,Geography,http://www.wikidata.org/prop/direct/P1082,http://www.wikidata.org/prop/direct/P1082,1047,,15,2011-01-01T00:00:00Z,,2024-09-09T10:15:21Z
http://www.wikidata.org/entity/Q399083,Kwekwe,Geography,http://www.wikidata.org/prop/direct/P1082,http://www.wikidata.org/prop/direct/P1082,93072,,30,2002-01-01T00:00:00Z,,2024-11-16T22:12:40Z
http://www.wikidata.org/entity/Q399316,Gweru,Geography,http://www.wikidata.org/prop/direct/P1082,http://www.wikidata.org/prop/direct/P1082,141260,,47,2002-01-01T00:00:00Z,,2024-11-14T07:21:48Z
http://www.wikidata.org/entity/Q403941,Tuszyn,Geography,http://www.wikidata.org/prop/direct/P1082,http://www.wikidata.org/prop/direct/P1082,7221,,32,2021-03-31T00:00:00Z,,2024-09-09T08:41:28Z
http://www.wikidata.org/entity/Q416835,Akbarpur,Geography,http://www.wikidata.org/prop/direct/P1082,http://www.wikidata.org/prop/direct/P1082,42248,,28,2013-01-01T00:00:00Z,,2024-06-04T16:55:20Z
http://www.wikidata.org/entity/Q423831,Akure,Geography,http://www.wikidata.org/prop/direct/P1082,http://www.wikidata.org/prop/direct/P1082,847903,,44,2010-01-01T00:00:00Z,,2024-11-07T16:05:23Z
http://www.wikidata.org/entity/Q429215,Sangli,Geography,http://www.wikidata.org/prop/direct/P1082,http://www.wikidata.org/prop/direct/P1082,436639,,37,2001-01-01T00:00:00Z,,2024-12-01T06:24:40Z
http://www.wikidata.org/entity/Q432397,Narsaq,Geography,http://www.wikidata.org/prop/direct/P1082,http://www.wikidata.org/prop/direct/P1082,1346,,36,2020-01-01T00:00:00Z,,2024-07-15T12:23:53Z
http://www.wikidata.org/entity/Q448370,Alvarado,Geography,http://www.wikidata.org/prop/direct/P1082,http://www.wikidata.org/prop/direct/P1082,57035,,18,2020-01-01T00:00:00Z,,2024-09-07T05:48:58Z
http://www.wikidata.org/entity/Q455701,Pacanów,Geography,http://www.wikidata.org/prop/direct/P1082,http://www.wikidata.org/prop/direct/P1082,1074,,20,2021-03-31T00:00:00Z,,2024-11-21T00:31:05Z
http://www.wikidata.org/entity/Q456577,Inhambane,Geography,http://www.wikidata.org/prop/direct/P1082,http://www.wikidata.org/prop/direct/P1082,63837,,40,2007-01-01T00:00:00Z,,2024-08-01T14:44:05Z
http://www.wikidata.org/entity/Q820235,San Cristóbal,Geography,http://www.wikidata.org/prop/direct/P1082,http://www.wikidata.org/prop/direct/P1082,285872,,49,2017-01-01T00:00:00Z,,2024-11-03T09:31:00Z
http://www.wikidata.org/entity/Q820972,Tadjoura,Geography,http://www.wikidata.org/prop/direct/P1082,http://www.wikidata.org/prop/direct/P1082,14820,,46,2009-05-29T00:00:00Z,,2024-11-05T10:28:50Z
http://www.wikidata.org/entity/Q821023,Peqin,Geography,http://www.wikidata.org/prop/direct/P1082,http://www.wikidata.org/prop/direct/P1082,6353,,41,2011-01-01T00:00:00Z,,2024-09-10T01:23:09Z
http://www.wikidata.org/entity/Q822196,Bernal,Geography,http://www.wikidata.org/prop/direct/P1082,http://www.wikidata.org/prop/direct/P1082,109914,,22,2001-01-01T00:00:00Z,,2024-08-03T18:40:10Z
http://www.wikidata.org/entity/Q822815,Ulaangom,Geography,http://www.wikidata.org/prop/direct/P1082,http://www.wikidata.org/prop/direct/P1082,26319,,45,2000-01-01T00:00:00Z,,2024-06-04T16:47:49Z
http://www.wikidata.org/entity/Q825818,Masyaf,Geography,http://www.wikidata.org/prop/direct/P1082,http://www.wikidata.org/prop/direct/P1082,37109,,35,2009-01-01T00:00:00Z,,2024-11-07T20:11:54Z
http://www.wikidata.org/entity/Q829886,Lindi,Geography,http://www.wikidata.org/prop/direct/P1082,http://www.wikidata.org/prop/direct/P1082,41549,,39,2002-01-01T00:00:00Z,,2024-11-16T10:39:27Z
http://www.wikidata.org/entity/Q830390,Treinta y Tres,Geography,http://www.wikidata.org/prop/direct/P1082,http://www.wikidata.org/prop/direct/P1082,25477,,40,2011-01-01T00:00:00Z,,2024-09-29T09:23:01Z
http://www.wikidata.org/entity/Q830631,Gisenyi,Geography,http://www.wikidata.org/prop/direct/P1082,http://www.wikidata.org/prop/direct/P1082,53603,,38,2012-01-01T00:00:00Z,,2024-10-06T10:49:49Z
http://www.wikidata.org/entity/Q833016,Tacuarembó,Geography,http://www.wikidata.org/prop/direct/P1082,http://www.wikidata.org/prop/direct/P1082,54755,,47,2011-01-01T00:00:00Z,,2024-08-26T05:17:30Z
http://www.wikidata.org/entity/Q835423,Strzyżów,Geography,http://www.wikidata.org/prop/direct/P1082,http://www.wikidata.org/prop/direct/P1082,8482,,33,2023-01-01T00:00:00Z,,2024-08-09T06:34:40Z
http://www.wikidata.org/entity/Q1010985,Tetritsqaro,Geography,http://www.wikidata.org/prop/direct/P1082,http://www.wikidata.org/prop/direct/P1082,4427,,33,2023-01-01T00:00:00Z,,2024-07-23T20:36:24Z
http://www.wikidata.org/entity/Q995,Appingedam,Geography,http://www.wikidata.org/prop/direct/P1082,http://www.wikidata.org/prop/direct/P1082,11642,,46,2020-01-01T00:00:00Z,,2024-09-01T19:28:01Z
http://www.wikidata.org/entity/Q34995,Cobija,Geography,http://www.wikidata.org/prop/direct/P1082,http://www.wikidata.org/prop/direct/P1082,46267,,38,2012-01-01T00:00:00Z,,2024-10-29T08:38:21Z
http://www.wikidata.org/entity/Q35045,Potosí,Geography,http://www.wikidata.org/prop/direct/P1082,http://www.wikidata.org/prop/direct/P1082,189652,,79,2012-01-01T00:00:00Z,,2024-09-06T13:39:00Z
http://www.wikidata.org/entity/Q35178,Kuwait City,Geography,http://www.wikidata.org/prop/direct/P1082,http://www.wikidata.org/prop/direct/P1082,2989000,,159,2018-01-01T00:00:00Z,,2024-11-11T03:17:18Z
http://www.wikidata.org/entity/Q35246,Oruro,Geography,http://www.wikidata.org/prop/direct/P1082,http://www.wikidata.org/prop/direct/P1082,264683,,58,2012-01-01T00:00:00Z,,2024-10-25T20:27:54Z
http://www.wikidata.org/entity/Q35381,Colombo,Geography,http://www.wikidata.org/prop/direct/P1082,http://www.wikidata.org/prop/direct/P1082,752993,,146,2011-01-01T00:00:00Z,,2024-11-11T03:58:44Z
http://www.wikidata.org/entity/Q36260,Apia,Geography,http://www.wikidata.org/prop/direct/P1082,http://www.wikidata.org/prop/direct/P1082,37708,,134,2006-01-01T00:00:00Z,,2024-11-24T14:31:39Z
http://www.wikidata.org/entity/Q41843,Beersheba,Geography,http://www.wikidata.org/prop/direct/P1082,http://www.wikidata.org/prop/direct/P1082,209687,,90,2020-01-01T00:00:00Z,,2024-11-16T12:18:33Z
http://www.wikidata.org/entity/Q42941,Agra,Geography,http://www.wikidata.org/prop/direct/P1082,http://www.wikidata.org/prop/direct/P1082,1585705,,131,2011-01-01T00:00:00Z,,2024-11-22T19:20:40Z
http://www.wikidata.org/entity/Q43382,Plymouth,Geography,http://www.wikidata.org/prop/direct/P1082,http://www.wikidata.org/prop/direct/P1082,267918,,108,2016-01-01T00:00:00Z,,2024-10-20T13:30:04Z
http://www.wikidata.org/entity/Q43433,Chandigarh,Geography,http://www.wikidata.org/prop/direct/P1082,http://www.wikidata.org/prop/direct/P1082,1055450,,114,2011-01-01T00:00:00Z,,2024-12-01T12:08:29Z
http://www.wikidata.org/entity/Q43475,Derby,Geography,http://www.wikidata.org/prop/direct/P1082,http://www.wikidata.org/prop/direct/P1082,255394,,96,2011-01-01T00:00:00Z,,2024-11-14T08:21:02Z
http://www.wikidata.org/entity/Q58900,Doncaster,Geography,http://www.wikidata.org/prop/direct/P1082,http://www.wikidata.org/prop/direct/P1082,109805,,62,2011-01-01T00:00:00Z,,2024-11-04T20:01:57Z
http://www.wikidata.org/entity/Q59698,Swakopmund,Geography,http://www.wikidata.org/prop/direct/P1082,http://www.wikidata.org/prop/direct/P1082,34300,,57,2010-01-01T00:00:00Z,,2024-05-31T09:55:45Z
http://www.wikidata.org/entity/Q60425,Meppel,Geography,http://www.wikidata.org/prop/direct/P1082,http://www.wikidata.org/prop/direct/P1082,34386,,57,2021-01-01T00:00:00Z,,2024-09-17T12:05:17Z
http://www.wikidata.org/entity/Q83387,Diyarbakır,Geography,http://www.wikidata.org/prop/direct/P1082,http://www.wikidata.org/prop/direct/P1082,1732396,,96,2018-01-01T00:00:00Z,,2024-11-16T05:32:15Z
http://www.wikidata.org/entity/Q93338,Gaziantep,Geography,http://www.wikidata.org/prop/direct/P1082,http://www.wikidata.org/prop/direct/P1082,1680723,,115,2022-12-31T00:00:00Z,,2024-11-13T17:15:12Z
http://www.wikidata.org/entity/Q101418,Lobamba,Geography,http://www.wikidata.org/prop/direct/P1082,http://www.wikidata.org/prop/direct/P1082,5800,,91,2003-01-01T00:00:00Z,,2024-10-14T04:01:54Z
http://www.wikidata.org/entity/Q213248,Tirunelveli,Geography,http://www.wikidata.org/prop/direct/P1082,http://www.wikidata.org/prop/direct/P1082,411298,,52,2001-01-01T00:00:00Z,,2024-06-04T16:10:52Z
http://www.wikidata.org/entity/Q214248,Benguela,Geography,http://www.wikidata.org/prop/direct/P1082,http://www.wikidata.org/prop/direct/P1082,561775,,65,2014-01-01T00:00:00Z,,2024-09-06T21:06:49Z
http://www.wikidata.org/entity/Q214303,Gümüşhane,Geography,http://www.wikidata.org/prop/direct/P1082,http://www.wikidata.org/prop/direct/P1082,57269,,58,2018-01-01T00:00:00Z,,2024-11-10T12:08:29Z
http://www.wikidata.org/entity/Q214485,Kisumu,Geography,http://www.wikidata.org/prop/direct/P1082,http://www.wikidata.org/prop/direct/P1082,409928,,62,2009-01-01T00:00:00Z,,2024-09-06T21:15:56Z
http://www.wikidata.org/entity/Q214495,Bamyan,Geography,http://www.wikidata.org/prop/direct/P1082,http://www.wikidata.org/prop/direct/P1082,100000,,63,2014-01-01T00:00:00Z,,2024-11-26T15:55:44Z
http://www.wikidata.org/entity/Q214651,Bandırma,Geography,http://www.wikidata.org/prop/direct/P1082,http://www.wikidata.org/prop/direct/P1082,154359,,54,2018-01-01T00:00:00Z,,2024-11-02T15:45:47Z
http://www.wikidata.org/entity/Q214655,Çorlu,Geography,http://www.wikidata.org/prop/direct/P1082,http://www.wikidata.org/prop/direct/P1082,294020,,60,2023-01-01T00:00:00Z,,2024-11-17T21:49:01Z
http://www.wikidata.org/entity/Q214681,Panaji,Geography,http://www.wikidata.org/prop/direct/P1082,http://www.wikidata.org/prop/direct/P1082,40017,,78,2011-01-01T00:00:00Z,,2024-11-29T15:20:11Z
http://www.wikidata.org/entity/Q215277,Jaffna,Geography,http://www.wikidata.org/prop/direct/P1082,http://www.wikidata.org/prop/direct/P1082,88138,,65,2012-01-01T00:00:00Z,,2024-11-01T20:03:36Z
http://www.wikidata.org/entity/Q217426,Soweto,Geography,http://www.wikidata.org/prop/direct/P1082,http://www.wikidata.org/prop/direct/P1082,1271628,,56,2011-01-01T00:00:00Z,,2024-09-20T06:20:47Z
http://www.wikidata.org/entity/Q218768,Rabaul,Geography,http://www.wikidata.org/prop/direct/P1082,http://www.wikidata.org/prop/direct/P1082,7024,,47,2009-01-01T00:00:00Z,,2024-11-13T18:41:36Z
http://www.wikidata.org/entity/Q218954,Vohemar,Geography,http://www.wikidata.org/prop/direct/P1082,http://www.wikidata.org/prop/direct/P1082,15000,,19,2001-01-01T00:00:00Z,,2024-10-07T00:54:39Z
http://www.wikidata.org/entity/Q219039,Nadiad,Geography,http://www.wikidata.org/prop/direct/P1082,http://www.wikidata.org/prop/direct/P1082,225132,,42,2011-01-01T00:00:00Z,,2024-06-04T17:14:11Z
http://www.wikidata.org/entity/Q219117,Zomba,Geography,http://www.wikidata.org/prop/direct/P1082,http://www.wikidata.org/prop/direct/P1082,101140,,49,2008-01-01T00:00:00Z,,2024-10-22T21:04:51Z
http://www.wikidata.org/entity/Q220049,Malakal,Geography,http://www.wikidata.org/prop/direct/P1082,http://www.wikidata.org/prop/direct/P1082,147450,,47,2014-01-01T00:00:00Z,,2024-11-23T00:22:09Z
http://www.wikidata.org/entity/Q220843,Walvis Bay,Geography,http://www.wikidata.org/prop/direct/P1082,http://www.wikidata.org/prop/direct/P1082,85000,,71,2011-01-01T00:00:00Z,,2024-10-19T23:34:49Z
http://www.wikidata.org/entity/Q250733,Wa,Geography,http://www.wikidata.org/prop/direct/P1082,http://www.wikidata.org/prop/direct/P1082,107214,,34,2010-01-01T00:00:00Z,,2024-10-16T18:16:52Z
http://www.wikidata.org/entity/Q251329,Gaya,Geography,http://www.wikidata.org/prop/direct/P1082,http://www.wikidata.org/prop/direct/P1082,474093,,69,2011-01-01T00:00:00Z,,2024-10-21T10:40:12Z
http://www.wikidata.org/entity/Q256782,Busko-Zdrój,Geography,http://www.wikidata.org/prop/direct/P1082,http://www.wikidata.org/prop/direct/P1082,15014,,39,2021-03-31T00:00:00Z,,2024-10-01T18:57:27Z
http://www.wikidata.org/entity/Q257326,La Higuera,Geography,http://www.wikidata.org/prop/direct/P1082,http://www.wikidata.org/prop/direct/P1082,119,,40,2001-01-01T00:00:00Z,,2024-08-01T14:33:59Z
http://www.wikidata.org/entity/Q258028,Birżebbuġa,Geography,http://www.wikidata.org/prop/direct/P1082,http://www.wikidata.org/prop/direct/P1082,9736,,37,2014-03-31T00:00:00Z,,2024-10-01T06:47:31Z
http://www.wikidata.org/entity/Q259489,Rychwał,Geography,http://www.wikidata.org/prop/direct/P1082,http://www.wikidata.org/prop/direct/P1082,2402,,24,2021-03-31T00:00:00Z,,2024-09-12T15:36:40Z
http://www.wikidata.org/entity/Q260317,Castlemaine,Geography,http://www.wikidata.org/prop/direct/P1082,http://www.wikidata.org/prop/direct/P1082,7506,,16,2021-08-10T00:00:00Z,,2024-09-03T01:24:08Z
http://www.wikidata.org/entity/Q260317,Castlemaine,Geography,http://www.wikidata.org/prop/direct/P1082,http://www.wikidata.org/prop/direct/P1082,10577,,16,2021-08-10T00:00:00Z,,2024-09-03T01:24:08Z
http://www.wikidata.org/entity/Q261887,Kikwit,Geography,http://www.wikidata.org/prop/direct/P1082,http://www.wikidata.org/prop/direct/P1082,397737,,42,2012-01-01T00:00:00Z,,2024-08-20T08:55:13Z
http://www.wikidata.org/entity/Q263684,Czechowice-Dziedzice,Geography,http://www.wikidata.org/prop/direct/P1082,http://www.wikidata.org/prop/direct/P1082,35261,,35,2021-03-31T00:00:00Z,,2024-08-28T13:45:19Z
http://www.wikidata.org/entity/Q263922,Baniyas,Geography,http://www.wikidata.org/prop/direct/P1082,http://www.wikidata.org/prop/direct/P1082,43151,,42,2009-01-01T00:00:00Z,,2024-09-14T14:44:04Z
http://www.wikidata.org/entity/Q269899,Amravati,Geography,http://www.wikidata.org/prop/direct/P1082,http://www.wikidata.org/prop/direct/P1082,549370,,63,2001-01-01T00:00:00Z,,2024-07-26T16:36:03Z
http://www.wikidata.org/entity/Q270041,Al Hudaydah,Geography,http://www.wikidata.org/prop/direct/P1082,http://www.wikidata.org/prop/direct/P1082,617871,,61,1994-01-01T00:00:00Z,,2024-11-10T13:41:22Z
http://www.wikidata.org/entity/Q270176,Belgaum,Geography,http://www.wikidata.org/prop/direct/P1082,http://www.wikidata.org/prop/direct/P1082,488157,,65,2011-01-01T00:00:00Z,,2024-06-04T16:10:48Z
http://www.wikidata.org/entity/Q270225,Kindu,Geography,http://www.wikidata.org/prop/direct/P1082,http://www.wikidata.org/prop/direct/P1082,172321,,47,2012-01-01T00:00:00Z,,2024-08-30T13:17:51Z
http://www.wikidata.org/entity/Q328846,Nuevo Laredo,Geography,http://www.wikidata.org/prop/direct/P1082,http://www.wikidata.org/prop/direct/P1082,384033,,46,2010-01-01T00:00:00Z,,2024-08-01T14:11:15Z
http://www.wikidata.org/entity/Q331384,Abreus,Geography,http://www.wikidata.org/prop/direct/P1082,http://www.wikidata.org/prop/direct/P1082,23144,,18,2009-01-01T00:00:00Z,,2024-09-10T22:27:56Z
http://www.wikidata.org/entity/Q335446,Dębno,Geography,http://www.wikidata.org/prop/direct/P1082,http://www.wikidata.org/prop/direct/P1082,13291,,27,2021-03-31T00:00:00Z,,2024-11-11T05:46:08Z
http://www.wikidata.org/entity/Q335769,Kafr el-Dawwar,Geography,http://www.wikidata.org/prop/direct/P1082,http://www.wikidata.org/prop/direct/P1082,262748,,36,2006-11-11T00:00:00Z,,2024-09-10T00:08:35Z
http://www.wikidata.org/entity/Q371532,Lisala,Geography,http://www.wikidata.org/prop/direct/P1082,http://www.wikidata.org/prop/direct/P1082,79235,,31,2010-01-01T00:00:00Z,,2024-08-30T13:58:36Z
http://www.wikidata.org/entity/Q373059,Żywiec,Geography,http://www.wikidata.org/prop/direct/P1082,http://www.wikidata.org/prop/direct/P1082,30334,,49,2021-03-31T00:00:00Z,,2024-09-02T22:54:37Z
http://www.wikidata.org/entity/Q374013,Villa Dolores,Geography,http://www.wikidata.org/prop/direct/P1082,http://www.wikidata.org/prop/direct/P1082,29854,,15,2010-01-01T00:00:00Z,,2024-10-22T00:31:56Z
http://www.wikidata.org/entity/Q374768,Al-Zabadani,Geography,http://www.wikidata.org/prop/direct/P1082,http://www.wikidata.org/prop/direct/P1082,26285,,31,2004-01-01T00:00:00Z,,2024-08-01T14:40:09Z
http://www.wikidata.org/entity/Q376295,Nekemte,Geography,http://www.wikidata.org/prop/direct/P1082,http://www.wikidata.org/prop/direct/P1082,75219,,20,2007-01-01T00:00:00Z,,2024-09-29T20:57:28Z
http://www.wikidata.org/entity/Q377994,Sieniawa,Geography,http://www.wikidata.org/prop/direct/P1082,http://www.wikidata.org/prop/direct/P1082,2031,,30,2021-03-31T00:00:00Z,,2024-09-12T12:48:15Z
http://www.wikidata.org/entity/Q379509,Puerto La Cruz,Geography,http://www.wikidata.org/prop/direct/P1082,http://www.wikidata.org/prop/direct/P1082,306261,,39,2013-01-01T00:00:00Z,,2024-08-31T02:30:39Z
http://www.wikidata.org/entity/Q382249,Butha-Buthe,Geography,http://www.wikidata.org/prop/direct/P1082,http://www.wikidata.org/prop/direct/P1082,10000,,25,2004-01-01T00:00:00Z,,2024-05-31T10:16:26Z
http://www.wikidata.org/entity/Q386991,Torreón,Geography,http://www.wikidata.org/prop/direct/P1082,http://www.wikidata.org/prop/direct/P1082,690193,,59,2020-01-01T00:00:00Z,,2024-09-09T05:23:23Z
http://www.wikidata.org/entity/Q387117,Slesin,Geography,http://www.wikidata.org/prop/direct/P1082,http://www.wikidata.org/prop/direct/P1082,3179,,27,2021-03-31T00:00:00Z,,2024-10-09T11:15:58Z
http://www.wikidata.org/entity/Q387260,Śrem,Geography,http://www.wikidata.org/prop/direct/P1082,http://www.wikidata.org/prop/direct/P1082,28835,,33,2021-03-31T00:00:00Z,,2024-11-27T18:12:42Z
http://www.wikidata.org/entity/Q388242,Tete,Geography,http://www.wikidata.org/prop/direct/P1082,http://www.wikidata.org/prop/direct/P1082,152909,,45,2007-01-01T00:00:00Z,,2024-05-31T11:01:12Z
http://www.wikidata.org/entity/Q395201,Agogo,Geography,http://www.wikidata.org/prop/direct/P1082,http://www.wikidata.org/prop/direct/P1082,36797,,18,2013-01-01T00:00:00Z,,2024-09-06T21:14:26Z
http://www.wikidata.org/entity/Q395433,Agordat,Geography,http://www.wikidata.org/prop/direct/P1082,http://www.wikidata.org/prop/direct/P1082,8857,,31,2004-01-01T00:00:00Z,,2024-09-26T03:35:43Z
http://www.wikidata.org/entity/Q399322,Mutare,Geography,http://www.wikidata.org/prop/direct/P1082,http://www.wikidata.org/prop/direct/P1082,224804,,46,2022-01-01T00:00:00Z,,2024-10-13T11:34:00Z
http://www.wikidata.org/entity/Q403929,Koluszki,Geography,http://www.wikidata.org/prop/direct/P1082,http://www.wikidata.org/prop/direct/P1082,12396,,34,2021-03-31T00:00:00Z,,2024-06-04T15:59:33Z
http://www.wikidata.org/entity/Q423258,Orhei,Geography,http://www.wikidata.org/prop/direct/P1082,http://www.wikidata.org/prop/direct/P1082,21065,,45,2014-01-01T00:00:00Z,,2024-08-01T14:18:57Z
http://www.wikidata.org/entity/Q429741,Morant Bay,Geography,http://www.wikidata.org/prop/direct/P1082,http://www.wikidata.org/prop/direct/P1082,11121,,20,2010-01-01T00:00:00Z,,2024-05-31T12:14:12Z
http://www.wikidata.org/entity/Q835848,Naujoji Akmenė,Geography,http://www.wikidata.org/prop/direct/P1082,http://www.wikidata.org/prop/direct/P1082,8170,,40,2023-01-01T00:00:00Z,,2024-11-15T16:29:39Z
http://www.wikidata.org/entity/Q837035,Totonicapán,Geography,http://www.wikidata.org/prop/direct/P1082,http://www.wikidata.org/prop/direct/P1082,118960,,23,2021-01-01T00:00:00Z,,2024-10-24T18:01:48Z
http://www.wikidata.org/entity/Q853785,Soroca,Geography,http://www.wikidata.org/prop/direct/P1082,http://www.wikidata.org/prop/direct/P1082,22196,,52,2014-01-01T00:00:00Z,,2024-10-21T09:29:23Z
http://www.wikidata.org/entity/Q853945,Dindigul,Geography,http://www.wikidata.org/prop/direct/P1082,http://www.wikidata.org/prop/direct/P1082,207327,,47,2011-01-01T00:00:00Z,,2024-11-26T15:00:42Z
http://www.wikidata.org/entity/Q855634,Serowe,Geography,http://www.wikidata.org/prop/direct/P1082,http://www.wikidata.org/prop/direct/P1082,47447,,38,2011-01-01T00:00:00Z,,2024-08-18T13:57:23Z
http://www.wikidata.org/entity/Q855645,Durazno,Geography,http://www.wikidata.org/prop/direct/P1082,http://www.wikidata.org/prop/direct/P1082,34368,,44,2011-01-01T00:00:00Z,,2024-09-29T15:09:01Z
