entity,entityLabel,category,property,propertyLabel,value,roundedValue,unitLabel,sitelinks,dateCreated,dateModified,entityType
http://www.wikidata.org/entity/Q14824358,Aksakatasay River,Geography,http://www.wikidata.org/prop/direct/P2225,http://www.wikidata.org/prop/direct/P2225,6.14,6.14,cubic metre per second,6,,2024-07-29T03:27:44Z,River
http://www.wikidata.org/entity/Q4479569,Ushakovka,Geography,http://www.wikidata.org/prop/direct/P2225,http://www.wikidata.org/prop/direct/P2225,2.08,2.08,cubic metre per second,3,,2022-05-26T17:53:36Z,River
http://www.wikidata.org/entity/Q13203321,Bolshoy Yugan,Geography,http://www.wikidata.org/prop/direct/P2225,http://www.wikidata.org/prop/direct/P2225,177.67,177.67,cubic metre per second,28,,2023-12-27T21:53:16Z,River
http://www.wikidata.org/entity/Q936023,Rufiji River,Geography,http://www.wikidata.org/prop/direct/P2225,http://www.wikidata.org/prop/direct/P2225,792,792,cubic metre per second,38,,2024-10-11T02:46:35Z,River
http://www.wikidata.org/entity/Q3714186,Dora di Bardonecchia,Geography,http://www.wikidata.org/prop/direct/P2225,http://www.wikidata.org/prop/direct/P2225,4.3,4.3,cubic metre per second,5,,2024-08-23T07:16:05Z,River
http://www.wikidata.org/entity/Q5208125,Wu River,Geography,http://www.wikidata.org/prop/direct/P2225,http://www.wikidata.org/prop/direct/P2225,114.43,114.43,cubic metre per second,8,,2024-03-15T06:51:53Z,River
http://www.wikidata.org/entity/Q4524039,Shinazchay,Geography,http://www.wikidata.org/prop/direct/P2225,http://www.wikidata.org/prop/direct/P2225,2.86,2.86,cubic metre per second,5,,2024-05-24T22:44:25Z,River
http://www.wikidata.org/entity/Q679050,Armançon,Geography,http://www.wikidata.org/prop/direct/P2225,http://www.wikidata.org/prop/direct/P2225,30,30,cubic metre per second,17,,2024-09-29T15:17:25Z,River
http://www.wikidata.org/entity/Q3734034,Yerkalnadeypur,Geography,http://www.wikidata.org/prop/direct/P2225,http://www.wikidata.org/prop/direct/P2225,70,70,cubic metre per second,11,,2024-07-10T09:46:43Z,River
http://www.wikidata.org/entity/Q1263309,Dubysa,Geography,http://www.wikidata.org/prop/direct/P2225,http://www.wikidata.org/prop/direct/P2225,20.1,20.1,cubic metre per second,24,,2024-04-21T20:53:20Z,River
http://www.wikidata.org/entity/Q4338717,Ostrechina,Geography,http://www.wikidata.org/prop/direct/P2225,http://www.wikidata.org/prop/direct/P2225,3.7,3.7,cubic metre per second,6,,2024-08-28T21:28:06Z,River
http://www.wikidata.org/entity/Q4282317,Marmarik,Geography,http://www.wikidata.org/prop/direct/P2225,http://www.wikidata.org/prop/direct/P2225,5.4,5.4,cubic metre per second,7,,2024-10-03T13:49:18Z,River
http://www.wikidata.org/entity/Q1132165,Sviyaga,Geography,http://www.wikidata.org/prop/direct/P2225,http://www.wikidata.org/prop/direct/P2225,34,34,cubic metre per second,34,,2024-04-09T05:12:15Z,River
http://www.wikidata.org/entity/Q4438700,Srednyaya Lasta,Geography,http://www.wikidata.org/prop/direct/P2225,http://www.wikidata.org/prop/direct/P2225,0.17,0.17,cubic metre per second,5,,2021-09-23T12:35:01Z,River
http://www.wikidata.org/entity/Q13032366,Q13032366,Geography,http://www.wikidata.org/prop/direct/P2225,http://www.wikidata.org/prop/direct/P2225,3.4,3.4,cubic metre per second,7,,2023-08-31T11:47:35Z,River
http://www.wikidata.org/entity/Q12075443,Quruçay,Geography,http://www.wikidata.org/prop/direct/P2225,http://www.wikidata.org/prop/direct/P2225,1.68,1.68,cubic metre per second,6,,2024-02-15T16:04:43Z,River
http://www.wikidata.org/entity/Q3665721,Khadutte,Geography,http://www.wikidata.org/prop/direct/P2225,http://www.wikidata.org/prop/direct/P2225,70,70,cubic metre per second,5,,2024-01-14T20:29:27Z,River
http://www.wikidata.org/entity/Q1256528,Black Volta,Geography,http://www.wikidata.org/prop/direct/P2225,http://www.wikidata.org/prop/direct/P2225,263,263,cubic metre per second,33,,2024-09-17T18:39:36Z,River
http://www.wikidata.org/entity/Q3831362,Levone,Geography,http://www.wikidata.org/prop/direct/P2225,http://www.wikidata.org/prop/direct/P2225,0.3,0.3,cubic metre per second,2,,2021-03-04T21:43:19Z,River
http://www.wikidata.org/entity/Q559283,Yarkand River,Geography,http://www.wikidata.org/prop/direct/P2225,http://www.wikidata.org/prop/direct/P2225,170,170,cubic metre per second,36,,2024-09-28T07:24:07Z,River
http://www.wikidata.org/entity/Q14617490,River Melfa,Geography,http://www.wikidata.org/prop/direct/P2225,http://www.wikidata.org/prop/direct/P2225,10,10,cubic metre per second,5,,2023-06-20T23:17:20Z,River
http://www.wikidata.org/entity/Q690162,Moesa,Geography,http://www.wikidata.org/prop/direct/P2225,http://www.wikidata.org/prop/direct/P2225,10,10,cubic metre per second,17,,2024-08-24T19:00:43Z,River
http://www.wikidata.org/entity/Q5208125,Wu River,Geography,http://www.wikidata.org/prop/direct/P2225,http://www.wikidata.org/prop/direct/P2225,20.96,20.96,cubic metre per second,8,,2024-03-15T06:51:53Z,River
http://www.wikidata.org/entity/Q1279831,Jerma,Geography,http://www.wikidata.org/prop/direct/P2225,http://www.wikidata.org/prop/direct/P2225,2.4,2.4,cubic metre per second,16,,2024-06-30T03:49:44Z,River
http://www.wikidata.org/entity/Q3849780,Q3849780,Geography,http://www.wikidata.org/prop/direct/P2225,http://www.wikidata.org/prop/direct/P2225,0.4,0.4,cubic metre per second,2,,2022-12-13T10:57:01Z,River
http://www.wikidata.org/entity/Q15842579,Rivière Jupiter,Geography,http://www.wikidata.org/prop/direct/P2225,http://www.wikidata.org/prop/direct/P2225,20,20,cubic metre per second,6,,2024-03-12T11:31:58Z,River
http://www.wikidata.org/entity/Q4024288,Q4024288,Geography,http://www.wikidata.org/prop/direct/P2225,http://www.wikidata.org/prop/direct/P2225,0.5,0.5,cubic metre per second,2,,2024-09-28T15:35:37Z,River
http://www.wikidata.org/entity/Q13032219,Vaŭčanka,Geography,http://www.wikidata.org/prop/direct/P2225,http://www.wikidata.org/prop/direct/P2225,1.9,1.9,cubic metre per second,5,,2023-02-08T11:36:23Z,River
http://www.wikidata.org/entity/Q4478527,Ust-Pyalka,Geography,http://www.wikidata.org/prop/direct/P2225,http://www.wikidata.org/prop/direct/P2225,3.51,3.51,cubic metre per second,3,,2024-08-28T21:28:18Z,River
http://www.wikidata.org/entity/Q3720219,Yalmata,Geography,http://www.wikidata.org/prop/direct/P2225,http://www.wikidata.org/prop/direct/P2225,0.37,0.37,cubic metre per second,5,,2021-09-23T12:38:43Z,River
http://www.wikidata.org/entity/Q13032360,Q13032360,Geography,http://www.wikidata.org/prop/direct/P2225,http://www.wikidata.org/prop/direct/P2225,1.8,1.8,cubic metre per second,5,,2022-11-05T00:51:53Z,River
http://www.wikidata.org/entity/Q3887701,Ovesca,Geography,http://www.wikidata.org/prop/direct/P2225,http://www.wikidata.org/prop/direct/P2225,5.6,5.6,cubic metre per second,3,,2021-02-12T03:35:56Z,River
http://www.wikidata.org/entity/Q12871074,Chachkhuri,Geography,http://www.wikidata.org/prop/direct/P2225,http://www.wikidata.org/prop/direct/P2225,9,9,cubic metre per second,3,,2023-05-02T20:23:10Z,River
http://www.wikidata.org/entity/Q852308,Laborec,Geography,http://www.wikidata.org/prop/direct/P2225,http://www.wikidata.org/prop/direct/P2225,545,545,cubic metre per second,27,,2024-06-30T17:06:37Z,River
http://www.wikidata.org/entity/Q3773573,Gornalunga,Geography,http://www.wikidata.org/prop/direct/P2225,http://www.wikidata.org/prop/direct/P2225,5,5,cubic metre per second,4,,2024-04-07T07:55:35Z,River
http://www.wikidata.org/entity/Q3965020,Sorba,Geography,http://www.wikidata.org/prop/direct/P2225,http://www.wikidata.org/prop/direct/P2225,1.7,1.7,cubic metre per second,3,,2022-03-20T09:56:04Z,River
http://www.wikidata.org/entity/Q3849781,Derekoyka,Geography,http://www.wikidata.org/prop/direct/P2225,http://www.wikidata.org/prop/direct/P2225,0.6,0.6,cubic metre per second,7,,2022-12-23T13:02:46Z,River
http://www.wikidata.org/entity/Q12075443,Quruçay,Geography,http://www.wikidata.org/prop/direct/P2225,http://www.wikidata.org/prop/direct/P2225,6.85,6.85,cubic metre per second,6,,2024-02-15T16:04:43Z,River
http://www.wikidata.org/entity/Q5148879,Colorado River,Geography,http://www.wikidata.org/prop/direct/P2225,http://www.wikidata.org/prop/direct/P2225,30,30,cubic metre per second,3,,2021-10-30T19:06:02Z,River
http://www.wikidata.org/entity/Q980095,Nogat,Geography,http://www.wikidata.org/prop/direct/P2225,http://www.wikidata.org/prop/direct/P2225,20,20,cubic metre per second,17,,2024-10-12T09:58:43Z,River
http://www.wikidata.org/entity/Q6673218,Long Sault,Geography,http://www.wikidata.org/prop/direct/P2225,http://www.wikidata.org/prop/direct/P2225,1950,1950,cubic metre per second,3,,2022-10-19T11:36:24Z,River
http://www.wikidata.org/entity/Q6979821,Olandsån,Geography,http://www.wikidata.org/prop/direct/P2225,http://www.wikidata.org/prop/direct/P2225,6,6,cubic metre per second,7,,2024-04-13T14:40:12Z,River
http://www.wikidata.org/entity/Q4082829,Bilous,Geography,http://www.wikidata.org/prop/direct/P2225,http://www.wikidata.org/prop/direct/P2225,0.94,0.94,cubic metre per second,4,,2022-03-06T13:51:10Z,River
http://www.wikidata.org/entity/Q3743838,Fersinone,Geography,http://www.wikidata.org/prop/direct/P2225,http://www.wikidata.org/prop/direct/P2225,1.4,1.4,cubic metre per second,2,,2024-09-28T15:42:39Z,River
http://www.wikidata.org/entity/Q13479431,Rhin (Elbe),Geography,http://www.wikidata.org/prop/direct/P2225,http://www.wikidata.org/prop/direct/P2225,1.3,1.3,cubic metre per second,5,,2020-01-19T03:54:21Z,River
http://www.wikidata.org/entity/Q8051453,Yelcho River,Geography,http://www.wikidata.org/prop/direct/P2225,http://www.wikidata.org/prop/direct/P2225,735,735,cubic metre per second,14,,2024-11-27T01:15:00Z,River
http://www.wikidata.org/entity/Q4219800,Kesma,Geography,http://www.wikidata.org/prop/direct/P2225,http://www.wikidata.org/prop/direct/P2225,4.4,4.4,cubic metre per second,5,,2024-08-28T21:26:19Z,River
http://www.wikidata.org/entity/Q3827989,Lavaca River,Geography,http://www.wikidata.org/prop/direct/P2225,http://www.wikidata.org/prop/direct/P2225,1295,1295,cubic metre per second,8,,2024-06-09T10:38:04Z,River
http://www.wikidata.org/entity/Q13032193,Brodnya,Geography,http://www.wikidata.org/prop/direct/P2225,http://www.wikidata.org/prop/direct/P2225,1.4,1.4,cubic metre per second,5,,2024-09-01T20:27:53Z,River
http://www.wikidata.org/entity/Q1235462,Velino,Geography,http://www.wikidata.org/prop/direct/P2225,http://www.wikidata.org/prop/direct/P2225,60,60,cubic metre per second,15,,2024-10-08T23:21:07Z,River
http://www.wikidata.org/entity/Q4082028,Belka,Geography,http://www.wikidata.org/prop/direct/P2225,http://www.wikidata.org/prop/direct/P2225,4.61,4.61,cubic metre per second,4,,2024-01-12T19:59:05Z,River
http://www.wikidata.org/entity/Q3954958,Selvagna,Geography,http://www.wikidata.org/prop/direct/P2225,http://www.wikidata.org/prop/direct/P2225,0.5,0.5,cubic metre per second,1,,2021-03-04T22:45:52Z,River
http://www.wikidata.org/entity/Q724465,Ket,Geography,http://www.wikidata.org/prop/direct/P2225,http://www.wikidata.org/prop/direct/P2225,560,560,cubic metre per second,37,,2024-10-26T09:11:55Z,River
http://www.wikidata.org/entity/Q647489,Chienti,Geography,http://www.wikidata.org/prop/direct/P2225,http://www.wikidata.org/prop/direct/P2225,7.6,7.6,cubic metre per second,9,,2024-09-02T14:24:47Z,River
http://www.wikidata.org/entity/Q3920694,Liebiada,Geography,http://www.wikidata.org/prop/direct/P2225,http://www.wikidata.org/prop/direct/P2225,5,5,cubic metre per second,10,,2024-02-04T11:44:43Z,River
http://www.wikidata.org/entity/Q4514619,Chertanovka,Geography,http://www.wikidata.org/prop/direct/P2225,http://www.wikidata.org/prop/direct/P2225,0.032,0.03,cubic metre per second,3,,2023-02-24T08:16:26Z,River
http://www.wikidata.org/entity/Q659546,Vienne,Geography,http://www.wikidata.org/prop/direct/P2225,http://www.wikidata.org/prop/direct/P2225,210,210,cubic metre per second,42,,2024-10-21T14:35:33Z,River
http://www.wikidata.org/entity/Q1103838,Eastern Khandyga,Geography,http://www.wikidata.org/prop/direct/P2225,http://www.wikidata.org/prop/direct/P2225,40.95,40.95,cubic metre per second,9,,2024-09-16T03:32:21Z,River
http://www.wikidata.org/entity/Q4450384,Talgar,Geography,http://www.wikidata.org/prop/direct/P2225,http://www.wikidata.org/prop/direct/P2225,10.6,10.6,cubic metre per second,9,,2024-04-11T16:57:57Z,River
http://www.wikidata.org/entity/Q4137813,Gegharot River,Geography,http://www.wikidata.org/prop/direct/P2225,http://www.wikidata.org/prop/direct/P2225,0.94,0.94,cubic metre per second,7,,2024-09-27T18:35:36Z,River
http://www.wikidata.org/entity/Q3950169,Q3950169,Geography,http://www.wikidata.org/prop/direct/P2225,http://www.wikidata.org/prop/direct/P2225,0.4,0.4,cubic metre per second,1,,2021-03-04T22:46:02Z,River
http://www.wikidata.org/entity/Q12863637,Darchi-Ormeleti,Geography,http://www.wikidata.org/prop/direct/P2225,http://www.wikidata.org/prop/direct/P2225,6.41,6.41,cubic metre per second,3,,2023-04-28T11:51:00Z,River
http://www.wikidata.org/entity/Q3711880,Dittaino,Geography,http://www.wikidata.org/prop/direct/P2225,http://www.wikidata.org/prop/direct/P2225,7,7,cubic metre per second,7,,2023-07-29T13:06:33Z,River
http://www.wikidata.org/entity/Q14917091,Nača,Geography,http://www.wikidata.org/prop/direct/P2225,http://www.wikidata.org/prop/direct/P2225,2.8,2.8,cubic metre per second,7,,2024-11-25T18:02:43Z,River
http://www.wikidata.org/entity/Q4088437,Blackstone River,Geography,http://www.wikidata.org/prop/direct/P2225,http://www.wikidata.org/prop/direct/P2225,9,9,cubic metre per second,6,,2023-01-27T06:56:42Z,River
http://www.wikidata.org/entity/Q3745878,Q3745878,Geography,http://www.wikidata.org/prop/direct/P2225,http://www.wikidata.org/prop/direct/P2225,1.9,1.9,cubic metre per second,2,,2020-03-20T12:23:44Z,River
http://www.wikidata.org/entity/Q5208125,Wu River,Geography,http://www.wikidata.org/prop/direct/P2225,http://www.wikidata.org/prop/direct/P2225,15923,15923,cubic metre per second,8,,2024-03-15T06:51:53Z,River
http://www.wikidata.org/entity/Q1275618,Spokane River,Geography,http://www.wikidata.org/prop/direct/P2225,http://www.wikidata.org/prop/direct/P2225,225,225,cubic metre per second,15,,2024-11-05T15:12:22Z,River
http://www.wikidata.org/entity/Q15618259,Suraŭ,Geography,http://www.wikidata.org/prop/direct/P2225,http://www.wikidata.org/prop/direct/P2225,1.1,1.1,cubic metre per second,6,,2022-02-07T16:16:46Z,River
http://www.wikidata.org/entity/Q998866,Shuya,Geography,http://www.wikidata.org/prop/direct/P2225,http://www.wikidata.org/prop/direct/P2225,11,11,cubic metre per second,9,,2023-05-27T09:00:08Z,River
http://www.wikidata.org/entity/Q13134374,Yanka,Geography,http://www.wikidata.org/prop/direct/P2225,http://www.wikidata.org/prop/direct/P2225,3.7,3.7,cubic metre per second,6,,2024-07-10T22:57:06Z,River
http://www.wikidata.org/entity/Q954645,Little Zab,Geography,http://www.wikidata.org/prop/direct/P2225,http://www.wikidata.org/prop/direct/P2225,219,219,cubic metre per second,36,,2024-09-30T09:00:52Z,River
http://www.wikidata.org/entity/Q3830238,Q3830238,Geography,http://www.wikidata.org/prop/direct/P2225,http://www.wikidata.org/prop/direct/P2225,5,5,cubic metre per second,2,,2024-09-28T15:33:03Z,River
http://www.wikidata.org/entity/Q1262097,Dzhida,Geography,http://www.wikidata.org/prop/direct/P2225,http://www.wikidata.org/prop/direct/P2225,60,60,cubic metre per second,23,,2024-07-11T05:10:40Z,River
http://www.wikidata.org/entity/Q6475327,Volma,Geography,http://www.wikidata.org/prop/direct/P2225,http://www.wikidata.org/prop/direct/P2225,1.3,1.3,cubic metre per second,7,,2024-03-26T18:52:18Z,River
http://www.wikidata.org/entity/Q3665094,Q3665094,Geography,http://www.wikidata.org/prop/direct/P2225,http://www.wikidata.org/prop/direct/P2225,50,50,cubic metre per second,1,,2021-03-04T20:03:50Z,River
http://www.wikidata.org/entity/Q3657979,Vladaya River,Geography,http://www.wikidata.org/prop/direct/P2225,http://www.wikidata.org/prop/direct/P2225,0.65,0.65,cubic metre per second,10,,2023-11-19T17:33:24Z,River
http://www.wikidata.org/entity/Q1108672,Tunka,Geography,http://www.wikidata.org/prop/direct/P2225,http://www.wikidata.org/prop/direct/P2225,6.7,6.7,cubic metre per second,7,,2024-03-28T08:22:38Z,River
http://www.wikidata.org/entity/Q936688,Mincio,Geography,http://www.wikidata.org/prop/direct/P2225,http://www.wikidata.org/prop/direct/P2225,60,60,cubic metre per second,33,,2024-04-15T02:07:51Z,River
http://www.wikidata.org/entity/Q4011074,Q4011074,Geography,http://www.wikidata.org/prop/direct/P2225,http://www.wikidata.org/prop/direct/P2225,5,5,cubic metre per second,1,,2021-03-04T23:26:01Z,River
http://www.wikidata.org/entity/Q1117401,Ščara,Geography,http://www.wikidata.org/prop/direct/P2225,http://www.wikidata.org/prop/direct/P2225,31,31,cubic metre per second,27,,2024-09-07T09:00:05Z,River
http://www.wikidata.org/entity/Q4506675,Chagra,Geography,http://www.wikidata.org/prop/direct/P2225,http://www.wikidata.org/prop/direct/P2225,3.5,3.5,cubic metre per second,8,,2023-11-05T21:00:49Z,River
http://www.wikidata.org/entity/Q12843171,Naxçıvançay,Geography,http://www.wikidata.org/prop/direct/P2225,http://www.wikidata.org/prop/direct/P2225,5.23,5.23,cubic metre per second,12,,2024-03-31T01:39:31Z,River
http://www.wikidata.org/entity/Q3886178,Q3886178,Geography,http://www.wikidata.org/prop/direct/P2225,http://www.wikidata.org/prop/direct/P2225,3,3,cubic metre per second,1,,2024-09-28T15:30:54Z,River
http://www.wikidata.org/entity/Q4208289,Kazikumukhskoe Koysu,Geography,http://www.wikidata.org/prop/direct/P2225,http://www.wikidata.org/prop/direct/P2225,13,13,cubic metre per second,6,,2024-10-30T13:59:07Z,River
http://www.wikidata.org/entity/Q12575770,Kopa,Geography,http://www.wikidata.org/prop/direct/P2225,http://www.wikidata.org/prop/direct/P2225,1.01,1.01,cubic metre per second,3,,2024-04-03T06:17:27Z,River
http://www.wikidata.org/entity/Q907250,Dobra,Geography,http://www.wikidata.org/prop/direct/P2225,http://www.wikidata.org/prop/direct/P2225,31,31,cubic metre per second,20,,2024-09-06T21:31:50Z,River
http://www.wikidata.org/entity/Q4145310,Gorodnya,Geography,http://www.wikidata.org/prop/direct/P2225,http://www.wikidata.org/prop/direct/P2225,0.76,0.76,cubic metre per second,5,,2024-03-11T12:50:00Z,River
http://www.wikidata.org/entity/Q11889031,Polmakelva,Geography,http://www.wikidata.org/prop/direct/P2225,http://www.wikidata.org/prop/direct/P2225,8.11,8.11,cubic metre per second,3,,2023-02-07T09:27:09Z,River
http://www.wikidata.org/entity/Q12266608,Salado River,Geography,http://www.wikidata.org/prop/direct/P2225,http://www.wikidata.org/prop/direct/P2225,7.56,7.56,cubic metre per second,3,,2023-02-25T09:49:14Z,River
http://www.wikidata.org/entity/Q3951691,Scarpia,Geography,http://www.wikidata.org/prop/direct/P2225,http://www.wikidata.org/prop/direct/P2225,0.4,0.4,cubic metre per second,2,,2024-09-28T15:42:56Z,River
http://www.wikidata.org/entity/Q1003209,Buyunda,Geography,http://www.wikidata.org/prop/direct/P2225,http://www.wikidata.org/prop/direct/P2225,87.5,87.5,cubic metre per second,15,,2024-10-14T02:04:26Z,River
http://www.wikidata.org/entity/Q3874778,Nero river,Geography,http://www.wikidata.org/prop/direct/P2225,http://www.wikidata.org/prop/direct/P2225,1.5,1.5,cubic metre per second,3,,2022-12-12T14:09:13Z,River
http://www.wikidata.org/entity/Q3748927,Forzo,Geography,http://www.wikidata.org/prop/direct/P2225,http://www.wikidata.org/prop/direct/P2225,2.1,2.1,cubic metre per second,2,,2021-03-04T20:57:09Z,River
http://www.wikidata.org/entity/Q1108268,Puya,Geography,http://www.wikidata.org/prop/direct/P2225,http://www.wikidata.org/prop/direct/P2225,25,25,cubic metre per second,10,,2024-05-07T07:32:39Z,River
http://www.wikidata.org/entity/Q609648,Neto River,Geography,http://www.wikidata.org/prop/direct/P2225,http://www.wikidata.org/prop/direct/P2225,11.5,11.5,cubic metre per second,11,,2024-04-14T02:17:27Z,River
http://www.wikidata.org/entity/Q4006442,Q4006442,Geography,http://www.wikidata.org/prop/direct/P2225,http://www.wikidata.org/prop/direct/P2225,0.7,0.7,cubic metre per second,2,,2024-09-28T15:32:29Z,River
http://www.wikidata.org/entity/Q3995685,Q3995685,Geography,http://www.wikidata.org/prop/direct/P2225,http://www.wikidata.org/prop/direct/P2225,1.6,1.6,cubic metre per second,1,,2021-03-08T05:39:55Z,River
http://www.wikidata.org/entity/Q1119765,Dirillo,Geography,http://www.wikidata.org/prop/direct/P2225,http://www.wikidata.org/prop/direct/P2225,4,4,cubic metre per second,10,,2024-11-22T17:19:03Z,River
http://www.wikidata.org/entity/Q255784,Verdon,Geography,http://www.wikidata.org/prop/direct/P2225,http://www.wikidata.org/prop/direct/P2225,27.1,27.1,cubic metre per second,27,,2024-11-02T14:53:14Z,River
http://www.wikidata.org/entity/Q156054,Tocantins River,Geography,http://www.wikidata.org/prop/direct/P2225,http://www.wikidata.org/prop/direct/P2225,11364,11364,cubic metre per second,67,,2024-11-17T13:28:12Z,River
http://www.wikidata.org/entity/Q384147,Tuba,Geography,http://www.wikidata.org/prop/direct/P2225,http://www.wikidata.org/prop/direct/P2225,771,771,cubic metre per second,25,,2024-10-28T08:54:29Z,River
http://www.wikidata.org/entity/Q17952,Guadiaro,Geography,http://www.wikidata.org/prop/direct/P2225,http://www.wikidata.org/prop/direct/P2225,30,30,cubic metre per second,16,,2024-09-05T09:32:58Z,River
http://www.wikidata.org/entity/Q16669,Sado River,Geography,http://www.wikidata.org/prop/direct/P2225,http://www.wikidata.org/prop/direct/P2225,40,40,cubic metre per second,35,,2024-06-03T22:28:42Z,River
http://www.wikidata.org/entity/Q304810,Amer,Geography,http://www.wikidata.org/prop/direct/P2225,http://www.wikidata.org/prop/direct/P2225,240,240,cubic metre per second,17,,2024-04-03T05:00:14Z,River
http://www.wikidata.org/entity/Q191314,Godavari River,Geography,http://www.wikidata.org/prop/direct/P2225,http://www.wikidata.org/prop/direct/P2225,3061.18,3061.18,cubic metre per second,85,,2024-10-21T15:40:45Z,River
http://www.wikidata.org/entity/Q544318,Talfer,Geography,http://www.wikidata.org/prop/direct/P2225,http://www.wikidata.org/prop/direct/P2225,12.5,12.5,cubic metre per second,10,,2024-10-13T16:04:43Z,River
http://www.wikidata.org/entity/Q14338,Limmat,Geography,http://www.wikidata.org/prop/direct/P2225,http://www.wikidata.org/prop/direct/P2225,101,101,cubic metre per second,43,,2024-09-30T02:36:48Z,River
http://www.wikidata.org/entity/Q192567,Ili River,Geography,http://www.wikidata.org/prop/direct/P2225,http://www.wikidata.org/prop/direct/P2225,480,480,cubic metre per second,65,,2024-09-01T15:55:45Z,River
http://www.wikidata.org/entity/Q18622,Guadalentín,Geography,http://www.wikidata.org/prop/direct/P2225,http://www.wikidata.org/prop/direct/P2225,0.1,0.1,cubic metre per second,16,,2024-09-06T18:40:38Z,River
http://www.wikidata.org/entity/Q82207,Indigirka,Geography,http://www.wikidata.org/prop/direct/P2225,http://www.wikidata.org/prop/direct/P2225,1570,1570,cubic metre per second,68,,2024-10-30T13:59:38Z,River
http://www.wikidata.org/entity/Q225830,Tekes River,Geography,http://www.wikidata.org/prop/direct/P2225,http://www.wikidata.org/prop/direct/P2225,270,270,cubic metre per second,13,,2024-10-14T11:26:53Z,River
http://www.wikidata.org/entity/Q103148,Lahn,Geography,http://www.wikidata.org/prop/direct/P2225,http://www.wikidata.org/prop/direct/P2225,54,54,cubic metre per second,67,,2024-11-11T04:01:32Z,River
http://www.wikidata.org/entity/Q248496,Izh,Geography,http://www.wikidata.org/prop/direct/P2225,http://www.wikidata.org/prop/direct/P2225,34.1,34.1,cubic metre per second,32,,2024-11-18T04:45:28Z,River
http://www.wikidata.org/entity/Q192820,River Shannon,Geography,http://www.wikidata.org/prop/direct/P2225,http://www.wikidata.org/prop/direct/P2225,200,200,cubic metre per second,65,,2024-10-28T09:13:42Z,River
http://www.wikidata.org/entity/Q64532,Ustya,Geography,http://www.wikidata.org/prop/direct/P2225,http://www.wikidata.org/prop/direct/P2225,92.4,92.4,cubic metre per second,15,,2024-03-31T21:05:58Z,River
http://www.wikidata.org/entity/Q7348,Indus River,Geography,http://www.wikidata.org/prop/direct/P2225,http://www.wikidata.org/prop/direct/P2225,6600,6600,cubic metre per second,150,,2024-11-11T07:05:09Z,River
http://www.wikidata.org/entity/Q150062,Jamuna River,Geography,http://www.wikidata.org/prop/direct/P2225,http://www.wikidata.org/prop/direct/P2225,20100,20100,cubic metre per second,37,,2024-11-11T03:34:30Z,River
http://www.wikidata.org/entity/Q274784,Élorn,Geography,http://www.wikidata.org/prop/direct/P2225,http://www.wikidata.org/prop/direct/P2225,5.58,5.58,cubic metre per second,12,,2024-09-19T11:26:41Z,River
http://www.wikidata.org/entity/Q41962,Aisne,Geography,http://www.wikidata.org/prop/direct/P2225,http://www.wikidata.org/prop/direct/P2225,63,63,cubic metre per second,54,,2024-07-09T18:18:59Z,River
http://www.wikidata.org/entity/Q1673,Neckar,Geography,http://www.wikidata.org/prop/direct/P2225,http://www.wikidata.org/prop/direct/P2225,140,140,cubic metre per second,75,,2024-08-28T21:40:39Z,River
http://www.wikidata.org/entity/Q522100,Cetina,Geography,http://www.wikidata.org/prop/direct/P2225,http://www.wikidata.org/prop/direct/P2225,105,105,cubic metre per second,36,,2024-10-04T18:21:02Z,River
http://www.wikidata.org/entity/Q467419,Vetluga,Geography,http://www.wikidata.org/prop/direct/P2225,http://www.wikidata.org/prop/direct/P2225,255,255,cubic metre per second,48,,2024-08-28T21:03:26Z,River
http://www.wikidata.org/entity/Q516818,Timpton,Geography,http://www.wikidata.org/prop/direct/P2225,http://www.wikidata.org/prop/direct/P2225,560,560,cubic metre per second,21,,2024-09-16T07:23:52Z,River
http://www.wikidata.org/entity/Q3503,Congo,Geography,http://www.wikidata.org/prop/direct/P2225,http://www.wikidata.org/prop/direct/P2225,41800,41800,cubic metre per second,154,,2024-11-14T18:05:55Z,River
http://www.wikidata.org/entity/Q511067,Vasyugan,Geography,http://www.wikidata.org/prop/direct/P2225,http://www.wikidata.org/prop/direct/P2225,327.64,327.64,cubic metre per second,35,,2024-10-09T00:35:15Z,River
http://www.wikidata.org/entity/Q3569,Senegal River,Geography,http://www.wikidata.org/prop/direct/P2225,http://www.wikidata.org/prop/direct/P2225,640,640,cubic metre per second,79,,2024-11-17T02:24:47Z,River
http://www.wikidata.org/entity/Q338867,Candelaro,Geography,http://www.wikidata.org/prop/direct/P2225,http://www.wikidata.org/prop/direct/P2225,2.5,2.5,cubic metre per second,6,,2024-04-15T07:26:18Z,River
http://www.wikidata.org/entity/Q167814,Zayandeh River,Geography,http://www.wikidata.org/prop/direct/P2225,http://www.wikidata.org/prop/direct/P2225,38,38,cubic metre per second,29,,2024-04-04T02:38:19Z,River
http://www.wikidata.org/entity/Q126712,Vrbas,Geography,http://www.wikidata.org/prop/direct/P2225,http://www.wikidata.org/prop/direct/P2225,33,33,cubic metre per second,46,,2024-08-03T06:17:24Z,River
http://www.wikidata.org/entity/Q157736,Morača,Geography,http://www.wikidata.org/prop/direct/P2225,http://www.wikidata.org/prop/direct/P2225,15,15,cubic metre per second,34,,2024-08-28T20:47:41Z,River
http://www.wikidata.org/entity/Q5622,Neman,Geography,http://www.wikidata.org/prop/direct/P2225,http://www.wikidata.org/prop/direct/P2225,678,678,cubic metre per second,79,,2024-11-17T13:31:54Z,River
http://www.wikidata.org/entity/Q85956,Korozhechna,Geography,http://www.wikidata.org/prop/direct/P2225,http://www.wikidata.org/prop/direct/P2225,6,6,cubic metre per second,13,,2024-07-10T07:29:30Z,River
http://www.wikidata.org/entity/Q289638,Selizharovka,Geography,http://www.wikidata.org/prop/direct/P2225,http://www.wikidata.org/prop/direct/P2225,20,20,cubic metre per second,19,,2024-07-10T07:38:56Z,River
http://www.wikidata.org/entity/Q84309,Parasha,Geography,http://www.wikidata.org/prop/direct/P2225,http://www.wikidata.org/prop/direct/P2225,17,17,cubic metre per second,4,,2023-01-29T01:46:47Z,River
http://www.wikidata.org/entity/Q226714,Zorge,Geography,http://www.wikidata.org/prop/direct/P2225,http://www.wikidata.org/prop/direct/P2225,3.56,3.56,cubic metre per second,10,,2024-07-10T07:35:06Z,River
http://www.wikidata.org/entity/Q203409,Rioni,Geography,http://www.wikidata.org/prop/direct/P2225,http://www.wikidata.org/prop/direct/P2225,405,405,cubic metre per second,64,,2024-11-21T14:42:40Z,River
http://www.wikidata.org/entity/Q8510,Helmand River,Geography,http://www.wikidata.org/prop/direct/P2225,http://www.wikidata.org/prop/direct/P2225,78,78,cubic metre per second,62,,2024-11-22T17:31:31Z,River
http://www.wikidata.org/entity/Q304810,Amer,Geography,http://www.wikidata.org/prop/direct/P2225,http://www.wikidata.org/prop/direct/P2225,350,350,cubic metre per second,17,,2024-04-03T05:00:14Z,River
http://www.wikidata.org/entity/Q3720244,Rubas (river),Geography,http://www.wikidata.org/prop/direct/P2225,http://www.wikidata.org/prop/direct/P2225,1.01,1.01,cubic metre per second,10,,2024-10-24T08:24:55Z,River
http://www.wikidata.org/entity/Q121538,Torne River,Geography,http://www.wikidata.org/prop/direct/P2225,http://www.wikidata.org/prop/direct/P2225,380,380,cubic metre per second,42,,2024-11-30T22:15:59Z,River
http://www.wikidata.org/entity/Q3314,Eider,Geography,http://www.wikidata.org/prop/direct/P2225,http://www.wikidata.org/prop/direct/P2225,6.5,6.5,cubic metre per second,49,,2024-09-01T15:51:21Z,River
http://www.wikidata.org/entity/Q283622,Atrek River,Geography,http://www.wikidata.org/prop/direct/P2225,http://www.wikidata.org/prop/direct/P2225,9.2,9.2,cubic metre per second,35,,2024-03-01T14:27:17Z,River
http://www.wikidata.org/entity/Q14684,Luga,Geography,http://www.wikidata.org/prop/direct/P2225,http://www.wikidata.org/prop/direct/P2225,93,93,cubic metre per second,40,,2024-10-16T16:43:33Z,River
http://www.wikidata.org/entity/Q386101,Biryusa,Geography,http://www.wikidata.org/prop/direct/P2225,http://www.wikidata.org/prop/direct/P2225,349.7,349.7,cubic metre per second,30,,2024-07-11T04:17:34Z,River
http://www.wikidata.org/entity/Q74725,Kuloy,Geography,http://www.wikidata.org/prop/direct/P2225,http://www.wikidata.org/prop/direct/P2225,14.29,14.29,cubic metre per second,15,,2024-04-14T15:28:22Z,River
http://www.wikidata.org/entity/Q280650,Mayenne,Geography,http://www.wikidata.org/prop/direct/P2225,http://www.wikidata.org/prop/direct/P2225,50,50,cubic metre per second,31,,2024-09-29T15:16:39Z,River
http://www.wikidata.org/entity/Q82147,Taymyra,Geography,http://www.wikidata.org/prop/direct/P2225,http://www.wikidata.org/prop/direct/P2225,1220,1220,cubic metre per second,30,,2024-10-09T07:09:10Z,River
http://www.wikidata.org/entity/Q287438,Kokshenga,Geography,http://www.wikidata.org/prop/direct/P2225,http://www.wikidata.org/prop/direct/P2225,35.49,35.49,cubic metre per second,17,,2024-04-03T09:10:50Z,River
http://www.wikidata.org/entity/Q214768,Chulym,Geography,http://www.wikidata.org/prop/direct/P2225,http://www.wikidata.org/prop/direct/P2225,785,785,cubic metre per second,40,,2024-09-18T14:51:40Z,River
http://www.wikidata.org/entity/Q81773,Hérault,Geography,http://www.wikidata.org/prop/direct/P2225,http://www.wikidata.org/prop/direct/P2225,43.7,43.7,cubic metre per second,33,,2024-09-29T19:03:01Z,River
http://www.wikidata.org/entity/Q299994,Oyat,Geography,http://www.wikidata.org/prop/direct/P2225,http://www.wikidata.org/prop/direct/P2225,51.8,51.8,cubic metre per second,25,,2024-07-15T17:46:05Z,River
http://www.wikidata.org/entity/Q16509,Tajuña,Geography,http://www.wikidata.org/prop/direct/P2225,http://www.wikidata.org/prop/direct/P2225,1.87,1.87,cubic metre per second,18,,2024-09-03T13:17:03Z,River
http://www.wikidata.org/entity/Q35827,Río de la Plata,Geography,http://www.wikidata.org/prop/direct/P2225,http://www.wikidata.org/prop/direct/P2225,22000,22000,cubic metre per second,85,,2024-11-04T00:36:30Z,River
http://www.wikidata.org/entity/Q546793,Molopo River,Geography,http://www.wikidata.org/prop/direct/P2225,http://www.wikidata.org/prop/direct/P2225,1,1,cubic metre per second,28,,2024-08-28T21:02:58Z,River
http://www.wikidata.org/entity/Q212221,Agogna,Geography,http://www.wikidata.org/prop/direct/P2225,http://www.wikidata.org/prop/direct/P2225,21.8,21.8,cubic metre per second,19,,2024-08-15T20:00:38Z,River
http://www.wikidata.org/entity/Q217524,Enns,Geography,http://www.wikidata.org/prop/direct/P2225,http://www.wikidata.org/prop/direct/P2225,195,195,cubic metre per second,50,,2024-09-01T15:58:54Z,River
http://www.wikidata.org/entity/Q517670,Emba River,Geography,http://www.wikidata.org/prop/direct/P2225,http://www.wikidata.org/prop/direct/P2225,17.5,17.5,cubic metre per second,39,,2024-06-09T08:46:28Z,River
http://www.wikidata.org/entity/Q53484,Syas,Geography,http://www.wikidata.org/prop/direct/P2225,http://www.wikidata.org/prop/direct/P2225,53,53,cubic metre per second,28,,2024-10-16T15:52:58Z,River
http://www.wikidata.org/entity/Q26358,Olyokma,Geography,http://www.wikidata.org/prop/direct/P2225,http://www.wikidata.org/prop/direct/P2225,1950,1950,cubic metre per second,45,,2024-10-02T12:19:08Z,River
http://www.wikidata.org/entity/Q394941,Agno River,Geography,http://www.wikidata.org/prop/direct/P2225,http://www.wikidata.org/prop/direct/P2225,660,660,cubic metre per second,16,,2024-04-06T22:52:15Z,River
http://www.wikidata.org/entity/Q1644,Elbe,Geography,http://www.wikidata.org/prop/direct/P2225,http://www.wikidata.org/prop/direct/P2225,711,711,cubic metre per second,119,,2024-11-14T21:10:51Z,River
http://www.wikidata.org/entity/Q470525,Amguema,Geography,http://www.wikidata.org/prop/direct/P2225,http://www.wikidata.org/prop/direct/P2225,267,267,cubic metre per second,23,,2024-10-07T10:17:19Z,River
http://www.wikidata.org/entity/Q317036,Regen,Geography,http://www.wikidata.org/prop/direct/P2225,http://www.wikidata.org/prop/direct/P2225,35,35,cubic metre per second,35,,2024-04-02T18:45:38Z,River
http://www.wikidata.org/entity/Q26390,Anadyr,Geography,http://www.wikidata.org/prop/direct/P2225,http://www.wikidata.org/prop/direct/P2225,2160,2160,cubic metre per second,57,,2024-10-15T07:18:18Z,River
http://www.wikidata.org/entity/Q161051,Leine,Geography,http://www.wikidata.org/prop/direct/P2225,http://www.wikidata.org/prop/direct/P2225,53,53,cubic metre per second,35,,2024-11-04T00:34:07Z,River
http://www.wikidata.org/entity/Q973,Ob,Geography,http://www.wikidata.org/prop/direct/P2225,http://www.wikidata.org/prop/direct/P2225,12492,12492,cubic metre per second,108,,2024-11-10T06:14:21Z,River
http://www.wikidata.org/entity/Q202796,Desna,Geography,http://www.wikidata.org/prop/direct/P2225,http://www.wikidata.org/prop/direct/P2225,360,360,cubic metre per second,64,,2024-09-03T08:38:31Z,River
http://www.wikidata.org/entity/Q14755,Tormes,Geography,http://www.wikidata.org/prop/direct/P2225,http://www.wikidata.org/prop/direct/P2225,42.43,42.43,cubic metre per second,31,,2024-10-14T11:12:22Z,River
http://www.wikidata.org/entity/Q403175,Ay,Geography,http://www.wikidata.org/prop/direct/P2225,http://www.wikidata.org/prop/direct/P2225,84,84,cubic metre per second,30,,2024-11-18T02:52:56Z,River
http://www.wikidata.org/entity/Q643,Po,Geography,http://www.wikidata.org/prop/direct/P2225,http://www.wikidata.org/prop/direct/P2225,1460,1460,cubic metre per second,106,,2024-10-25T15:47:59Z,River
http://www.wikidata.org/entity/Q71609,Salto (river),Geography,http://www.wikidata.org/prop/direct/P2225,http://www.wikidata.org/prop/direct/P2225,15,15,cubic metre per second,5,,2024-02-13T22:05:59Z,River
http://www.wikidata.org/entity/Q13032285,Žaduń,Geography,http://www.wikidata.org/prop/direct/P2225,http://www.wikidata.org/prop/direct/P2225,2.7,2.7,cubic metre per second,6,,2023-01-03T18:24:06Z,River
http://www.wikidata.org/entity/Q220839,Luvua River,Geography,http://www.wikidata.org/prop/direct/P2225,http://www.wikidata.org/prop/direct/P2225,600,600,cubic metre per second,24,,2024-10-02T17:14:07Z,River
http://www.wikidata.org/entity/Q171436,Uele,Geography,http://www.wikidata.org/prop/direct/P2225,http://www.wikidata.org/prop/direct/P2225,1530,1530,cubic metre per second,36,,2024-10-26T17:17:04Z,River
http://www.wikidata.org/entity/Q10965,Ebro,Geography,http://www.wikidata.org/prop/direct/P2225,http://www.wikidata.org/prop/direct/P2225,426,426,cubic metre per second,87,,2024-11-25T19:31:48Z,River
http://www.wikidata.org/entity/Q3934260,Ribordone,Geography,http://www.wikidata.org/prop/direct/P2225,http://www.wikidata.org/prop/direct/P2225,1.3,1.3,cubic metre per second,2,,2021-03-04T22:35:35Z,River
http://www.wikidata.org/entity/Q26439,Argun River,Geography,http://www.wikidata.org/prop/direct/P2225,http://www.wikidata.org/prop/direct/P2225,186,186,cubic metre per second,65,,2024-10-26T18:17:34Z,River
http://www.wikidata.org/entity/Q6434,Fulda,Geography,http://www.wikidata.org/prop/direct/P2225,http://www.wikidata.org/prop/direct/P2225,67,67,cubic metre per second,48,,2024-10-09T00:30:57Z,River
http://www.wikidata.org/entity/Q247622,Mezenskaya Pizhma,Geography,http://www.wikidata.org/prop/direct/P2225,http://www.wikidata.org/prop/direct/P2225,41.9,41.9,cubic metre per second,16,,2024-04-15T05:10:48Z,River
http://www.wikidata.org/entity/Q12836216,Axıncaçay,Geography,http://www.wikidata.org/prop/direct/P2225,http://www.wikidata.org/prop/direct/P2225,7.3,7.3,cubic metre per second,5,,2024-04-13T06:48:48Z,River
http://www.wikidata.org/entity/Q8319,Arkansas River,Geography,http://www.wikidata.org/prop/direct/P2225,http://www.wikidata.org/prop/direct/P2225,240,240,cubic metre per second,71,,2024-09-16T14:37:33Z,River
http://www.wikidata.org/entity/Q201823,Warta,Geography,http://www.wikidata.org/prop/direct/P2225,http://www.wikidata.org/prop/direct/P2225,195,195,cubic metre per second,70,,2024-11-13T09:32:53Z,River
http://www.wikidata.org/entity/Q131071,Willamette River,Geography,http://www.wikidata.org/prop/direct/P2225,http://www.wikidata.org/prop/direct/P2225,900,900,cubic metre per second,35,,2024-11-02T19:38:09Z,River
http://www.wikidata.org/entity/Q364607,Krems,Geography,http://www.wikidata.org/prop/direct/P2225,http://www.wikidata.org/prop/direct/P2225,5.9,5.9,cubic metre per second,12,,2024-04-11T23:10:32Z,River
http://www.wikidata.org/entity/Q408636,River Aire,Geography,http://www.wikidata.org/prop/direct/P2225,http://www.wikidata.org/prop/direct/P2225,35.72,35.72,cubic metre per second,36,,2024-10-27T09:07:38Z,River
http://www.wikidata.org/entity/Q217347,Indre River,Geography,http://www.wikidata.org/prop/direct/P2225,http://www.wikidata.org/prop/direct/P2225,18.7,18.7,cubic metre per second,38,,2024-09-29T14:55:25Z,River
http://www.wikidata.org/entity/Q374355,River Ouse,Geography,http://www.wikidata.org/prop/direct/P2225,http://www.wikidata.org/prop/direct/P2225,10,10,cubic metre per second,18,,2024-11-10T07:12:15Z,River
http://www.wikidata.org/entity/Q71768,Trigno,Geography,http://www.wikidata.org/prop/direct/P2225,http://www.wikidata.org/prop/direct/P2225,12.6,12.6,cubic metre per second,18,,2024-08-31T14:20:11Z,River
http://www.wikidata.org/entity/Q339990,Ljubljanica,Geography,http://www.wikidata.org/prop/direct/P2225,http://www.wikidata.org/prop/direct/P2225,25,25,cubic metre per second,43,,2024-11-10T23:24:27Z,River
http://www.wikidata.org/entity/Q81629,Valbonë,Geography,http://www.wikidata.org/prop/direct/P2225,http://www.wikidata.org/prop/direct/P2225,33,33,cubic metre per second,20,,2024-07-10T07:29:18Z,River
http://www.wikidata.org/entity/Q453597,Amance,Geography,http://www.wikidata.org/prop/direct/P2225,http://www.wikidata.org/prop/direct/P2225,4.5,4.5,cubic metre per second,10,,2023-01-28T22:46:57Z,River
http://www.wikidata.org/entity/Q35591,Tigris,Geography,http://www.wikidata.org/prop/direct/P2225,http://www.wikidata.org/prop/direct/P2225,1014,1014,cubic metre per second,122,,2024-11-07T18:41:41Z,River
http://www.wikidata.org/entity/Q194946,Viled,Geography,http://www.wikidata.org/prop/direct/P2225,http://www.wikidata.org/prop/direct/P2225,42.7,42.7,cubic metre per second,17,,2024-06-12T22:06:03Z,River
http://www.wikidata.org/entity/Q182969,Tavignano,Geography,http://www.wikidata.org/prop/direct/P2225,http://www.wikidata.org/prop/direct/P2225,11.7,11.7,cubic metre per second,20,,2024-07-11T04:06:15Z,River
http://www.wikidata.org/entity/Q515291,Retrone,Geography,http://www.wikidata.org/prop/direct/P2225,http://www.wikidata.org/prop/direct/P2225,4.129,4.13,cubic metre per second,4,,2023-01-29T02:01:58Z,River
http://www.wikidata.org/entity/Q187834,Saône,Geography,http://www.wikidata.org/prop/direct/P2225,http://www.wikidata.org/prop/direct/P2225,473,473,cubic metre per second,66,,2024-11-20T10:03:23Z,River
http://www.wikidata.org/entity/Q503723,Cassarate,Geography,http://www.wikidata.org/prop/direct/P2225,http://www.wikidata.org/prop/direct/P2225,2.6,2.6,cubic metre per second,13,,2024-04-06T20:22:24Z,River
http://www.wikidata.org/entity/Q216627,Dalälven,Geography,http://www.wikidata.org/prop/direct/P2225,http://www.wikidata.org/prop/direct/P2225,350,350,cubic metre per second,40,,2024-09-16T21:08:46Z,River
http://www.wikidata.org/entity/Q1598984,Jihlava,Geography,http://www.wikidata.org/prop/direct/P2225,http://www.wikidata.org/prop/direct/P2225,12,12,cubic metre per second,24,,2024-09-15T17:53:51Z,River
http://www.wikidata.org/entity/Q639374,Wupper,Geography,http://www.wikidata.org/prop/direct/P2225,http://www.wikidata.org/prop/direct/P2225,17,17,cubic metre per second,28,,2024-11-12T06:18:02Z,River
http://www.wikidata.org/entity/Q875573,Han River,Geography,http://www.wikidata.org/prop/direct/P2225,http://www.wikidata.org/prop/direct/P2225,2156,2156,cubic metre per second,39,,2024-09-01T16:25:54Z,River
http://www.wikidata.org/entity/Q2361888,Ushayka,Geography,http://www.wikidata.org/prop/direct/P2225,http://www.wikidata.org/prop/direct/P2225,4.35,4.35,cubic metre per second,11,,2024-04-05T07:24:17Z,River
http://www.wikidata.org/entity/Q2741927,Aulnois,Geography,http://www.wikidata.org/prop/direct/P2225,http://www.wikidata.org/prop/direct/P2225,2.1,2.1,cubic metre per second,8,,2024-04-09T04:02:27Z,River
http://www.wikidata.org/entity/Q829444,Nisqually River,Geography,http://www.wikidata.org/prop/direct/P2225,http://www.wikidata.org/prop/direct/P2225,41,41,cubic metre per second,9,,2024-09-09T07:52:11Z,River
http://www.wikidata.org/entity/Q857676,Lule River,Geography,http://www.wikidata.org/prop/direct/P2225,http://www.wikidata.org/prop/direct/P2225,515,515,cubic metre per second,35,,2024-11-26T23:29:55Z,River
http://www.wikidata.org/entity/Q1259188,White Volta,Geography,http://www.wikidata.org/prop/direct/P2225,http://www.wikidata.org/prop/direct/P2225,249,249,cubic metre per second,33,,2024-08-28T21:05:56Z,River
http://www.wikidata.org/entity/Q973135,Nam Ou,Geography,http://www.wikidata.org/prop/direct/P2225,http://www.wikidata.org/prop/direct/P2225,389.3,389.3,cubic metre per second,20,,2024-11-08T22:05:26Z,River
http://www.wikidata.org/entity/Q598072,Curuá River,Geography,http://www.wikidata.org/prop/direct/P2225,http://www.wikidata.org/prop/direct/P2225,129.23,129.23,cubic metre per second,11,,2023-02-15T19:30:38Z,River
http://www.wikidata.org/entity/Q993722,Guiers,Geography,http://www.wikidata.org/prop/direct/P2225,http://www.wikidata.org/prop/direct/P2225,16,16,cubic metre per second,10,,2023-02-23T12:24:08Z,River
http://www.wikidata.org/entity/Q676887,Poschiavino,Geography,http://www.wikidata.org/prop/direct/P2225,http://www.wikidata.org/prop/direct/P2225,3.5,3.5,cubic metre per second,16,,2024-09-08T15:36:23Z,River
http://www.wikidata.org/entity/Q879306,Bièvre,Geography,http://www.wikidata.org/prop/direct/P2225,http://www.wikidata.org/prop/direct/P2225,0.2,0.2,cubic metre per second,19,,2024-03-28T04:15:10Z,River
http://www.wikidata.org/entity/Q1074898,Chara,Geography,http://www.wikidata.org/prop/direct/P2225,http://www.wikidata.org/prop/direct/P2225,638.83,638.83,cubic metre per second,27,,2024-11-23T23:13:57Z,River
http://www.wikidata.org/entity/Q1399887,Strona,Geography,http://www.wikidata.org/prop/direct/P2225,http://www.wikidata.org/prop/direct/P2225,12.5,12.5,cubic metre per second,11,,2024-07-10T08:41:07Z,River
http://www.wikidata.org/entity/Q1370821,Estéron,Geography,http://www.wikidata.org/prop/direct/P2225,http://www.wikidata.org/prop/direct/P2225,6.96,6.96,cubic metre per second,14,,2024-04-13T22:29:48Z,River
http://www.wikidata.org/entity/Q754718,Durance,Geography,http://www.wikidata.org/prop/direct/P2225,http://www.wikidata.org/prop/direct/P2225,180,180,cubic metre per second,45,,2024-12-01T15:36:32Z,River
http://www.wikidata.org/entity/Q3508683,Zimnyaya Zolotitsa,Geography,http://www.wikidata.org/prop/direct/P2225,http://www.wikidata.org/prop/direct/P2225,22.7,22.7,cubic metre per second,9,,2024-11-05T11:47:13Z,River
http://www.wikidata.org/entity/Q659526,Orne,Geography,http://www.wikidata.org/prop/direct/P2225,http://www.wikidata.org/prop/direct/P2225,27.5,27.5,cubic metre per second,36,,2024-09-29T19:16:22Z,River
http://www.wikidata.org/entity/Q600166,Urup,Geography,http://www.wikidata.org/prop/direct/P2225,http://www.wikidata.org/prop/direct/P2225,16.5,16.5,cubic metre per second,25,,2024-11-25T09:43:27Z,River
http://www.wikidata.org/entity/Q630567,Nara,Geography,http://www.wikidata.org/prop/direct/P2225,http://www.wikidata.org/prop/direct/P2225,5.5,5.5,cubic metre per second,29,,2024-09-18T22:11:00Z,River
http://www.wikidata.org/entity/Q1344826,Ostyor,Geography,http://www.wikidata.org/prop/direct/P2225,http://www.wikidata.org/prop/direct/P2225,20.8,20.8,cubic metre per second,19,,2024-04-02T09:42:17Z,River
http://www.wikidata.org/entity/Q1648816,Chapaevka,Geography,http://www.wikidata.org/prop/direct/P2225,http://www.wikidata.org/prop/direct/P2225,2.53,2.53,cubic metre per second,19,,2024-03-04T12:22:36Z,River
http://www.wikidata.org/entity/Q2634756,Volma,Geography,http://www.wikidata.org/prop/direct/P2225,http://www.wikidata.org/prop/direct/P2225,6.7,6.7,cubic metre per second,12,,2024-09-06T00:50:21Z,River
http://www.wikidata.org/entity/Q1235154,Polcevera,Geography,http://www.wikidata.org/prop/direct/P2225,http://www.wikidata.org/prop/direct/P2225,4.81,4.81,cubic metre per second,14,,2024-07-10T08:35:30Z,River
http://www.wikidata.org/entity/Q967067,Obaĺ,Geography,http://www.wikidata.org/prop/direct/P2225,http://www.wikidata.org/prop/direct/P2225,14.9,14.9,cubic metre per second,20,,2024-03-31T03:44:34Z,River
http://www.wikidata.org/entity/Q776071,Yaque del Norte River,Geography,http://www.wikidata.org/prop/direct/P2225,http://www.wikidata.org/prop/direct/P2225,97,97,cubic metre per second,14,,2024-04-08T11:30:08Z,River
http://www.wikidata.org/entity/Q633428,Yeloguy,Geography,http://www.wikidata.org/prop/direct/P2225,http://www.wikidata.org/prop/direct/P2225,150,150,cubic metre per second,16,,2024-10-28T08:54:59Z,River
http://www.wikidata.org/entity/Q917000,River Witham,Geography,http://www.wikidata.org/prop/direct/P2225,http://www.wikidata.org/prop/direct/P2225,1.224,1.22,cubic metre per second,16,,2024-10-31T21:14:14Z,River
http://www.wikidata.org/entity/Q3045254,Igirma,Geography,http://www.wikidata.org/prop/direct/P2225,http://www.wikidata.org/prop/direct/P2225,17,17,cubic metre per second,6,,2023-01-29T00:23:09Z,River
http://www.wikidata.org/entity/Q958136,Grue,Geography,http://www.wikidata.org/prop/direct/P2225,http://www.wikidata.org/prop/direct/P2225,1.78,1.78,cubic metre per second,4,,2023-01-29T00:12:16Z,River
http://www.wikidata.org/entity/Q864697,Cheptsa,Geography,http://www.wikidata.org/prop/direct/P2225,http://www.wikidata.org/prop/direct/P2225,130,130,cubic metre per second,38,,2024-11-18T04:23:43Z,River
http://www.wikidata.org/entity/Q2626229,Urukh,Geography,http://www.wikidata.org/prop/direct/P2225,http://www.wikidata.org/prop/direct/P2225,40,40,cubic metre per second,22,,2024-11-22T07:30:50Z,River
http://www.wikidata.org/entity/Q661684,Vilnia,Geography,http://www.wikidata.org/prop/direct/P2225,http://www.wikidata.org/prop/direct/P2225,5.63,5.63,cubic metre per second,32,,2024-11-06T16:38:23Z,River
http://www.wikidata.org/entity/Q1313548,Vorona,Geography,http://www.wikidata.org/prop/direct/P2225,http://www.wikidata.org/prop/direct/P2225,41.5,41.5,cubic metre per second,21,,2024-08-13T20:57:41Z,River
http://www.wikidata.org/entity/Q876958,Schlitz,Geography,http://www.wikidata.org/prop/direct/P2225,http://www.wikidata.org/prop/direct/P2225,3715,3715,cubic metre per second,8,,2024-04-12T23:44:33Z,River
http://www.wikidata.org/entity/Q3460995,Niman,Geography,http://www.wikidata.org/prop/direct/P2225,http://www.wikidata.org/prop/direct/P2225,224,224,cubic metre per second,10,,2024-11-17T13:32:20Z,River
http://www.wikidata.org/entity/Q731403,Maè,Geography,http://www.wikidata.org/prop/direct/P2225,http://www.wikidata.org/prop/direct/P2225,8,8,cubic metre per second,4,,2023-01-29T01:10:07Z,River
http://www.wikidata.org/entity/Q605363,Savuto,Geography,http://www.wikidata.org/prop/direct/P2225,http://www.wikidata.org/prop/direct/P2225,7.8,7.8,cubic metre per second,13,,2024-07-11T04:31:06Z,River
http://www.wikidata.org/entity/Q1817886,Allakh-Yun,Geography,http://www.wikidata.org/prop/direct/P2225,http://www.wikidata.org/prop/direct/P2225,169,169,cubic metre per second,20,,2024-04-02T08:34:22Z,River
http://www.wikidata.org/entity/Q882739,Blue Nile,Geography,http://www.wikidata.org/prop/direct/P2225,http://www.wikidata.org/prop/direct/P2225,1525.3,1525.3,cubic metre per second,88,,2024-11-29T14:09:29Z,River
http://www.wikidata.org/entity/Q1058266,Merse,Geography,http://www.wikidata.org/prop/direct/P2225,http://www.wikidata.org/prop/direct/P2225,15,15,cubic metre per second,9,,2024-04-11T07:44:55Z,River
http://www.wikidata.org/entity/Q1369002,Maroni,Geography,http://www.wikidata.org/prop/direct/P2225,http://www.wikidata.org/prop/direct/P2225,1700,1700,cubic metre per second,28,,2024-11-28T17:31:22Z,River
http://www.wikidata.org/entity/Q2995260,Cherek,Geography,http://www.wikidata.org/prop/direct/P2225,http://www.wikidata.org/prop/direct/P2225,39.5,39.5,cubic metre per second,17,,2023-09-16T11:20:53Z,River
http://www.wikidata.org/entity/Q776155,Paranaíba River,Geography,http://www.wikidata.org/prop/direct/P2225,http://www.wikidata.org/prop/direct/P2225,1505,1505,cubic metre per second,29,,2024-08-28T21:05:23Z,River
http://www.wikidata.org/entity/Q1920731,Velikaya,Geography,http://www.wikidata.org/prop/direct/P2225,http://www.wikidata.org/prop/direct/P2225,409,409,cubic metre per second,22,,2024-11-18T05:03:28Z,River
http://www.wikidata.org/entity/Q1780323,Musa Qala River,Geography,http://www.wikidata.org/prop/direct/P2225,http://www.wikidata.org/prop/direct/P2225,12.5,12.5,cubic metre per second,4,,2023-01-29T01:28:10Z,River
http://www.wikidata.org/entity/Q1076232,Ekityki,Geography,http://www.wikidata.org/prop/direct/P2225,http://www.wikidata.org/prop/direct/P2225,125,125,cubic metre per second,10,,2024-10-07T10:17:20Z,River
http://www.wikidata.org/entity/Q1145293,Yeşilırmak River,Geography,http://www.wikidata.org/prop/direct/P2225,http://www.wikidata.org/prop/direct/P2225,150,150,cubic metre per second,35,,2024-09-21T07:42:45Z,River
http://www.wikidata.org/entity/Q969496,Esino,Geography,http://www.wikidata.org/prop/direct/P2225,http://www.wikidata.org/prop/direct/P2225,15,15,cubic metre per second,19,,2024-04-10T03:06:56Z,River
http://www.wikidata.org/entity/Q1108368,Kungus,Geography,http://www.wikidata.org/prop/direct/P2225,http://www.wikidata.org/prop/direct/P2225,37.1,37.1,cubic metre per second,8,,2024-04-13T08:37:18Z,River
http://www.wikidata.org/entity/Q1199792,Yobe River,Geography,http://www.wikidata.org/prop/direct/P2225,http://www.wikidata.org/prop/direct/P2225,15,15,cubic metre per second,19,,2024-08-30T14:07:41Z,River
http://www.wikidata.org/entity/Q3444760,Atabapo River,Geography,http://www.wikidata.org/prop/direct/P2225,http://www.wikidata.org/prop/direct/P2225,700,700,cubic metre per second,14,,2024-07-08T03:01:22Z,River
http://www.wikidata.org/entity/Q1893265,Pánuco River,Geography,http://www.wikidata.org/prop/direct/P2225,http://www.wikidata.org/prop/direct/P2225,481,481,cubic metre per second,19,,2024-10-11T17:29:25Z,River
http://www.wikidata.org/entity/Q604405,Ubaye,Geography,http://www.wikidata.org/prop/direct/P2225,http://www.wikidata.org/prop/direct/P2225,10.9,10.9,cubic metre per second,13,,2024-04-08T04:05:31Z,River
http://www.wikidata.org/entity/Q894199,Borzya River,Geography,http://www.wikidata.org/prop/direct/P2225,http://www.wikidata.org/prop/direct/P2225,2.8,2.8,cubic metre per second,17,,2024-10-14T03:22:43Z,River
http://www.wikidata.org/entity/Q3257659,Lobva,Geography,http://www.wikidata.org/prop/direct/P2225,http://www.wikidata.org/prop/direct/P2225,20.1,20.1,cubic metre per second,6,,2023-02-23T12:51:41Z,River
http://www.wikidata.org/entity/Q1312072,Chumysh,Geography,http://www.wikidata.org/prop/direct/P2225,http://www.wikidata.org/prop/direct/P2225,146,146,cubic metre per second,23,,2024-06-10T00:18:55Z,River
http://www.wikidata.org/entity/Q784682,Sozh,Geography,http://www.wikidata.org/prop/direct/P2225,http://www.wikidata.org/prop/direct/P2225,207,207,cubic metre per second,39,,2024-11-15T06:49:18Z,River
http://www.wikidata.org/entity/Q3458570,Palena River,Geography,http://www.wikidata.org/prop/direct/P2225,http://www.wikidata.org/prop/direct/P2225,130,130,cubic metre per second,13,,2024-07-11T06:16:35Z,River
http://www.wikidata.org/entity/Q2030435,Oria,Geography,http://www.wikidata.org/prop/direct/P2225,http://www.wikidata.org/prop/direct/P2225,22.95,22.95,cubic metre per second,17,,2024-04-12T21:49:51Z,River
http://www.wikidata.org/entity/Q2000563,Khanui River,Geography,http://www.wikidata.org/prop/direct/P2225,http://www.wikidata.org/prop/direct/P2225,20,20,cubic metre per second,13,,2023-05-29T02:01:41Z,River
http://www.wikidata.org/entity/Q1338024,Klarälven,Geography,http://www.wikidata.org/prop/direct/P2225,http://www.wikidata.org/prop/direct/P2225,165,165,cubic metre per second,35,,2024-10-11T05:56:19Z,River
http://www.wikidata.org/entity/Q1325664,Tusciano,Geography,http://www.wikidata.org/prop/direct/P2225,http://www.wikidata.org/prop/direct/P2225,0.3,0.3,cubic metre per second,8,,2024-11-08T08:14:56Z,River
http://www.wikidata.org/entity/Q1364584,River Ness,Geography,http://www.wikidata.org/prop/direct/P2225,http://www.wikidata.org/prop/direct/P2225,300,300,cubic metre per second,31,,2024-06-01T14:23:11Z,River
http://www.wikidata.org/entity/Q1066857,Sitnica (Ibar),Geography,http://www.wikidata.org/prop/direct/P2225,http://www.wikidata.org/prop/direct/P2225,95,95,cubic metre per second,23,,2024-08-28T21:06:43Z,River
http://www.wikidata.org/entity/Q723864,Katun,Geography,http://www.wikidata.org/prop/direct/P2225,http://www.wikidata.org/prop/direct/P2225,626,626,cubic metre per second,42,,2024-09-01T16:15:24Z,River
http://www.wikidata.org/entity/Q611388,Huallaga River,Geography,http://www.wikidata.org/prop/direct/P2225,http://www.wikidata.org/prop/direct/P2225,3800,3800,cubic metre per second,33,,2024-07-08T19:55:44Z,River
http://www.wikidata.org/entity/Q673207,Muya,Geography,http://www.wikidata.org/prop/direct/P2225,http://www.wikidata.org/prop/direct/P2225,130,130,cubic metre per second,20,,2024-11-24T21:15:35Z,River
http://www.wikidata.org/entity/Q652052,Argun,Geography,http://www.wikidata.org/prop/direct/P2225,http://www.wikidata.org/prop/direct/P2225,45.6,45.6,cubic metre per second,34,,2024-09-01T13:11:12Z,River
http://www.wikidata.org/entity/Q1140644,Crna,Geography,http://www.wikidata.org/prop/direct/P2225,http://www.wikidata.org/prop/direct/P2225,37,37,cubic metre per second,29,,2024-08-28T21:05:52Z,River
http://www.wikidata.org/entity/Q1000027,Plaine,Geography,http://www.wikidata.org/prop/direct/P2225,http://www.wikidata.org/prop/direct/P2225,2.42,2.42,cubic metre per second,6,,2023-01-29T01:51:46Z,River
http://www.wikidata.org/entity/Q1165492,Piva,Geography,http://www.wikidata.org/prop/direct/P2225,http://www.wikidata.org/prop/direct/P2225,14,14,cubic metre per second,30,,2024-09-23T08:15:37Z,River
http://www.wikidata.org/entity/Q847517,Malaya Kokshaga,Geography,http://www.wikidata.org/prop/direct/P2225,http://www.wikidata.org/prop/direct/P2225,30,30,cubic metre per second,26,,2024-07-13T12:02:26Z,River
http://www.wikidata.org/entity/Q2569166,Dzіtva,Geography,http://www.wikidata.org/prop/direct/P2225,http://www.wikidata.org/prop/direct/P2225,8.2,8.2,cubic metre per second,13,,2024-04-08T13:44:54Z,River
http://www.wikidata.org/entity/Q3656612,Caorame river,Geography,http://www.wikidata.org/prop/direct/P2225,http://www.wikidata.org/prop/direct/P2225,4.32,4.32,cubic metre per second,3,,2022-06-15T15:02:20Z,River
http://www.wikidata.org/entity/Q2630027,Oril River,Geography,http://www.wikidata.org/prop/direct/P2225,http://www.wikidata.org/prop/direct/P2225,13.2,13.2,cubic metre per second,20,,2024-07-15T11:04:45Z,River
http://www.wikidata.org/entity/Q649696,Vendée,Geography,http://www.wikidata.org/prop/direct/P2225,http://www.wikidata.org/prop/direct/P2225,4.65,4.65,cubic metre per second,17,,2024-06-10T01:09:41Z,River
http://www.wikidata.org/entity/Q1455991,Nysa Kłodzka,Geography,http://www.wikidata.org/prop/direct/P2225,http://www.wikidata.org/prop/direct/P2225,45,45,cubic metre per second,29,,2024-08-26T02:22:06Z,River
http://www.wikidata.org/entity/Q1153425,Vruda,Geography,http://www.wikidata.org/prop/direct/P2225,http://www.wikidata.org/prop/direct/P2225,1.59,1.59,cubic metre per second,9,,2023-01-29T03:10:28Z,River
http://www.wikidata.org/entity/Q673896,Vorderrhein,Geography,http://www.wikidata.org/prop/direct/P2225,http://www.wikidata.org/prop/direct/P2225,58.3,58.3,cubic metre per second,21,,2024-08-16T15:08:07Z,River
http://www.wikidata.org/entity/Q772970,Brda,Geography,http://www.wikidata.org/prop/direct/P2225,http://www.wikidata.org/prop/direct/P2225,23.65,23.65,cubic metre per second,36,,2024-11-10T19:21:33Z,River
http://www.wikidata.org/entity/Q1143718,Cumberland River,Geography,http://www.wikidata.org/prop/direct/P2225,http://www.wikidata.org/prop/direct/P2225,862,862,cubic metre per second,36,,2024-10-04T15:24:12Z,River
http://www.wikidata.org/entity/Q1238549,Dommel,Geography,http://www.wikidata.org/prop/direct/P2225,http://www.wikidata.org/prop/direct/P2225,10.5,10.5,cubic metre per second,24,,2024-07-27T06:25:36Z,River
http://www.wikidata.org/entity/Q1033990,Kharkiv River,Geography,http://www.wikidata.org/prop/direct/P2225,http://www.wikidata.org/prop/direct/P2225,2.62,2.62,cubic metre per second,21,,2024-08-16T17:50:02Z,River
http://www.wikidata.org/entity/Q849494,Gandaki River,Geography,http://www.wikidata.org/prop/direct/P2225,http://www.wikidata.org/prop/direct/P2225,1760,1760,cubic metre per second,50,,2024-07-12T19:08:26Z,River
http://www.wikidata.org/entity/Q575695,Digul River,Geography,http://www.wikidata.org/prop/direct/P2225,http://www.wikidata.org/prop/direct/P2225,873.7,873.7,cubic metre per second,23,,2024-11-02T15:22:25Z,River
http://www.wikidata.org/entity/Q863102,Kostroma,Geography,http://www.wikidata.org/prop/direct/P2225,http://www.wikidata.org/prop/direct/P2225,71,71,cubic metre per second,39,,2024-04-20T16:53:40Z,River
http://www.wikidata.org/entity/Q880254,Irkut,Geography,http://www.wikidata.org/prop/direct/P2225,http://www.wikidata.org/prop/direct/P2225,140,140,cubic metre per second,38,,2024-11-04T19:06:25Z,River
http://www.wikidata.org/entity/Q1227787,Vara,Geography,http://www.wikidata.org/prop/direct/P2225,http://www.wikidata.org/prop/direct/P2225,16,16,cubic metre per second,10,,2023-01-29T03:03:27Z,River
http://www.wikidata.org/entity/Q584680,Cesano,Geography,http://www.wikidata.org/prop/direct/P2225,http://www.wikidata.org/prop/direct/P2225,5,5,cubic metre per second,9,,2024-09-01T16:05:53Z,River
http://www.wikidata.org/entity/Q751887,Aveyron,Geography,http://www.wikidata.org/prop/direct/P2225,http://www.wikidata.org/prop/direct/P2225,56.5,56.5,cubic metre per second,34,,2024-11-04T20:07:17Z,River
http://www.wikidata.org/entity/Q2293631,Esmeraldas River,Geography,http://www.wikidata.org/prop/direct/P2225,http://www.wikidata.org/prop/direct/P2225,31217,31217,cubic metre per second,14,,2024-08-31T06:15:45Z,River
http://www.wikidata.org/entity/Q1783725,Pahang River,Geography,http://www.wikidata.org/prop/direct/P2225,http://www.wikidata.org/prop/direct/P2225,596,596,cubic metre per second,19,,2024-06-17T08:31:03Z,River
http://www.wikidata.org/entity/Q1778017,Kobuk River,Geography,http://www.wikidata.org/prop/direct/P2225,http://www.wikidata.org/prop/direct/P2225,283,283,cubic metre per second,18,,2024-11-11T22:08:09Z,River
http://www.wikidata.org/entity/Q2003988,Senio,Geography,http://www.wikidata.org/prop/direct/P2225,http://www.wikidata.org/prop/direct/P2225,10,10,cubic metre per second,13,,2024-09-24T16:42:48Z,River
http://www.wikidata.org/entity/Q753897,Atbarah River,Geography,http://www.wikidata.org/prop/direct/P2225,http://www.wikidata.org/prop/direct/P2225,374,374,cubic metre per second,38,,2024-09-28T08:56:42Z,River
http://www.wikidata.org/entity/Q841451,Creuse,Geography,http://www.wikidata.org/prop/direct/P2225,http://www.wikidata.org/prop/direct/P2225,85,85,cubic metre per second,33,,2024-09-10T00:13:05Z,River
http://www.wikidata.org/entity/Q1016593,Burla,Geography,http://www.wikidata.org/prop/direct/P2225,http://www.wikidata.org/prop/direct/P2225,3,3,cubic metre per second,15,,2024-08-13T08:20:31Z,River
http://www.wikidata.org/entity/Q1753495,Schwarzach,Geography,http://www.wikidata.org/prop/direct/P2225,http://www.wikidata.org/prop/direct/P2225,135,135,cubic metre per second,6,,2023-04-16T20:13:12Z,River
http://www.wikidata.org/entity/Q18405280,Galvasay River,Geography,http://www.wikidata.org/prop/direct/P2225,http://www.wikidata.org/prop/direct/P2225,0.334,0.33,cubic metre per second,5,,2024-07-29T04:17:06Z,River
