entity,entityLabel,category,property,propertyLabel,value,unitLabel,sitelinks,dateCreated,dateModified,entityType
http://www.wikidata.org/entity/Q14917201,Svirkale,Geography,http://www.wikidata.org/prop/direct/P2043,http://www.wikidata.org/prop/direct/P2043,14.6,kilometre,3,,2024-11-10T09:04:29Z,River
http://www.wikidata.org/entity/Q18018148,Abuls,Geography,http://www.wikidata.org/prop/direct/P2043,http://www.wikidata.org/prop/direct/P2043,62.8,kilometre,6,,2023-03-08T13:34:44Z,River
http://www.wikidata.org/entity/Q21663547,Blīgzne,Geography,http://www.wikidata.org/prop/direct/P2043,http://www.wikidata.org/prop/direct/P2043,17.8,kilometre,2,,2024-10-01T15:54:32Z,River
http://www.wikidata.org/entity/Q35427778,Līkupe,Geography,http://www.wikidata.org/prop/direct/P2043,http://www.wikidata.org/prop/direct/P2043,46.9,kilometre,2,,2024-04-13T18:01:38Z,River
http://www.wikidata.org/entity/Q5518475,Gales Creek,Geography,http://www.wikidata.org/prop/direct/P2043,http://www.wikidata.org/prop/direct/P2043,23.5,mile,3,,2024-08-09T07:04:07Z,River
http://www.wikidata.org/entity/Q21178683,Balda,Geography,http://www.wikidata.org/prop/direct/P2043,http://www.wikidata.org/prop/direct/P2043,25.6,kilometre,3,,2024-10-29T04:04:48Z,River
http://www.wikidata.org/entity/Q713957,Archeda River,Geography,http://www.wikidata.org/prop/direct/P2043,http://www.wikidata.org/prop/direct/P2043,162,kilometre,13,,2024-07-10T08:03:52Z,River
http://www.wikidata.org/entity/Q20406175,Virga,Geography,http://www.wikidata.org/prop/direct/P2043,http://www.wikidata.org/prop/direct/P2043,36.8,kilometre,2,,2024-10-26T12:27:36Z,River
http://www.wikidata.org/entity/Q15842579,Rivière Jupiter,Geography,http://www.wikidata.org/prop/direct/P2043,http://www.wikidata.org/prop/direct/P2043,76,kilometre,6,,2024-03-12T11:31:58Z,River
http://www.wikidata.org/entity/Q629663,Ogre River,Geography,http://www.wikidata.org/prop/direct/P2043,http://www.wikidata.org/prop/direct/P2043,203,kilometre,21,,2024-09-01T23:11:58Z,River
http://www.wikidata.org/entity/Q11215581,Bērstele,Geography,http://www.wikidata.org/prop/direct/P2043,http://www.wikidata.org/prop/direct/P2043,49,kilometre,6,,2024-04-12T22:49:14Z,River
http://www.wikidata.org/entity/Q3433913,Rivière du Gouffre,Geography,http://www.wikidata.org/prop/direct/P2043,http://www.wikidata.org/prop/direct/P2043,71,kilometre,6,,2024-10-27T13:15:51Z,River
http://www.wikidata.org/entity/Q2155724,Rivière Métabetchouane,Geography,http://www.wikidata.org/prop/direct/P2043,http://www.wikidata.org/prop/direct/P2043,170,kilometre,7,,2024-09-23T12:24:30Z,River
http://www.wikidata.org/entity/Q16356875,Ziemeļsusēja,Geography,http://www.wikidata.org/prop/direct/P2043,http://www.wikidata.org/prop/direct/P2043,55.1,kilometre,3,,2024-09-01T15:29:49Z,River
http://www.wikidata.org/entity/Q28871168,Lisa,Geography,http://www.wikidata.org/prop/direct/P2043,http://www.wikidata.org/prop/direct/P2043,30,kilometre,2,,2024-07-26T09:25:54Z,River
http://www.wikidata.org/entity/Q2104928,Portage River,Geography,http://www.wikidata.org/prop/direct/P2043,http://www.wikidata.org/prop/direct/P2043,67,kilometre,4,,2024-12-01T00:27:22Z,River
http://www.wikidata.org/entity/Q4394333,Rīva River,Geography,http://www.wikidata.org/prop/direct/P2043,http://www.wikidata.org/prop/direct/P2043,63.1,kilometre,4,,2024-09-12T11:10:49Z,River
http://www.wikidata.org/entity/Q107135789,Sauna,Geography,http://www.wikidata.org/prop/direct/P2043,http://www.wikidata.org/prop/direct/P2043,39.7,kilometre,2,,2024-04-09T19:53:32Z,River
http://www.wikidata.org/entity/Q131574,Vltava,Geography,http://www.wikidata.org/prop/direct/P2043,http://www.wikidata.org/prop/direct/P2043,430,kilometre,84,,2024-11-20T18:12:03Z,River
http://www.wikidata.org/entity/Q16352803,Spāre,Geography,http://www.wikidata.org/prop/direct/P2043,http://www.wikidata.org/prop/direct/P2043,15,kilometre,2,,2024-10-24T13:48:16Z,River
http://www.wikidata.org/entity/Q3738634,Vaidava River,Geography,http://www.wikidata.org/prop/direct/P2043,http://www.wikidata.org/prop/direct/P2043,83.9,kilometre,9,,2024-08-01T07:10:39Z,River
http://www.wikidata.org/entity/Q14917198,Sesava,Geography,http://www.wikidata.org/prop/direct/P2043,http://www.wikidata.org/prop/direct/P2043,55.3,kilometre,4,,2024-10-15T18:30:56Z,River
http://www.wikidata.org/entity/Q335575,Sacramento River,Geography,http://www.wikidata.org/prop/direct/P2043,http://www.wikidata.org/prop/direct/P2043,644,kilometre,49,,2024-08-28T20:55:27Z,River
http://www.wikidata.org/entity/Q16357205,Ālande,Geography,http://www.wikidata.org/prop/direct/P2043,http://www.wikidata.org/prop/direct/P2043,28.8,kilometre,4,,2024-10-26T12:00:28Z,River
http://www.wikidata.org/entity/Q18543594,Tumšupe,Geography,http://www.wikidata.org/prop/direct/P2043,http://www.wikidata.org/prop/direct/P2043,60.2,kilometre,3,,2024-04-03T08:16:39Z,River
http://www.wikidata.org/entity/Q21481243,Q21481243,Geography,http://www.wikidata.org/prop/direct/P2043,http://www.wikidata.org/prop/direct/P2043,15.5,kilometre,2,,2024-11-10T09:02:17Z,River
http://www.wikidata.org/entity/Q27237466,Svēpaine,Geography,http://www.wikidata.org/prop/direct/P2043,http://www.wikidata.org/prop/direct/P2043,28,kilometre,2,,2024-11-14T19:47:41Z,River
http://www.wikidata.org/entity/Q13398905,Bystrica,Geography,http://www.wikidata.org/prop/direct/P2043,http://www.wikidata.org/prop/direct/P2043,23.2,kilometre,9,,2023-11-12T17:18:58Z,River
http://www.wikidata.org/entity/Q16356427,Vartaja,Geography,http://www.wikidata.org/prop/direct/P2043,http://www.wikidata.org/prop/direct/P2043,83.8,kilometre,3,,2024-10-26T12:27:52Z,River
http://www.wikidata.org/entity/Q16350285,Acupīte,Geography,http://www.wikidata.org/prop/direct/P2043,http://www.wikidata.org/prop/direct/P2043,42.3,kilometre,4,,2024-03-30T21:35:59Z,River
http://www.wikidata.org/entity/Q11009160,Sita,Geography,http://www.wikidata.org/prop/direct/P2043,http://www.wikidata.org/prop/direct/P2043,38,kilometre,5,,2024-04-07T03:43:28Z,River
http://www.wikidata.org/entity/Q16357605,Ķīšupe,Geography,http://www.wikidata.org/prop/direct/P2043,http://www.wikidata.org/prop/direct/P2043,37.8,kilometre,3,,2024-09-12T12:45:02Z,River
http://www.wikidata.org/entity/Q16351795,Arona,Geography,http://www.wikidata.org/prop/direct/P2043,http://www.wikidata.org/prop/direct/P2043,52.9,kilometre,2,,2023-06-03T06:31:39Z,River
http://www.wikidata.org/entity/Q23924694,Engure,Geography,http://www.wikidata.org/prop/direct/P2043,http://www.wikidata.org/prop/direct/P2043,28,kilometre,2,,2024-08-20T09:06:44Z,River
http://www.wikidata.org/entity/Q3511475,Audruve,Geography,http://www.wikidata.org/prop/direct/P2043,http://www.wikidata.org/prop/direct/P2043,52.9,kilometre,6,,2024-04-14T16:07:25Z,River
http://www.wikidata.org/entity/Q16348732,Palsa,Geography,http://www.wikidata.org/prop/direct/P2043,http://www.wikidata.org/prop/direct/P2043,79.9,kilometre,4,,2024-09-01T10:03:20Z,River
http://www.wikidata.org/entity/Q26981649,Lāčupe,Geography,http://www.wikidata.org/prop/direct/P2043,http://www.wikidata.org/prop/direct/P2043,37.8,kilometre,2,,2024-07-30T11:33:48Z,River
http://www.wikidata.org/entity/Q10951120,Teicija,Geography,http://www.wikidata.org/prop/direct/P2043,http://www.wikidata.org/prop/direct/P2043,17.6,kilometre,3,,2024-10-26T13:42:56Z,River
http://www.wikidata.org/entity/Q1530094,Mazā Jugla,Geography,http://www.wikidata.org/prop/direct/P2043,http://www.wikidata.org/prop/direct/P2043,131.3,kilometre,11,,2024-07-30T08:15:13Z,River
http://www.wikidata.org/entity/Q19971519,Větší Vltavice,Geography,http://www.wikidata.org/prop/direct/P2043,http://www.wikidata.org/prop/direct/P2043,22.5,kilometre,3,,2023-12-03T00:40:53Z,River
http://www.wikidata.org/entity/Q4252498,Lada,Geography,http://www.wikidata.org/prop/direct/P2043,http://www.wikidata.org/prop/direct/P2043,49.1,kilometre,4,,2023-06-23T08:01:26Z,River
http://www.wikidata.org/entity/Q34971078,Teterupe,Geography,http://www.wikidata.org/prop/direct/P2043,http://www.wikidata.org/prop/direct/P2043,19.6,kilometre,2,,2024-11-17T10:20:39Z,River
http://www.wikidata.org/entity/Q16362946,Līgupe,Geography,http://www.wikidata.org/prop/direct/P2043,http://www.wikidata.org/prop/direct/P2043,13.2,kilometre,2,,2024-10-12T05:49:50Z,River
http://www.wikidata.org/entity/Q803627,Bahra,Geography,http://www.wikidata.org/prop/direct/P2043,http://www.wikidata.org/prop/direct/P2043,18,kilometre,7,,2024-04-14T02:24:37Z,River
http://www.wikidata.org/entity/Q2131077,Ranna,Geography,http://www.wikidata.org/prop/direct/P2043,http://www.wikidata.org/prop/direct/P2043,29.41,kilometre,10,,2024-07-15T01:01:40Z,River
http://www.wikidata.org/entity/Q22432865,Rivière Ouananiche,Geography,http://www.wikidata.org/prop/direct/P2043,http://www.wikidata.org/prop/direct/P2043,10,kilometre,4,,2024-09-24T13:06:56Z,River
http://www.wikidata.org/entity/Q18543584,Nereta,Geography,http://www.wikidata.org/prop/direct/P2043,http://www.wikidata.org/prop/direct/P2043,43.2,kilometre,3,,2024-04-11T12:47:50Z,River
http://www.wikidata.org/entity/Q179444,Potomac River,Geography,http://www.wikidata.org/prop/direct/P2043,http://www.wikidata.org/prop/direct/P2043,665,kilometre,73,,2024-11-05T21:10:55Z,River
http://www.wikidata.org/entity/Q16356699,Zalvīte,Geography,http://www.wikidata.org/prop/direct/P2043,http://www.wikidata.org/prop/direct/P2043,35.3,kilometre,2,,2024-04-06T18:45:32Z,River
http://www.wikidata.org/entity/Q497411,Moravian Thaya,Geography,http://www.wikidata.org/prop/direct/P2043,http://www.wikidata.org/prop/direct/P2043,68,kilometre,13,,2024-07-11T04:23:05Z,River
http://www.wikidata.org/entity/Q3801504,Kira,Geography,http://www.wikidata.org/prop/direct/P2043,http://www.wikidata.org/prop/direct/P2043,67.9,kilometre,7,,2024-11-29T09:21:27Z,River
http://www.wikidata.org/entity/Q2424383,Šventoji,Geography,http://www.wikidata.org/prop/direct/P2043,http://www.wikidata.org/prop/direct/P2043,81.6,kilometre,12,,2024-09-01T06:43:22Z,River
http://www.wikidata.org/entity/Q22438887,Rivière Ticouapé,Geography,http://www.wikidata.org/prop/direct/P2043,http://www.wikidata.org/prop/direct/P2043,73,kilometre,5,,2024-09-23T16:20:54Z,River
http://www.wikidata.org/entity/Q16358083,Indrica,Geography,http://www.wikidata.org/prop/direct/P2043,http://www.wikidata.org/prop/direct/P2043,42.5,kilometre,4,,2024-11-26T05:08:22Z,River
http://www.wikidata.org/entity/Q26472928,Dzelda,Geography,http://www.wikidata.org/prop/direct/P2043,http://www.wikidata.org/prop/direct/P2043,17.3,kilometre,2,,2024-10-21T17:10:40Z,River
http://www.wikidata.org/entity/Q27237469,Svētaine,Geography,http://www.wikidata.org/prop/direct/P2043,http://www.wikidata.org/prop/direct/P2043,15.8,kilometre,2,,2024-11-14T21:20:40Z,River
http://www.wikidata.org/entity/Q3744927,Peetri River,Geography,http://www.wikidata.org/prop/direct/P2043,http://www.wikidata.org/prop/direct/P2043,83.3,kilometre,8,,2024-08-01T07:14:00Z,River
http://www.wikidata.org/entity/Q28966961,Rauza,Geography,http://www.wikidata.org/prop/direct/P2043,http://www.wikidata.org/prop/direct/P2043,45.1,kilometre,2,,2024-04-07T13:49:44Z,River
http://www.wikidata.org/entity/Q18018847,Braunaubach,Geography,http://www.wikidata.org/prop/direct/P2043,http://www.wikidata.org/prop/direct/P2043,42,kilometre,5,,2024-05-08T19:00:25Z,River
http://www.wikidata.org/entity/Q3511464,Apše,Geography,http://www.wikidata.org/prop/direct/P2043,http://www.wikidata.org/prop/direct/P2043,46.5,kilometre,8,,2024-10-26T12:28:45Z,River
http://www.wikidata.org/entity/Q12663125,Liepars,Geography,http://www.wikidata.org/prop/direct/P2043,http://www.wikidata.org/prop/direct/P2043,36.8,kilometre,4,,2024-04-05T07:07:58Z,River
http://www.wikidata.org/entity/Q305700,Abava River,Geography,http://www.wikidata.org/prop/direct/P2043,http://www.wikidata.org/prop/direct/P2043,134.3,kilometre,23,,2024-04-03T01:14:20Z,River
http://www.wikidata.org/entity/Q2529724,Vlára,Geography,http://www.wikidata.org/prop/direct/P2043,http://www.wikidata.org/prop/direct/P2043,42.5,kilometre,8,,2024-05-30T17:01:32Z,River
http://www.wikidata.org/entity/Q26981632,Pūre,Geography,http://www.wikidata.org/prop/direct/P2043,http://www.wikidata.org/prop/direct/P2043,11,kilometre,2,,2024-11-04T15:33:58Z,River
http://www.wikidata.org/entity/Q16353218,Briede,Geography,http://www.wikidata.org/prop/direct/P2043,http://www.wikidata.org/prop/direct/P2043,44.7,kilometre,4,,2024-04-03T22:44:06Z,River
http://www.wikidata.org/entity/Q455521,Amata River,Geography,http://www.wikidata.org/prop/direct/P2043,http://www.wikidata.org/prop/direct/P2043,83.9,kilometre,9,,2024-04-08T16:34:08Z,River
http://www.wikidata.org/entity/Q3544098,Feimanka,Geography,http://www.wikidata.org/prop/direct/P2043,http://www.wikidata.org/prop/direct/P2043,68.9,kilometre,7,,2024-09-01T06:45:01Z,River
http://www.wikidata.org/entity/Q3738689,Pērse,Geography,http://www.wikidata.org/prop/direct/P2043,http://www.wikidata.org/prop/direct/P2043,56.4,kilometre,10,,2024-11-26T06:00:54Z,River
http://www.wikidata.org/entity/Q16360257,Krievupe,Geography,http://www.wikidata.org/prop/direct/P2043,http://www.wikidata.org/prop/direct/P2043,48.7,kilometre,3,,2024-04-03T02:08:24Z,River
http://www.wikidata.org/entity/Q16362901,Līgate,Geography,http://www.wikidata.org/prop/direct/P2043,http://www.wikidata.org/prop/direct/P2043,40.1,kilometre,2,,2024-09-01T15:13:09Z,River
http://www.wikidata.org/entity/Q561452,Kalte Moldau,Geography,http://www.wikidata.org/prop/direct/P2043,http://www.wikidata.org/prop/direct/P2043,24,kilometre,12,,2024-04-13T10:12:00Z,River
http://www.wikidata.org/entity/Q10951033,Malmute,Geography,http://www.wikidata.org/prop/direct/P2043,http://www.wikidata.org/prop/direct/P2043,23.4,kilometre,3,,2024-10-25T13:25:12Z,River
http://www.wikidata.org/entity/Q50049359,Druve,Geography,http://www.wikidata.org/prop/direct/P2043,http://www.wikidata.org/prop/direct/P2043,22.6,kilometre,2,,2024-10-23T11:07:13Z,River
http://www.wikidata.org/entity/Q4394622,Rika,Geography,http://www.wikidata.org/prop/direct/P2043,http://www.wikidata.org/prop/direct/P2043,40.6,kilometre,3,,2023-10-18T09:19:08Z,River
http://www.wikidata.org/entity/Q21481230,Birztala,Geography,http://www.wikidata.org/prop/direct/P2043,http://www.wikidata.org/prop/direct/P2043,26.1,kilometre,2,,2024-09-16T17:34:59Z,River
http://www.wikidata.org/entity/Q16362163,Q16362163,Geography,http://www.wikidata.org/prop/direct/P2043,http://www.wikidata.org/prop/direct/P2043,37.6,kilometre,2,,2024-09-01T15:19:49Z,River
http://www.wikidata.org/entity/Q12671286,Riežupe,Geography,http://www.wikidata.org/prop/direct/P2043,http://www.wikidata.org/prop/direct/P2043,44.6,kilometre,4,,2024-04-06T10:33:48Z,River
http://www.wikidata.org/entity/Q16353630,Bērzaune,Geography,http://www.wikidata.org/prop/direct/P2043,http://www.wikidata.org/prop/direct/P2043,37.6,kilometre,3,,2024-08-09T05:29:14Z,River
http://www.wikidata.org/entity/Q12677415,Vilce river,Geography,http://www.wikidata.org/prop/direct/P2043,http://www.wikidata.org/prop/direct/P2043,48.7,kilometre,4,,2024-04-05T04:55:21Z,River
http://www.wikidata.org/entity/Q1777856,Raczyna,Geography,http://www.wikidata.org/prop/direct/P2043,http://www.wikidata.org/prop/direct/P2043,26,kilometre,3,,2024-10-09T20:17:05Z,River
http://www.wikidata.org/entity/Q5620656,Lielā Jugla,Geography,http://www.wikidata.org/prop/direct/P2043,http://www.wikidata.org/prop/direct/P2043,65.4,kilometre,9,,2024-05-27T14:49:04Z,River
http://www.wikidata.org/entity/Q35255856,Ponakste,Geography,http://www.wikidata.org/prop/direct/P2043,http://www.wikidata.org/prop/direct/P2043,30.6,kilometre,2,,2024-08-17T08:57:29Z,River
http://www.wikidata.org/entity/Q16353198,Brasla,Geography,http://www.wikidata.org/prop/direct/P2043,http://www.wikidata.org/prop/direct/P2043,23.8,kilometre,2,,2024-12-01T09:48:58Z,River
http://www.wikidata.org/entity/Q3489822,Dabikinė River,Geography,http://www.wikidata.org/prop/direct/P2043,http://www.wikidata.org/prop/direct/P2043,47.4,kilometre,8,,2024-11-11T01:43:01Z,River
http://www.wikidata.org/entity/Q16362973,Līčupe,Geography,http://www.wikidata.org/prop/direct/P2043,http://www.wikidata.org/prop/direct/P2043,47.5,kilometre,2,,2024-04-07T04:07:50Z,River
http://www.wikidata.org/entity/Q12769120,Klanečnica,Geography,http://www.wikidata.org/prop/direct/P2043,http://www.wikidata.org/prop/direct/P2043,25,kilometre,3,,2023-12-02T13:14:27Z,River
http://www.wikidata.org/entity/Q28966941,Šepka,Geography,http://www.wikidata.org/prop/direct/P2043,http://www.wikidata.org/prop/direct/P2043,13.9,kilometre,2,,2024-11-17T10:22:15Z,River
http://www.wikidata.org/entity/Q20406282,Zaņa,Geography,http://www.wikidata.org/prop/direct/P2043,http://www.wikidata.org/prop/direct/P2043,57.8,kilometre,2,,2024-04-05T03:11:39Z,River
http://www.wikidata.org/entity/Q16350266,Abza,Geography,http://www.wikidata.org/prop/direct/P2043,http://www.wikidata.org/prop/direct/P2043,30.8,kilometre,2,,2024-08-24T09:11:50Z,River
http://www.wikidata.org/entity/Q625603,Pedeli River,Geography,http://www.wikidata.org/prop/direct/P2043,http://www.wikidata.org/prop/direct/P2043,34,kilometre,12,,2024-07-26T05:55:17Z,River
http://www.wikidata.org/entity/Q18782096,Tebra River,Geography,http://www.wikidata.org/prop/direct/P2043,http://www.wikidata.org/prop/direct/P2043,89.4,kilometre,8,,2024-08-04T13:41:50Z,River
http://www.wikidata.org/entity/Q16362382,Liede,Geography,http://www.wikidata.org/prop/direct/P2043,http://www.wikidata.org/prop/direct/P2043,58.7,kilometre,4,,2024-03-30T21:17:50Z,River
http://www.wikidata.org/entity/Q15111808,Pomezní potok,Geography,http://www.wikidata.org/prop/direct/P2043,http://www.wikidata.org/prop/direct/P2043,2.5,kilometre,2,,2024-07-11T09:16:29Z,River
http://www.wikidata.org/entity/Q27237464,Skujaine,Geography,http://www.wikidata.org/prop/direct/P2043,http://www.wikidata.org/prop/direct/P2043,34,kilometre,2,,2024-11-03T07:27:11Z,River
http://www.wikidata.org/entity/Q16355664,Veseta,Geography,http://www.wikidata.org/prop/direct/P2043,http://www.wikidata.org/prop/direct/P2043,66.5,kilometre,3,,2024-04-11T22:45:09Z,River
http://www.wikidata.org/entity/Q20580087,Viesata,Geography,http://www.wikidata.org/prop/direct/P2043,http://www.wikidata.org/prop/direct/P2043,51.7,kilometre,2,,2024-04-13T18:12:32Z,River
http://www.wikidata.org/entity/Q23666860,Dursupe,Geography,http://www.wikidata.org/prop/direct/P2043,http://www.wikidata.org/prop/direct/P2043,39.2,kilometre,2,,2024-07-31T18:54:47Z,River
http://www.wikidata.org/entity/Q12025711,Jiříkovský potok,Geography,http://www.wikidata.org/prop/direct/P2043,http://www.wikidata.org/prop/direct/P2043,8.4,kilometre,3,,2023-12-02T11:38:49Z,River
http://www.wikidata.org/entity/Q15222894,Mergupe,Geography,http://www.wikidata.org/prop/direct/P2043,http://www.wikidata.org/prop/direct/P2043,66.7,kilometre,3,,2024-05-27T14:49:23Z,River
http://www.wikidata.org/entity/Q12674954,Tērvete River,Geography,http://www.wikidata.org/prop/direct/P2043,http://www.wikidata.org/prop/direct/P2043,70.2,kilometre,5,,2024-09-20T15:44:05Z,River
http://www.wikidata.org/entity/Q453306,Kirnitzsch,Geography,http://www.wikidata.org/prop/direct/P2043,http://www.wikidata.org/prop/direct/P2043,45.3,kilometre,15,,2024-05-28T12:00:33Z,River
http://www.wikidata.org/entity/Q1669474,Rivière Nottaway,Geography,http://www.wikidata.org/prop/direct/P2043,http://www.wikidata.org/prop/direct/P2043,225,kilometre,16,,2024-08-18T17:40:43Z,River
http://www.wikidata.org/entity/Q20504068,Plonė,Geography,http://www.wikidata.org/prop/direct/P2043,http://www.wikidata.org/prop/direct/P2043,33.2,kilometre,2,,2024-04-09T07:39:49Z,River
http://www.wikidata.org/entity/Q24451347,Dviete,Geography,http://www.wikidata.org/prop/direct/P2043,http://www.wikidata.org/prop/direct/P2043,36.5,kilometre,2,,2024-08-13T14:42:12Z,River
http://www.wikidata.org/entity/Q16362664,Lobe,Geography,http://www.wikidata.org/prop/direct/P2043,http://www.wikidata.org/prop/direct/P2043,23.8,kilometre,3,,2024-11-16T06:50:03Z,River
http://www.wikidata.org/entity/Q483607,Anacostia River,Geography,http://www.wikidata.org/prop/direct/P2043,http://www.wikidata.org/prop/direct/P2043,14,kilometre,27,,2024-10-07T07:42:52Z,River
http://www.wikidata.org/entity/Q16358306,Q16358306,Geography,http://www.wikidata.org/prop/direct/P2043,http://www.wikidata.org/prop/direct/P2043,81.6,kilometre,3,,2024-09-01T06:42:25Z,River
http://www.wikidata.org/entity/Q16351134,Ruņa River,Geography,http://www.wikidata.org/prop/direct/P2043,http://www.wikidata.org/prop/direct/P2043,40.2,kilometre,4,,2024-07-23T09:16:04Z,River
http://www.wikidata.org/entity/Q50049363,Q50049363,Geography,http://www.wikidata.org/prop/direct/P2043,http://www.wikidata.org/prop/direct/P2043,20.3,kilometre,2,,2024-11-14T18:24:13Z,River
http://www.wikidata.org/entity/Q12677842,Viršytis,Geography,http://www.wikidata.org/prop/direct/P2043,http://www.wikidata.org/prop/direct/P2043,33.8,kilometre,3,,2024-04-09T05:17:20Z,River
http://www.wikidata.org/entity/Q3433809,Sainte-Marguerite River,Geography,http://www.wikidata.org/prop/direct/P2043,http://www.wikidata.org/prop/direct/P2043,106.25,kilometre,7,,2023-02-23T20:25:41Z,River
http://www.wikidata.org/entity/Q26879475,Bebrupe,Geography,http://www.wikidata.org/prop/direct/P2043,http://www.wikidata.org/prop/direct/P2043,11.1,kilometre,2,,2024-11-02T06:06:36Z,River
http://www.wikidata.org/entity/Q16351044,Alokste,Geography,http://www.wikidata.org/prop/direct/P2043,http://www.wikidata.org/prop/direct/P2043,48.6,kilometre,2,,2023-07-13T11:45:03Z,River
http://www.wikidata.org/entity/Q3783,Amazon,Geography,http://www.wikidata.org/prop/direct/P2043,http://www.wikidata.org/prop/direct/P2043,6400,kilometre,204,,2024-11-30T16:03:13Z,River
http://www.wikidata.org/entity/Q2254512,Schwarzwasser,Geography,http://www.wikidata.org/prop/direct/P2043,http://www.wikidata.org/prop/direct/P2043,20,kilometre,6,,2023-11-24T21:15:45Z,River
http://www.wikidata.org/entity/Q16348792,Paparze,Geography,http://www.wikidata.org/prop/direct/P2043,http://www.wikidata.org/prop/direct/P2043,30.7,kilometre,2,,2024-09-29T17:15:28Z,River
http://www.wikidata.org/entity/Q16355093,Durbe,Geography,http://www.wikidata.org/prop/direct/P2043,http://www.wikidata.org/prop/direct/P2043,57.3,kilometre,4,,2024-08-04T13:40:58Z,River
http://www.wikidata.org/entity/Q2133429,Rauna,Geography,http://www.wikidata.org/prop/direct/P2043,http://www.wikidata.org/prop/direct/P2043,60.8,kilometre,5,,2023-03-30T20:45:40Z,River
http://www.wikidata.org/entity/Q16355456,Q16355456,Geography,http://www.wikidata.org/prop/direct/P2043,http://www.wikidata.org/prop/direct/P2043,19.8,kilometre,2,,2024-11-18T01:42:22Z,River
http://www.wikidata.org/entity/Q3744929,Pärlijõgi,Geography,http://www.wikidata.org/prop/direct/P2043,http://www.wikidata.org/prop/direct/P2043,44.4,kilometre,7,,2024-04-19T10:37:54Z,River
http://www.wikidata.org/entity/Q1958317,Müglitz,Geography,http://www.wikidata.org/prop/direct/P2043,http://www.wikidata.org/prop/direct/P2043,49,kilometre,11,,2024-09-16T21:46:21Z,River
http://www.wikidata.org/entity/Q4204121,Pilda,Geography,http://www.wikidata.org/prop/direct/P2043,http://www.wikidata.org/prop/direct/P2043,24.1,kilometre,3,,2024-04-15T11:23:07Z,River
http://www.wikidata.org/entity/Q15218594,Ataša,Geography,http://www.wikidata.org/prop/direct/P2043,http://www.wikidata.org/prop/direct/P2043,27.3,kilometre,2,,2024-09-24T16:09:02Z,River
http://www.wikidata.org/entity/Q22416780,Rivière du Brick,Geography,http://www.wikidata.org/prop/direct/P2043,http://www.wikidata.org/prop/direct/P2043,27,kilometre,4,,2024-03-11T13:54:17Z,River
http://www.wikidata.org/entity/Q1656989,Iecava River,Geography,http://www.wikidata.org/prop/direct/P2043,http://www.wikidata.org/prop/direct/P2043,182.7,kilometre,16,,2024-09-01T08:18:50Z,River
http://www.wikidata.org/entity/Q16356354,Ezere,Geography,http://www.wikidata.org/prop/direct/P2043,http://www.wikidata.org/prop/direct/P2043,59.3,kilometre,5,,2024-04-10T08:17:27Z,River
http://www.wikidata.org/entity/Q3511442,Virčiuvis,Geography,http://www.wikidata.org/prop/direct/P2043,http://www.wikidata.org/prop/direct/P2043,79.3,kilometre,7,,2024-04-11T05:11:03Z,River
http://www.wikidata.org/entity/Q26757915,Slampe,Geography,http://www.wikidata.org/prop/direct/P2043,http://www.wikidata.org/prop/direct/P2043,18.5,kilometre,2,,2024-09-03T08:12:53Z,River
http://www.wikidata.org/entity/Q12677158,Viesīte River,Geography,http://www.wikidata.org/prop/direct/P2043,http://www.wikidata.org/prop/direct/P2043,65.7,kilometre,5,,2024-04-15T00:33:43Z,River
http://www.wikidata.org/entity/Q1672425,Irbe,Geography,http://www.wikidata.org/prop/direct/P2043,http://www.wikidata.org/prop/direct/P2043,33.8,kilometre,9,,2024-09-12T10:53:53Z,River
http://www.wikidata.org/entity/Q26757889,Džūkste,Geography,http://www.wikidata.org/prop/direct/P2043,http://www.wikidata.org/prop/direct/P2043,24.7,kilometre,2,,2024-09-19T05:21:57Z,River
http://www.wikidata.org/entity/Q35328888,Pēterupe,Geography,http://www.wikidata.org/prop/direct/P2043,http://www.wikidata.org/prop/direct/P2043,48.6,kilometre,3,,2023-05-07T15:44:12Z,River
http://www.wikidata.org/entity/Q16349877,Puska,Geography,http://www.wikidata.org/prop/direct/P2043,http://www.wikidata.org/prop/direct/P2043,27,kilometre,2,,2024-11-24T11:25:30Z,River
http://www.wikidata.org/entity/Q4205111,Istra,Geography,http://www.wikidata.org/prop/direct/P2043,http://www.wikidata.org/prop/direct/P2043,42.9,kilometre,3,,2024-04-14T13:46:18Z,River
http://www.wikidata.org/entity/Q19963731,Kalte Pastritz,Geography,http://www.wikidata.org/prop/direct/P2043,http://www.wikidata.org/prop/direct/P2043,11.2,kilometre,2,,2023-12-03T00:39:33Z,River
http://www.wikidata.org/entity/Q4148982,Grīva,Geography,http://www.wikidata.org/prop/direct/P2043,http://www.wikidata.org/prop/direct/P2043,35,kilometre,4,,2024-08-01T10:16:06Z,River
http://www.wikidata.org/entity/Q4071825,Asunica,Geography,http://www.wikidata.org/prop/direct/P2043,http://www.wikidata.org/prop/direct/P2043,43,kilometre,5,,2024-04-08T09:45:18Z,River
http://www.wikidata.org/entity/Q20829626,Veldze River,Geography,http://www.wikidata.org/prop/direct/P2043,http://www.wikidata.org/prop/direct/P2043,30.1,kilometre,2,,2024-07-24T04:53:59Z,River
http://www.wikidata.org/entity/Q4255256,Laucesa,Geography,http://www.wikidata.org/prop/direct/P2043,http://www.wikidata.org/prop/direct/P2043,69,kilometre,7,,2024-08-10T14:48:00Z,River
http://www.wikidata.org/entity/Q2155754,Turgeon River,Geography,http://www.wikidata.org/prop/direct/P2043,http://www.wikidata.org/prop/direct/P2043,211,kilometre,7,,2023-02-26T20:27:35Z,River
http://www.wikidata.org/entity/Q1816805,Piusa River,Geography,http://www.wikidata.org/prop/direct/P2043,http://www.wikidata.org/prop/direct/P2043,109,kilometre,26,,2024-07-03T06:02:24Z,River
http://www.wikidata.org/entity/Q21481208,Bebrupe,Geography,http://www.wikidata.org/prop/direct/P2043,http://www.wikidata.org/prop/direct/P2043,30.7,kilometre,2,,2024-08-20T13:28:48Z,River
http://www.wikidata.org/entity/Q10997283,Taļķe,Geography,http://www.wikidata.org/prop/direct/P2043,http://www.wikidata.org/prop/direct/P2043,32.8,kilometre,2,,2024-07-24T03:58:20Z,River
http://www.wikidata.org/entity/Q1331973,Olza,Geography,http://www.wikidata.org/prop/direct/P2043,http://www.wikidata.org/prop/direct/P2043,99,kilometre,28,,2024-09-27T09:13:02Z,River
http://www.wikidata.org/entity/Q23054963,Usha,Geography,http://www.wikidata.org/prop/direct/P2043,http://www.wikidata.org/prop/direct/P2043,63.2,kilometre,3,,2024-04-11T18:29:31Z,River
http://www.wikidata.org/entity/Q16356410,Vārniene,Geography,http://www.wikidata.org/prop/direct/P2043,http://www.wikidata.org/prop/direct/P2043,51.9,kilometre,2,,2024-08-01T05:45:10Z,River
http://www.wikidata.org/entity/Q179251,Morava,Geography,http://www.wikidata.org/prop/direct/P2043,http://www.wikidata.org/prop/direct/P2043,388,kilometre,64,,2024-04-19T14:04:35Z,River
http://www.wikidata.org/entity/Q2300210,Švėtė,Geography,http://www.wikidata.org/prop/direct/P2043,http://www.wikidata.org/prop/direct/P2043,131.1,kilometre,18,,2024-09-20T15:43:14Z,River
http://www.wikidata.org/entity/Q16355851,Vija,Geography,http://www.wikidata.org/prop/direct/P2043,http://www.wikidata.org/prop/direct/P2043,66.5,kilometre,4,,2024-09-01T10:04:16Z,River
http://www.wikidata.org/entity/Q15975671,Poguļanka,Geography,http://www.wikidata.org/prop/direct/P2043,http://www.wikidata.org/prop/direct/P2043,23,kilometre,4,,2024-10-29T04:08:31Z,River
http://www.wikidata.org/entity/Q35344120,Lokmene,Geography,http://www.wikidata.org/prop/direct/P2043,http://www.wikidata.org/prop/direct/P2043,25.5,kilometre,2,,2024-11-30T07:22:55Z,River
http://www.wikidata.org/entity/Q7541246,Slocene,Geography,http://www.wikidata.org/prop/direct/P2043,http://www.wikidata.org/prop/direct/P2043,52.6,kilometre,7,,2024-04-13T18:02:13Z,River
http://www.wikidata.org/entity/Q10978705,Ilūkste,Geography,http://www.wikidata.org/prop/direct/P2043,http://www.wikidata.org/prop/direct/P2043,45.6,kilometre,4,,2024-04-14T01:13:12Z,River
http://www.wikidata.org/entity/Q3486539,Čeriaukštė,Geography,http://www.wikidata.org/prop/direct/P2043,http://www.wikidata.org/prop/direct/P2043,33.2,kilometre,6,,2024-03-28T08:08:07Z,River
http://www.wikidata.org/entity/Q16353806,Ciecere River,Geography,http://www.wikidata.org/prop/direct/P2043,http://www.wikidata.org/prop/direct/P2043,58.1,kilometre,5,,2023-10-19T04:11:02Z,River
http://www.wikidata.org/entity/Q16352618,Smakupe,Geography,http://www.wikidata.org/prop/direct/P2043,http://www.wikidata.org/prop/direct/P2043,23.9,kilometre,2,,2024-11-26T20:10:39Z,River
http://www.wikidata.org/entity/Q30320419,Vecslocene,Geography,http://www.wikidata.org/prop/direct/P2043,http://www.wikidata.org/prop/direct/P2043,12.3,kilometre,2,,2024-11-01T20:58:39Z,River
http://www.wikidata.org/entity/Q1427985,Laakkanal,Geography,http://www.wikidata.org/prop/direct/P2043,http://www.wikidata.org/prop/direct/P2043,4.526,metre,2,,2024-01-03T12:23:40Z,River
http://www.wikidata.org/entity/Q34958022,Jaša,Geography,http://www.wikidata.org/prop/direct/P2043,http://www.wikidata.org/prop/direct/P2043,34.1,kilometre,2,,2024-08-31T06:00:58Z,River
http://www.wikidata.org/entity/Q16362251,Līksna,Geography,http://www.wikidata.org/prop/direct/P2043,http://www.wikidata.org/prop/direct/P2043,59.2,kilometre,5,,2024-11-26T05:23:41Z,River
http://www.wikidata.org/entity/Q3541688,Rūja,Geography,http://www.wikidata.org/prop/direct/P2043,http://www.wikidata.org/prop/direct/P2043,85.3,kilometre,9,,2024-09-01T07:12:53Z,River
http://www.wikidata.org/entity/Q293570,Õhne River,Geography,http://www.wikidata.org/prop/direct/P2043,http://www.wikidata.org/prop/direct/P2043,102.5,kilometre,20,,2024-10-21T07:51:24Z,River
http://www.wikidata.org/entity/Q216950,Abakan,Geography,http://www.wikidata.org/prop/direct/P2043,http://www.wikidata.org/prop/direct/P2043,514,kilometre,45,,2024-11-29T13:27:58Z,River
http://www.wikidata.org/entity/Q5058777,Cena River,Geography,http://www.wikidata.org/prop/direct/P2043,http://www.wikidata.org/prop/direct/P2043,18.2,kilometre,7,,2024-11-14T18:23:09Z,River
http://www.wikidata.org/entity/Q27055668,Teitupīte,Geography,http://www.wikidata.org/prop/direct/P2043,http://www.wikidata.org/prop/direct/P2043,11.8,kilometre,2,,2024-10-31T05:31:13Z,River
http://www.wikidata.org/entity/Q35360861,Kaulina,Geography,http://www.wikidata.org/prop/direct/P2043,http://www.wikidata.org/prop/direct/P2043,27.8,kilometre,2,,2024-08-18T07:30:40Z,River
http://www.wikidata.org/entity/Q14917194,Platone,Geography,http://www.wikidata.org/prop/direct/P2043,http://www.wikidata.org/prop/direct/P2043,72.2,kilometre,5,,2024-09-20T15:52:07Z,River
http://www.wikidata.org/entity/Q21481199,Bikstupe,Geography,http://www.wikidata.org/prop/direct/P2043,http://www.wikidata.org/prop/direct/P2043,37,kilometre,2,,2023-09-12T15:22:19Z,River
http://www.wikidata.org/entity/Q18543581,Ķekava,Geography,http://www.wikidata.org/prop/direct/P2043,http://www.wikidata.org/prop/direct/P2043,33.4,kilometre,4,,2024-08-13T07:42:04Z,River
http://www.wikidata.org/entity/Q4422983,Slavonický potok,Geography,http://www.wikidata.org/prop/direct/P2043,http://www.wikidata.org/prop/direct/P2043,15.9,kilometre,6,,2023-12-06T21:22:41Z,River
http://www.wikidata.org/entity/Q22401370,Rivière à l'Huile,Geography,http://www.wikidata.org/prop/direct/P2043,http://www.wikidata.org/prop/direct/P2043,30,kilometre,3,,2024-03-12T12:12:14Z,River
http://www.wikidata.org/entity/Q21663593,Bruzile,Geography,http://www.wikidata.org/prop/direct/P2043,http://www.wikidata.org/prop/direct/P2043,25.2,kilometre,2,,2024-08-11T18:52:44Z,River
http://www.wikidata.org/entity/Q7240277,Liepna,Geography,http://www.wikidata.org/prop/direct/P2043,http://www.wikidata.org/prop/direct/P2043,58.3,kilometre,5,,2024-04-06T18:36:47Z,River
http://www.wikidata.org/entity/Q2664714,Böhmische Schwarzach,Geography,http://www.wikidata.org/prop/direct/P2043,http://www.wikidata.org/prop/direct/P2043,24.47,kilometre,2,,2023-11-25T04:05:05Z,River
http://www.wikidata.org/entity/Q11198962,Alūksne River,Geography,http://www.wikidata.org/prop/direct/P2043,http://www.wikidata.org/prop/direct/P2043,27.5,kilometre,3,,2024-10-29T04:03:35Z,River
http://www.wikidata.org/entity/Q21150288,Avīkne,Geography,http://www.wikidata.org/prop/direct/P2043,http://www.wikidata.org/prop/direct/P2043,28.1,kilometre,2,,2024-07-25T06:53:21Z,River
http://www.wikidata.org/entity/Q22694727,Zottbach,Geography,http://www.wikidata.org/prop/direct/P2043,http://www.wikidata.org/prop/direct/P2043,28.88,kilometre,4,,2024-01-22T23:45:42Z,River
http://www.wikidata.org/entity/Q16363350,Q16363350,Geography,http://www.wikidata.org/prop/direct/P2043,http://www.wikidata.org/prop/direct/P2043,17.9,kilometre,3,,2024-10-26T13:39:43Z,River
http://www.wikidata.org/entity/Q1470035,Merced River,Geography,http://www.wikidata.org/prop/direct/P2043,http://www.wikidata.org/prop/direct/P2043,233,kilometre,27,,2024-01-20T16:28:25Z,River
http://www.wikidata.org/entity/Q16353180,Suda,Geography,http://www.wikidata.org/prop/direct/P2043,http://www.wikidata.org/prop/direct/P2043,39.4,kilometre,2,,2023-07-13T09:39:22Z,River
http://www.wikidata.org/entity/Q1029502,Moloma,Geography,http://www.wikidata.org/prop/direct/P2043,http://www.wikidata.org/prop/direct/P2043,419,kilometre,22,,2024-11-18T04:23:22Z,River
http://www.wikidata.org/entity/Q20405758,Užava,Geography,http://www.wikidata.org/prop/direct/P2043,http://www.wikidata.org/prop/direct/P2043,64,kilometre,5,,2024-09-20T12:30:27Z,River
http://www.wikidata.org/entity/Q2741927,Aulnois,Geography,http://www.wikidata.org/prop/direct/P2043,http://www.wikidata.org/prop/direct/P2043,11.58,kilometre,8,,2024-04-09T04:02:27Z,River
http://www.wikidata.org/entity/Q14917187,Losis,Geography,http://www.wikidata.org/prop/direct/P2043,http://www.wikidata.org/prop/direct/P2043,38.2,kilometre,5,,2024-04-14T07:30:41Z,River
http://www.wikidata.org/entity/Q16358312,Īģe,Geography,http://www.wikidata.org/prop/direct/P2043,http://www.wikidata.org/prop/direct/P2043,55.4,kilometre,4,,2024-04-08T07:54:13Z,River
http://www.wikidata.org/entity/Q12679038,Zvirgzde River,Geography,http://www.wikidata.org/prop/direct/P2043,http://www.wikidata.org/prop/direct/P2043,29.8,kilometre,4,,2024-08-05T18:54:47Z,River
http://www.wikidata.org/entity/Q16356128,Vitrupe,Geography,http://www.wikidata.org/prop/direct/P2043,http://www.wikidata.org/prop/direct/P2043,48.9,kilometre,5,,2024-09-12T12:35:21Z,River
http://www.wikidata.org/entity/Q4056809,Aģe,Geography,http://www.wikidata.org/prop/direct/P2043,http://www.wikidata.org/prop/direct/P2043,44.1,kilometre,7,,2024-09-12T12:36:31Z,River
http://www.wikidata.org/entity/Q12375648,Seda,Geography,http://www.wikidata.org/prop/direct/P2043,http://www.wikidata.org/prop/direct/P2043,67.6,kilometre,11,,2024-06-09T00:24:19Z,River
http://www.wikidata.org/entity/Q3392,Nile,Geography,http://www.wikidata.org/prop/direct/P2043,http://www.wikidata.org/prop/direct/P2043,6650,kilometre,229,,2024-11-25T08:36:12Z,River
http://www.wikidata.org/entity/Q854581,Bečva,Geography,http://www.wikidata.org/prop/direct/P2043,http://www.wikidata.org/prop/direct/P2043,8.7,kilometre,5,,2024-08-26T02:43:26Z,River
http://www.wikidata.org/entity/Q14917181,Kumpota,Geography,http://www.wikidata.org/prop/direct/P2043,http://www.wikidata.org/prop/direct/P2043,18.4,kilometre,3,,2024-07-26T09:17:59Z,River
http://www.wikidata.org/entity/Q2826139,Q2826139,Geography,http://www.wikidata.org/prop/direct/P2043,http://www.wikidata.org/prop/direct/P2043,14.2,kilometre,3,,2024-10-07T10:48:42Z,River
http://www.wikidata.org/entity/Q23059167,Sprincupe,Geography,http://www.wikidata.org/prop/direct/P2043,http://www.wikidata.org/prop/direct/P2043,16.3,kilometre,2,,2024-11-14T21:19:42Z,River
http://www.wikidata.org/entity/Q3511505,Īslīce,Geography,http://www.wikidata.org/prop/direct/P2043,http://www.wikidata.org/prop/direct/P2043,60.7,kilometre,7,,2023-01-11T20:23:33Z,River
http://www.wikidata.org/entity/Q26472941,Lētīža,Geography,http://www.wikidata.org/prop/direct/P2043,http://www.wikidata.org/prop/direct/P2043,40.4,kilometre,3,,2023-09-22T04:32:56Z,River
http://www.wikidata.org/entity/Q5248676,Nereta,Geography,http://www.wikidata.org/prop/direct/P2043,http://www.wikidata.org/prop/direct/P2043,28.5,kilometre,5,,2024-09-21T12:50:20Z,River
http://www.wikidata.org/entity/Q16351202,Amula,Geography,http://www.wikidata.org/prop/direct/P2043,http://www.wikidata.org/prop/direct/P2043,60.7,kilometre,3,,2023-07-20T08:22:32Z,River
http://www.wikidata.org/entity/Q16353305,Svētupe,Geography,http://www.wikidata.org/prop/direct/P2043,http://www.wikidata.org/prop/direct/P2043,58.2,kilometre,6,,2024-09-12T12:34:37Z,River
http://www.wikidata.org/entity/Q16362680,Loja,Geography,http://www.wikidata.org/prop/direct/P2043,http://www.wikidata.org/prop/direct/P2043,24.9,kilometre,3,,2024-08-28T06:09:52Z,River
